Data,Interval,Pret mediu [lei/MWh],Rezolutie
2025-01-01,1,690.22,PT60M
2025-01-01,2,667.14,PT60M
2025-01-01,3,619.16,PT60M
2025-01-01,4,420.39,PT60M
2025-01-01,5,319.89,PT60M
2025-01-01,6,331.93,PT60M
2025-01-01,7,310.62,PT60M
2025-01-01,8,282.56,PT60M
2025-01-01,9,145.40,PT60M
2025-01-01,10,206.18,PT60M
2025-01-01,11,144.22,PT60M
2025-01-01,12,163.24,PT60M
2025-01-01,13,181.92,PT60M
2025-01-01,14,264.59,PT60M
2025-01-01,15,332.43,PT60M
2025-01-01,16,450.40,PT60M
2025-01-01,17,601.08,PT60M
2025-01-01,18,723.40,PT60M
2025-01-01,19,707.15,PT60M
2025-01-01,20,744.24,PT60M
2025-01-01,21,694.80,PT60M
2025-01-01,22,653.89,PT60M
2025-01-01,23,535.46,PT60M
2025-01-01,24,323.98,PT60M
2025-01-02,1,283.85,PT60M
2025-01-02,2,337.24,PT60M
2025-01-02,3,351.49,PT60M
2025-01-02,4,226.89,PT60M
2025-01-02,5,262.05,PT60M
2025-01-02,6,362.30,PT60M
2025-01-02,7,570.77,PT60M
2025-01-02,8,691.41,PT60M
2025-01-02,9,642.02,PT60M
2025-01-02,10,645.54,PT60M
2025-01-02,11,638.42,PT60M
2025-01-02,12,612.58,PT60M
2025-01-02,13,606.53,PT60M
2025-01-02,14,578.47,PT60M
2025-01-02,15,619.30,PT60M
2025-01-02,16,647.20,PT60M
2025-01-02,17,794.07,PT60M
2025-01-02,18,845.60,PT60M
2025-01-02,19,794.07,PT60M
2025-01-02,20,794.07,PT60M
2025-01-02,21,652.57,PT60M
2025-01-02,22,615.79,PT60M
2025-01-02,23,581.02,PT60M
2025-01-02,24,476.23,PT60M
2025-01-03,1,512.60,PT60M
2025-01-03,2,465.37,PT60M
2025-01-03,3,442.15,PT60M
2025-01-03,4,432.20,PT60M
2025-01-03,5,417.85,PT60M
2025-01-03,6,453.17,PT60M
2025-01-03,7,553.21,PT60M
2025-01-03,8,701.37,PT60M
2025-01-03,9,704.73,PT60M
2025-01-03,10,682.89,PT60M
2025-01-03,11,614.73,PT60M
2025-01-03,12,548.87,PT60M
2025-01-03,13,548.85,PT60M
2025-01-03,14,542.75,PT60M
2025-01-03,15,581.96,PT60M
2025-01-03,16,657.58,PT60M
2025-01-03,17,786.16,PT60M
2025-01-03,18,756.06,PT60M
2025-01-03,19,746.12,PT60M
2025-01-03,20,744.42,PT60M
2025-01-03,21,686.87,PT60M
2025-01-03,22,607.46,PT60M
2025-01-03,23,644.52,PT60M
2025-01-03,24,616.38,PT60M
2025-01-04,1,552.02,PT60M
2025-01-04,2,522.72,PT60M
2025-01-04,3,491.48,PT60M
2025-01-04,4,484.17,PT60M
2025-01-04,5,492.89,PT60M
2025-01-04,6,519.87,PT60M
2025-01-04,7,555.87,PT60M
2025-01-04,8,641.60,PT60M
2025-01-04,9,638.62,PT60M
2025-01-04,10,650.37,PT60M
2025-01-04,11,648.34,PT60M
2025-01-04,12,638.14,PT60M
2025-01-04,13,646.78,PT60M
2025-01-04,14,645.89,PT60M
2025-01-04,15,678.47,PT60M
2025-01-04,16,715.94,PT60M
2025-01-04,17,953.45,PT60M
2025-01-04,18,941.40,PT60M
2025-01-04,19,950.05,PT60M
2025-01-04,20,956.67,PT60M
2025-01-04,21,796.78,PT60M
2025-01-04,22,762.48,PT60M
2025-01-04,23,731.58,PT60M
2025-01-04,24,606.80,PT60M
2025-01-05,1,560.28,PT60M
2025-01-05,2,548.95,PT60M
2025-01-05,3,477.87,PT60M
2025-01-05,4,472.38,PT60M
2025-01-05,5,466.95,PT60M
2025-01-05,6,449.38,PT60M
2025-01-05,7,462.02,PT60M
2025-01-05,8,576.38,PT60M
2025-01-05,9,486.93,PT60M
2025-01-05,10,495.09,PT60M
2025-01-05,11,475.15,PT60M
2025-01-05,12,498.84,PT60M
2025-01-05,13,481.18,PT60M
2025-01-05,14,519.83,PT60M
2025-01-05,15,574.04,PT60M
2025-01-05,16,705.04,PT60M
2025-01-05,17,1076.55,PT60M
2025-01-05,18,921.26,PT60M
2025-01-05,19,820.86,PT60M
2025-01-05,20,825.83,PT60M
2025-01-05,21,795.88,PT60M
2025-01-05,22,742.16,PT60M
2025-01-05,23,537.21,PT60M
2025-01-05,24,368.54,PT60M
2025-01-06,1,535.45,PT60M
2025-01-06,2,471.42,PT60M
2025-01-06,3,369.73,PT60M
2025-01-06,4,363.36,PT60M
2025-01-06,5,360.10,PT60M
2025-01-06,6,494.00,PT60M
2025-01-06,7,644.65,PT60M
2025-01-06,8,664.23,PT60M
2025-01-06,9,650.32,PT60M
2025-01-06,10,563.51,PT60M
2025-01-06,11,472.02,PT60M
2025-01-06,12,371.33,PT60M
2025-01-06,13,398.26,PT60M
2025-01-06,14,503.06,PT60M
2025-01-06,15,579.84,PT60M
2025-01-06,16,688.21,PT60M
2025-01-06,17,768.68,PT60M
2025-01-06,18,834.20,PT60M
2025-01-06,19,772.71,PT60M
2025-01-06,20,762.64,PT60M
2025-01-06,21,733.10,PT60M
2025-01-06,22,610.74,PT60M
2025-01-06,23,581.58,PT60M
2025-01-06,24,433.19,PT60M
2025-01-07,1,165.00,PT60M
2025-01-07,2,278.53,PT60M
2025-01-07,3,253.38,PT60M
2025-01-07,4,65.32,PT60M
2025-01-07,5,330.02,PT60M
2025-01-07,6,412.62,PT60M
2025-01-07,7,663.76,PT60M
2025-01-07,8,821.42,PT60M
2025-01-07,9,757.83,PT60M
2025-01-07,10,661.63,PT60M
2025-01-07,11,609.38,PT60M
2025-01-07,12,608.99,PT60M
2025-01-07,13,615.50,PT60M
2025-01-07,14,662.48,PT60M
2025-01-07,15,699.00,PT60M
2025-01-07,16,738.71,PT60M
2025-01-07,17,813.89,PT60M
2025-01-07,18,845.73,PT60M
2025-01-07,19,806.63,PT60M
2025-01-07,20,790.39,PT60M
2025-01-07,21,746.23,PT60M
2025-01-07,22,667.57,PT60M
2025-01-07,23,603.75,PT60M
2025-01-07,24,526.58,PT60M
2025-01-08,1,415.92,PT60M
2025-01-08,2,371.35,PT60M
2025-01-08,3,358.55,PT60M
2025-01-08,4,343.08,PT60M
2025-01-08,5,413.64,PT60M
2025-01-08,6,537.33,PT60M
2025-01-08,7,646.31,PT60M
2025-01-08,8,776.58,PT60M
2025-01-08,9,754.55,PT60M
2025-01-08,10,615.24,PT60M
2025-01-08,11,533.09,PT60M
2025-01-08,12,506.23,PT60M
2025-01-08,13,513.87,PT60M
2025-01-08,14,571.85,PT60M
2025-01-08,15,621.00,PT60M
2025-01-08,16,713.33,PT60M
2025-01-08,17,759.81,PT60M
2025-01-08,18,772.23,PT60M
2025-01-08,19,756.25,PT60M
2025-01-08,20,747.98,PT60M
2025-01-08,21,691.51,PT60M
2025-01-08,22,627.79,PT60M
2025-01-08,23,578.75,PT60M
2025-01-08,24,527.02,PT60M
2025-01-09,1,523.51,PT60M
2025-01-09,2,521.66,PT60M
2025-01-09,3,510.53,PT60M
2025-01-09,4,501.58,PT60M
2025-01-09,5,522.38,PT60M
2025-01-09,6,538.71,PT60M
2025-01-09,7,668.63,PT60M
2025-01-09,8,719.52,PT60M
2025-01-09,9,785.08,PT60M
2025-01-09,10,747.46,PT60M
2025-01-09,11,707.15,PT60M
2025-01-09,12,670.46,PT60M
2025-01-09,13,619.60,PT60M
2025-01-09,14,601.79,PT60M
2025-01-09,15,623.80,PT60M
2025-01-09,16,664.47,PT60M
2025-01-09,17,795.04,PT60M
2025-01-09,18,768.22,PT60M
2025-01-09,19,786.06,PT60M
2025-01-09,20,718.84,PT60M
2025-01-09,21,671.61,PT60M
2025-01-09,22,584.29,PT60M
2025-01-09,23,516.45,PT60M
2025-01-09,24,444.82,PT60M
2025-01-10,1,432.57,PT60M
2025-01-10,2,399.69,PT60M
2025-01-10,3,376.49,PT60M
2025-01-10,4,367.80,PT60M
2025-01-10,5,352.64,PT60M
2025-01-10,6,495.88,PT60M
2025-01-10,7,659.53,PT60M
2025-01-10,8,831.90,PT60M
2025-01-10,9,790.70,PT60M
2025-01-10,10,703.20,PT60M
2025-01-10,11,614.63,PT60M
2025-01-10,12,564.95,PT60M
2025-01-10,13,534.34,PT60M
2025-01-10,14,522.31,PT60M
2025-01-10,15,547.18,PT60M
2025-01-10,16,640.06,PT60M
2025-01-10,17,791.71,PT60M
2025-01-10,18,744.28,PT60M
2025-01-10,19,743.78,PT60M
2025-01-10,20,737.98,PT60M
2025-01-10,21,671.47,PT60M
2025-01-10,22,609.36,PT60M
2025-01-10,23,596.26,PT60M
2025-01-10,24,563.26,PT60M
2025-01-11,1,539.82,PT60M
2025-01-11,2,496.45,PT60M
2025-01-11,3,478.44,PT60M
2025-01-11,4,455.47,PT60M
2025-01-11,5,451.88,PT60M
2025-01-11,6,457.38,PT60M
2025-01-11,7,463.72,PT60M
2025-01-11,8,588.04,PT60M
2025-01-11,9,581.86,PT60M
2025-01-11,10,635.31,PT60M
2025-01-11,11,518.98,PT60M
2025-01-11,12,496.39,PT60M
2025-01-11,13,481.63,PT60M
2025-01-11,14,463.29,PT60M
2025-01-11,15,517.02,PT60M
2025-01-11,16,527.09,PT60M
2025-01-11,17,739.77,PT60M
2025-01-11,18,771.90,PT60M
2025-01-11,19,746.06,PT60M
2025-01-11,20,746.08,PT60M
2025-01-11,21,680.74,PT60M
2025-01-11,22,608.82,PT60M
2025-01-11,23,549.91,PT60M
2025-01-11,24,526.40,PT60M
2025-01-12,1,534.49,PT60M
2025-01-12,2,442.82,PT60M
2025-01-12,3,447.55,PT60M
2025-01-12,4,424.43,PT60M
2025-01-12,5,422.69,PT60M
2025-01-12,6,422.28,PT60M
2025-01-12,7,434.69,PT60M
2025-01-12,8,506.00,PT60M
2025-01-12,9,578.40,PT60M
2025-01-12,10,597.06,PT60M
2025-01-12,11,585.65,PT60M
2025-01-12,12,525.17,PT60M
2025-01-12,13,512.16,PT60M
2025-01-12,14,495.32,PT60M
2025-01-12,15,523.85,PT60M
2025-01-12,16,596.74,PT60M
2025-01-12,17,671.33,PT60M
2025-01-12,18,708.40,PT60M
2025-01-12,19,729.31,PT60M
2025-01-12,20,716.68,PT60M
2025-01-12,21,675.15,PT60M
2025-01-12,22,635.21,PT60M
2025-01-12,23,604.11,PT60M
2025-01-12,24,571.37,PT60M
2025-01-13,1,558.88,PT60M
2025-01-13,2,522.47,PT60M
2025-01-13,3,519.46,PT60M
2025-01-13,4,499.12,PT60M
2025-01-13,5,497.28,PT60M
2025-01-13,6,547.87,PT60M
2025-01-13,7,696.72,PT60M
2025-01-13,8,935.32,PT60M
2025-01-13,9,1141.48,PT60M
2025-01-13,10,870.24,PT60M
2025-01-13,11,701.54,PT60M
2025-01-13,12,610.08,PT60M
2025-01-13,13,585.32,PT60M
2025-01-13,14,614.62,PT60M
2025-01-13,15,651.24,PT60M
2025-01-13,16,717.49,PT60M
2025-01-13,17,806.55,PT60M
2025-01-13,18,779.88,PT60M
2025-01-13,19,781.08,PT60M
2025-01-13,20,769.11,PT60M
2025-01-13,21,730.28,PT60M
2025-01-13,22,641.32,PT60M
2025-01-13,23,592.58,PT60M
2025-01-13,24,536.04,PT60M
2025-01-14,1,543.59,PT60M
2025-01-14,2,528.56,PT60M
2025-01-14,3,506.92,PT60M
2025-01-14,4,500.38,PT60M
2025-01-14,5,516.17,PT60M
2025-01-14,6,542.19,PT60M
2025-01-14,7,686.90,PT60M
2025-01-14,8,805.04,PT60M
2025-01-14,9,922.30,PT60M
2025-01-14,10,755.76,PT60M
2025-01-14,11,646.99,PT60M
2025-01-14,12,613.94,PT60M
2025-01-14,13,592.43,PT60M
2025-01-14,14,596.74,PT60M
2025-01-14,15,674.29,PT60M
2025-01-14,16,863.38,PT60M
2025-01-14,17,980.36,PT60M
2025-01-14,18,1307.82,PT60M
2025-01-14,19,1246.34,PT60M
2025-01-14,20,1020.86,PT60M
2025-01-14,21,902.49,PT60M
2025-01-14,22,850.91,PT60M
2025-01-14,23,771.13,PT60M
2025-01-14,24,618.24,PT60M
2025-01-15,1,596.69,PT60M
2025-01-15,2,555.00,PT60M
2025-01-15,3,550.49,PT60M
2025-01-15,4,540.41,PT60M
2025-01-15,5,587.38,PT60M
2025-01-15,6,659.53,PT60M
2025-01-15,7,756.99,PT60M
2025-01-15,8,982.00,PT60M
2025-01-15,9,1567.21,PT60M
2025-01-15,10,1591.77,PT60M
2025-01-15,11,1549.08,PT60M
2025-01-15,12,1550.80,PT60M
2025-01-15,13,1459.56,PT60M
2025-01-15,14,1445.91,PT60M
2025-01-15,15,1444.85,PT60M
2025-01-15,16,1631.07,PT60M
2025-01-15,17,1924.49,PT60M
2025-01-15,18,2248.49,PT60M
2025-01-15,19,2141.37,PT60M
2025-01-15,20,2071.35,PT60M
2025-01-15,21,926.50,PT60M
2025-01-15,22,760.40,PT60M
2025-01-15,23,712.61,PT60M
2025-01-15,24,616.15,PT60M
2025-01-16,1,628.39,PT60M
2025-01-16,2,611.00,PT60M
2025-01-16,3,588.17,PT60M
2025-01-16,4,576.54,PT60M
2025-01-16,5,593.77,PT60M
2025-01-16,6,644.54,PT60M
2025-01-16,7,814.79,PT60M
2025-01-16,8,1015.63,PT60M
2025-01-16,9,1024.97,PT60M
2025-01-16,10,870.48,PT60M
2025-01-16,11,755.58,PT60M
2025-01-16,12,699.56,PT60M
2025-01-16,13,670.33,PT60M
2025-01-16,14,686.33,PT60M
2025-01-16,15,726.22,PT60M
2025-01-16,16,862.04,PT60M
2025-01-16,17,929.56,PT60M
2025-01-16,18,972.31,PT60M
2025-01-16,19,916.84,PT60M
2025-01-16,20,895.22,PT60M
2025-01-16,21,793.88,PT60M
2025-01-16,22,759.90,PT60M
2025-01-16,23,699.84,PT60M
2025-01-16,24,645.91,PT60M
2025-01-17,1,614.39,PT60M
2025-01-17,2,605.66,PT60M
2025-01-17,3,590.59,PT60M
2025-01-17,4,581.76,PT60M
2025-01-17,5,583.13,PT60M
2025-01-17,6,614.75,PT60M
2025-01-17,7,700.46,PT60M
2025-01-17,8,870.65,PT60M
2025-01-17,9,1035.46,PT60M
2025-01-17,10,872.32,PT60M
2025-01-17,11,784.74,PT60M
2025-01-17,12,699.89,PT60M
2025-01-17,13,629.02,PT60M
2025-01-17,14,617.07,PT60M
2025-01-17,15,665.07,PT60M
2025-01-17,16,757.18,PT60M
2025-01-17,17,863.59,PT60M
2025-01-17,18,892.26,PT60M
2025-01-17,19,895.11,PT60M
2025-01-17,20,866.73,PT60M
2025-01-17,21,785.60,PT60M
2025-01-17,22,721.38,PT60M
2025-01-17,23,696.35,PT60M
2025-01-17,24,636.38,PT60M
2025-01-18,1,627.28,PT60M
2025-01-18,2,602.95,PT60M
2025-01-18,3,603.73,PT60M
2025-01-18,4,591.49,PT60M
2025-01-18,5,581.74,PT60M
2025-01-18,6,596.11,PT60M
2025-01-18,7,615.03,PT60M
2025-01-18,8,673.45,PT60M
2025-01-18,9,725.83,PT60M
2025-01-18,10,716.86,PT60M
2025-01-18,11,663.87,PT60M
2025-01-18,12,605.66,PT60M
2025-01-18,13,591.36,PT60M
2025-01-18,14,572.16,PT60M
2025-01-18,15,594.91,PT60M
2025-01-18,16,689.22,PT60M
2025-01-18,17,857.25,PT60M
2025-01-18,18,858.30,PT60M
2025-01-18,19,833.64,PT60M
2025-01-18,20,835.04,PT60M
2025-01-18,21,776.68,PT60M
2025-01-18,22,713.48,PT60M
2025-01-18,23,678.58,PT60M
2025-01-18,24,643.54,PT60M
2025-01-19,1,646.29,PT60M
2025-01-19,2,621.45,PT60M
2025-01-19,3,615.09,PT60M
2025-01-19,4,603.27,PT60M
2025-01-19,5,597.99,PT60M
2025-01-19,6,597.11,PT60M
2025-01-19,7,605.43,PT60M
2025-01-19,8,616.91,PT60M
2025-01-19,9,615.33,PT60M
2025-01-19,10,626.72,PT60M
2025-01-19,11,628.40,PT60M
2025-01-19,12,615.96,PT60M
2025-01-19,13,558.55,PT60M
2025-01-19,14,534.97,PT60M
2025-01-19,15,581.26,PT60M
2025-01-19,16,633.32,PT60M
2025-01-19,17,759.97,PT60M
2025-01-19,18,834.63,PT60M
2025-01-19,19,844.95,PT60M
2025-01-19,20,845.90,PT60M
2025-01-19,21,819.98,PT60M
2025-01-19,22,781.22,PT60M
2025-01-19,23,665.87,PT60M
2025-01-19,24,616.05,PT60M
2025-01-20,1,609.27,PT60M
2025-01-20,2,595.92,PT60M
2025-01-20,3,580.19,PT60M
2025-01-20,4,569.29,PT60M
2025-01-20,5,574.47,PT60M
2025-01-20,6,644.73,PT60M
2025-01-20,7,826.54,PT60M
2025-01-20,8,1473.28,PT60M
2025-01-20,9,2214.29,PT60M
2025-01-20,10,1451.96,PT60M
2025-01-20,11,1175.77,PT60M
2025-01-20,12,952.79,PT60M
2025-01-20,13,888.14,PT60M
2025-01-20,14,852.80,PT60M
2025-01-20,15,954.53,PT60M
2025-01-20,16,1377.38,PT60M
2025-01-20,17,2200.00,PT60M
2025-01-20,18,3001.98,PT60M
2025-01-20,19,2355.00,PT60M
2025-01-20,20,1470.73,PT60M
2025-01-20,21,1094.70,PT60M
2025-01-20,22,845.90,PT60M
2025-01-20,23,787.09,PT60M
2025-01-20,24,706.52,PT60M
2025-01-21,1,686.72,PT60M
2025-01-21,2,656.97,PT60M
2025-01-21,3,625.42,PT60M
2025-01-21,4,636.82,PT60M
2025-01-21,5,684.98,PT60M
2025-01-21,6,799.00,PT60M
2025-01-21,7,1021.02,PT60M
2025-01-21,8,1578.21,PT60M
2025-01-21,9,2085.41,PT60M
2025-01-21,10,1387.96,PT60M
2025-01-21,11,1218.14,PT60M
2025-01-21,12,1055.52,PT60M
2025-01-21,13,1044.96,PT60M
2025-01-21,14,947.49,PT60M
2025-01-21,15,1076.18,PT60M
2025-01-21,16,1473.29,PT60M
2025-01-21,17,1167.37,PT60M
2025-01-21,18,1614.71,PT60M
2025-01-21,19,1303.76,PT60M
2025-01-21,20,1024.91,PT60M
2025-01-21,21,886.47,PT60M
2025-01-21,22,781.94,PT60M
2025-01-21,23,713.97,PT60M
2025-01-21,24,676.13,PT60M
2025-01-22,1,652.67,PT60M
2025-01-22,2,625.80,PT60M
2025-01-22,3,616.73,PT60M
2025-01-22,4,617.14,PT60M
2025-01-22,5,626.24,PT60M
2025-01-22,6,704.88,PT60M
2025-01-22,7,1021.95,PT60M
2025-01-22,8,1670.73,PT60M
2025-01-22,9,1257.05,PT60M
2025-01-22,10,992.36,PT60M
2025-01-22,11,891.07,PT60M
2025-01-22,12,860.63,PT60M
2025-01-22,13,821.14,PT60M
2025-01-22,14,846.01,PT60M
2025-01-22,15,895.75,PT60M
2025-01-22,16,992.05,PT60M
2025-01-22,17,1298.52,PT60M
2025-01-22,18,1366.86,PT60M
2025-01-22,19,1096.28,PT60M
2025-01-22,20,1057.65,PT60M
2025-01-22,21,1080.95,PT60M
2025-01-22,22,828.23,PT60M
2025-01-22,23,751.03,PT60M
2025-01-22,24,696.71,PT60M
2025-01-23,1,640.22,PT60M
2025-01-23,2,614.85,PT60M
2025-01-23,3,549.14,PT60M
2025-01-23,4,542.66,PT60M
2025-01-23,5,573.68,PT60M
2025-01-23,6,631.19,PT60M
2025-01-23,7,895.29,PT60M
2025-01-23,8,1034.54,PT60M
2025-01-23,9,884.90,PT60M
2025-01-23,10,834.81,PT60M
2025-01-23,11,741.31,PT60M
2025-01-23,12,728.35,PT60M
2025-01-23,13,711.30,PT60M
2025-01-23,14,750.46,PT60M
2025-01-23,15,817.16,PT60M
2025-01-23,16,956.95,PT60M
2025-01-23,17,1082.79,PT60M
2025-01-23,18,1097.76,PT60M
2025-01-23,19,1020.96,PT60M
2025-01-23,20,976.43,PT60M
2025-01-23,21,1031.10,PT60M
2025-01-23,22,815.06,PT60M
2025-01-23,23,799.00,PT60M
2025-01-23,24,665.74,PT60M
2025-01-24,1,610.09,PT60M
2025-01-24,2,549.16,PT60M
2025-01-24,3,519.32,PT60M
2025-01-24,4,513.13,PT60M
2025-01-24,5,545.00,PT60M
2025-01-24,6,679.33,PT60M
2025-01-24,7,864.25,PT60M
2025-01-24,8,941.24,PT60M
2025-01-24,9,841.08,PT60M
2025-01-24,10,752.51,PT60M
2025-01-24,11,714.35,PT60M
2025-01-24,12,660.55,PT60M
2025-01-24,13,652.40,PT60M
2025-01-24,14,641.78,PT60M
2025-01-24,15,663.43,PT60M
2025-01-24,16,792.61,PT60M
2025-01-24,17,1012.97,PT60M
2025-01-24,18,1016.15,PT60M
2025-01-24,19,979.17,PT60M
2025-01-24,20,956.97,PT60M
2025-01-24,21,902.39,PT60M
2025-01-24,22,848.08,PT60M
2025-01-24,23,730.64,PT60M
2025-01-24,24,632.81,PT60M
2025-01-25,1,579.23,PT60M
2025-01-25,2,522.91,PT60M
2025-01-25,3,442.24,PT60M
2025-01-25,4,426.75,PT60M
2025-01-25,5,439.70,PT60M
2025-01-25,6,477.74,PT60M
2025-01-25,7,568.72,PT60M
2025-01-25,8,620.94,PT60M
2025-01-25,9,538.67,PT60M
2025-01-25,10,527.49,PT60M
2025-01-25,11,472.77,PT60M
2025-01-25,12,446.81,PT60M
2025-01-25,13,431.18,PT60M
2025-01-25,14,424.78,PT60M
2025-01-25,15,487.36,PT60M
2025-01-25,16,591.77,PT60M
2025-01-25,17,778.84,PT60M
2025-01-25,18,790.58,PT60M
2025-01-25,19,796.95,PT60M
2025-01-25,20,798.70,PT60M
2025-01-25,21,760.69,PT60M
2025-01-25,22,716.08,PT60M
2025-01-25,23,676.71,PT60M
2025-01-25,24,618.02,PT60M
2025-01-26,1,647.54,PT60M
2025-01-26,2,592.34,PT60M
2025-01-26,3,578.28,PT60M
2025-01-26,4,549.12,PT60M
2025-01-26,5,549.09,PT60M
2025-01-26,6,559.71,PT60M
2025-01-26,7,571.58,PT60M
2025-01-26,8,607.85,PT60M
2025-01-26,9,648.33,PT60M
2025-01-26,10,635.67,PT60M
2025-01-26,11,540.51,PT60M
2025-01-26,12,515.39,PT60M
2025-01-26,13,482.76,PT60M
2025-01-26,14,468.29,PT60M
2025-01-26,15,549.09,PT60M
2025-01-26,16,597.82,PT60M
2025-01-26,17,667.73,PT60M
2025-01-26,18,713.00,PT60M
2025-01-26,19,649.81,PT60M
2025-01-26,20,665.72,PT60M
2025-01-26,21,617.67,PT60M
2025-01-26,22,568.05,PT60M
2025-01-26,23,474.54,PT60M
2025-01-26,24,387.66,PT60M
2025-01-27,1,303.52,PT60M
2025-01-27,2,280.28,PT60M
2025-01-27,3,196.69,PT60M
2025-01-27,4,149.67,PT60M
2025-01-27,5,233.22,PT60M
2025-01-27,6,597.12,PT60M
2025-01-27,7,749.58,PT60M
2025-01-27,8,887.96,PT60M
2025-01-27,9,796.21,PT60M
2025-01-27,10,648.38,PT60M
2025-01-27,11,497.09,PT60M
2025-01-27,12,479.06,PT60M
2025-01-27,13,448.48,PT60M
2025-01-27,14,516.72,PT60M
2025-01-27,15,646.92,PT60M
2025-01-27,16,727.01,PT60M
2025-01-27,17,935.19,PT60M
2025-01-27,18,913.51,PT60M
2025-01-27,19,937.15,PT60M
2025-01-27,20,925.61,PT60M
2025-01-27,21,826.33,PT60M
2025-01-27,22,706.78,PT60M
2025-01-27,23,612.99,PT60M
2025-01-27,24,482.34,PT60M
2025-01-28,1,519.82,PT60M
2025-01-28,2,403.69,PT60M
2025-01-28,3,440.17,PT60M
2025-01-28,4,412.59,PT60M
2025-01-28,5,416.17,PT60M
2025-01-28,6,581.77,PT60M
2025-01-28,7,696.68,PT60M
2025-01-28,8,706.64,PT60M
2025-01-28,9,716.15,PT60M
2025-01-28,10,639.08,PT60M
2025-01-28,11,639.15,PT60M
2025-01-28,12,614.35,PT60M
2025-01-28,13,600.36,PT60M
2025-01-28,14,620.89,PT60M
2025-01-28,15,642.55,PT60M
2025-01-28,16,645.44,PT60M
2025-01-28,17,717.34,PT60M
2025-01-28,18,738.05,PT60M
2025-01-28,19,725.08,PT60M
2025-01-28,20,685.50,PT60M
2025-01-28,21,680.45,PT60M
2025-01-28,22,594.28,PT60M
2025-01-28,23,577.84,PT60M
2025-01-28,24,477.80,PT60M
2025-01-29,1,472.68,PT60M
2025-01-29,2,440.60,PT60M
2025-01-29,3,412.81,PT60M
2025-01-29,4,412.87,PT60M
2025-01-29,5,439.51,PT60M
2025-01-29,6,558.41,PT60M
2025-01-29,7,711.91,PT60M
2025-01-29,8,858.35,PT60M
2025-01-29,9,723.14,PT60M
2025-01-29,10,674.87,PT60M
2025-01-29,11,547.78,PT60M
2025-01-29,12,462.20,PT60M
2025-01-29,13,427.95,PT60M
2025-01-29,14,429.69,PT60M
2025-01-29,15,482.71,PT60M
2025-01-29,16,640.67,PT60M
2025-01-29,17,866.52,PT60M
2025-01-29,18,870.78,PT60M
2025-01-29,19,802.11,PT60M
2025-01-29,20,822.09,PT60M
2025-01-29,21,770.87,PT60M
2025-01-29,22,720.02,PT60M
2025-01-29,23,623.21,PT60M
2025-01-29,24,522.20,PT60M
2025-01-30,1,497.75,PT60M
2025-01-30,2,495.01,PT60M
2025-01-30,3,486.62,PT60M
2025-01-30,4,497.48,PT60M
2025-01-30,5,495.88,PT60M
2025-01-30,6,561.93,PT60M
2025-01-30,7,720.52,PT60M
2025-01-30,8,768.31,PT60M
2025-01-30,9,797.47,PT60M
2025-01-30,10,754.92,PT60M
2025-01-30,11,655.31,PT60M
2025-01-30,12,613.13,PT60M
2025-01-30,13,562.14,PT60M
2025-01-30,14,563.66,PT60M
2025-01-30,15,646.25,PT60M
2025-01-30,16,763.47,PT60M
2025-01-30,17,801.15,PT60M
2025-01-30,18,880.11,PT60M
2025-01-30,19,861.34,PT60M
2025-01-30,20,802.35,PT60M
2025-01-30,21,752.48,PT60M
2025-01-30,22,671.40,PT60M
2025-01-30,23,631.26,PT60M
2025-01-30,24,597.98,PT60M
2025-01-31,1,597.10,PT60M
2025-01-31,2,584.22,PT60M
2025-01-31,3,567.44,PT60M
2025-01-31,4,568.25,PT60M
2025-01-31,5,582.67,PT60M
2025-01-31,6,605.95,PT60M
2025-01-31,7,739.46,PT60M
2025-01-31,8,794.84,PT60M
2025-01-31,9,814.53,PT60M
2025-01-31,10,770.37,PT60M
2025-01-31,11,647.36,PT60M
2025-01-31,12,627.96,PT60M
2025-01-31,13,597.41,PT60M
2025-01-31,14,603.02,PT60M
2025-01-31,15,597.00,PT60M
2025-01-31,16,758.84,PT60M
2025-01-31,17,835.97,PT60M
2025-01-31,18,995.20,PT60M
2025-01-31,19,917.98,PT60M
2025-01-31,20,890.66,PT60M
2025-01-31,21,809.36,PT60M
2025-01-31,22,759.82,PT60M
2025-01-31,23,736.85,PT60M
2025-01-31,24,662.34,PT60M
2025-02-01,1,687.48,PT60M
2025-02-01,2,648.58,PT60M
2025-02-01,3,621.79,PT60M
2025-02-01,4,593.36,PT60M
2025-02-01,5,595.45,PT60M
2025-02-01,6,603.36,PT60M
2025-02-01,7,633.26,PT60M
2025-02-01,8,720.26,PT60M
2025-02-01,9,763.63,PT60M
2025-02-01,10,708.78,PT60M
2025-02-01,11,638.93,PT60M
2025-02-01,12,597.55,PT60M
2025-02-01,13,548.80,PT60M
2025-02-01,14,514.53,PT60M
2025-02-01,15,565.79,PT60M
2025-02-01,16,648.77,PT60M
2025-02-01,17,773.87,PT60M
2025-02-01,18,829.80,PT60M
2025-02-01,19,830.86,PT60M
2025-02-01,20,811.03,PT60M
2025-02-01,21,779.24,PT60M
2025-02-01,22,722.75,PT60M
2025-02-01,23,705.28,PT60M
2025-02-01,24,655.53,PT60M
2025-02-02,1,663.17,PT60M
2025-02-02,2,631.58,PT60M
2025-02-02,3,612.09,PT60M
2025-02-02,4,600.51,PT60M
2025-02-02,5,608.85,PT60M
2025-02-02,6,614.20,PT60M
2025-02-02,7,637.47,PT60M
2025-02-02,8,676.34,PT60M
2025-02-02,9,683.29,PT60M
2025-02-02,10,685.29,PT60M
2025-02-02,11,647.16,PT60M
2025-02-02,12,643.64,PT60M
2025-02-02,13,608.36,PT60M
2025-02-02,14,556.79,PT60M
2025-02-02,15,581.44,PT60M
2025-02-02,16,645.25,PT60M
2025-02-02,17,769.75,PT60M
2025-02-02,18,827.25,PT60M
2025-02-02,19,855.99,PT60M
2025-02-02,20,865.68,PT60M
2025-02-02,21,823.62,PT60M
2025-02-02,22,775.22,PT60M
2025-02-02,23,738.74,PT60M
2025-02-02,24,663.07,PT60M
2025-02-03,1,644.66,PT60M
2025-02-03,2,630.22,PT60M
2025-02-03,3,620.67,PT60M
2025-02-03,4,597.38,PT60M
2025-02-03,5,613.31,PT60M
2025-02-03,6,635.86,PT60M
2025-02-03,7,792.20,PT60M
2025-02-03,8,1034.56,PT60M
2025-02-03,9,1210.48,PT60M
2025-02-03,10,886.05,PT60M
2025-02-03,11,746.26,PT60M
2025-02-03,12,628.03,PT60M
2025-02-03,13,583.60,PT60M
2025-02-03,14,575.90,PT60M
2025-02-03,15,619.72,PT60M
2025-02-03,16,737.18,PT60M
2025-02-03,17,833.33,PT60M
2025-02-03,18,1056.82,PT60M
2025-02-03,19,998.97,PT60M
2025-02-03,20,1000.81,PT60M
2025-02-03,21,834.79,PT60M
2025-02-03,22,761.44,PT60M
2025-02-03,23,717.63,PT60M
2025-02-03,24,675.89,PT60M
2025-02-04,1,658.92,PT60M
2025-02-04,2,624.77,PT60M
2025-02-04,3,613.04,PT60M
2025-02-04,4,617.06,PT60M
2025-02-04,5,613.38,PT60M
2025-02-04,6,635.18,PT60M
2025-02-04,7,772.26,PT60M
2025-02-04,8,949.25,PT60M
2025-02-04,9,1055.01,PT60M
2025-02-04,10,812.73,PT60M
2025-02-04,11,679.46,PT60M
2025-02-04,12,630.88,PT60M
2025-02-04,13,586.53,PT60M
2025-02-04,14,563.30,PT60M
2025-02-04,15,597.66,PT60M
2025-02-04,16,713.43,PT60M
2025-02-04,17,851.43,PT60M
2025-02-04,18,894.41,PT60M
2025-02-04,19,870.92,PT60M
2025-02-04,20,865.55,PT60M
2025-02-04,21,806.48,PT60M
2025-02-04,22,680.03,PT60M
2025-02-04,23,653.66,PT60M
2025-02-04,24,617.02,PT60M
2025-02-05,1,577.25,PT60M
2025-02-05,2,554.23,PT60M
2025-02-05,3,550.65,PT60M
2025-02-05,4,544.82,PT60M
2025-02-05,5,575.02,PT60M
2025-02-05,6,609.78,PT60M
2025-02-05,7,758.16,PT60M
2025-02-05,8,842.57,PT60M
2025-02-05,9,899.82,PT60M
2025-02-05,10,792.95,PT60M
2025-02-05,11,667.63,PT60M
2025-02-05,12,611.97,PT60M
2025-02-05,13,586.21,PT60M
2025-02-05,14,596.42,PT60M
2025-02-05,15,641.26,PT60M
2025-02-05,16,717.23,PT60M
2025-02-05,17,794.50,PT60M
2025-02-05,18,881.24,PT60M
2025-02-05,19,945.06,PT60M
2025-02-05,20,943.69,PT60M
2025-02-05,21,846.02,PT60M
2025-02-05,22,773.46,PT60M
2025-02-05,23,715.14,PT60M
2025-02-05,24,666.35,PT60M
2025-02-06,1,665.27,PT60M
2025-02-06,2,646.58,PT60M
2025-02-06,3,626.99,PT60M
2025-02-06,4,622.14,PT60M
2025-02-06,5,622.14,PT60M
2025-02-06,6,668.00,PT60M
2025-02-06,7,767.39,PT60M
2025-02-06,8,896.28,PT60M
2025-02-06,9,1087.53,PT60M
2025-02-06,10,890.13,PT60M
2025-02-06,11,729.01,PT60M
2025-02-06,12,747.64,PT60M
2025-02-06,13,722.12,PT60M
2025-02-06,14,706.72,PT60M
2025-02-06,15,697.15,PT60M
2025-02-06,16,747.55,PT60M
2025-02-06,17,854.57,PT60M
2025-02-06,18,878.70,PT60M
2025-02-06,19,890.13,PT60M
2025-02-06,20,871.14,PT60M
2025-02-06,21,847.05,PT60M
2025-02-06,22,760.32,PT60M
2025-02-06,23,705.43,PT60M
2025-02-06,24,606.92,PT60M
2025-02-07,1,627.30,PT60M
2025-02-07,2,560.88,PT60M
2025-02-07,3,541.57,PT60M
2025-02-07,4,522.54,PT60M
2025-02-07,5,547.43,PT60M
2025-02-07,6,596.61,PT60M
2025-02-07,7,797.92,PT60M
2025-02-07,8,873.59,PT60M
2025-02-07,9,822.17,PT60M
2025-02-07,10,748.98,PT60M
2025-02-07,11,670.38,PT60M
2025-02-07,12,586.99,PT60M
2025-02-07,13,569.70,PT60M
2025-02-07,14,570.88,PT60M
2025-02-07,15,586.87,PT60M
2025-02-07,16,669.25,PT60M
2025-02-07,17,910.00,PT60M
2025-02-07,18,920.56,PT60M
2025-02-07,19,906.50,PT60M
2025-02-07,20,896.74,PT60M
2025-02-07,21,890.09,PT60M
2025-02-07,22,765.00,PT60M
2025-02-07,23,600.67,PT60M
2025-02-07,24,558.63,PT60M
2025-02-08,1,451.52,PT60M
2025-02-08,2,434.66,PT60M
2025-02-08,3,431.15,PT60M
2025-02-08,4,441.02,PT60M
2025-02-08,5,446.32,PT60M
2025-02-08,6,452.82,PT60M
2025-02-08,7,491.37,PT60M
2025-02-08,8,549.98,PT60M
2025-02-08,9,561.19,PT60M
2025-02-08,10,494.83,PT60M
2025-02-08,11,462.93,PT60M
2025-02-08,12,424.84,PT60M
2025-02-08,13,422.19,PT60M
2025-02-08,14,440.74,PT60M
2025-02-08,15,467.78,PT60M
2025-02-08,16,587.22,PT60M
2025-02-08,17,757.77,PT60M
2025-02-08,18,826.77,PT60M
2025-02-08,19,799.00,PT60M
2025-02-08,20,791.39,PT60M
2025-02-08,21,768.60,PT60M
2025-02-08,22,741.48,PT60M
2025-02-08,23,710.51,PT60M
2025-02-08,24,667.57,PT60M
2025-02-09,1,671.85,PT60M
2025-02-09,2,626.16,PT60M
2025-02-09,3,605.50,PT60M
2025-02-09,4,593.72,PT60M
2025-02-09,5,581.34,PT60M
2025-02-09,6,582.27,PT60M
2025-02-09,7,582.27,PT60M
2025-02-09,8,664.04,PT60M
2025-02-09,9,680.67,PT60M
2025-02-09,10,607.19,PT60M
2025-02-09,11,564.57,PT60M
2025-02-09,12,545.11,PT60M
2025-02-09,13,484.68,PT60M
2025-02-09,14,497.06,PT60M
2025-02-09,15,546.96,PT60M
2025-02-09,16,599.19,PT60M
2025-02-09,17,762.33,PT60M
2025-02-09,18,818.52,PT60M
2025-02-09,19,890.09,PT60M
2025-02-09,20,890.09,PT60M
2025-02-09,21,843.33,PT60M
2025-02-09,22,721.62,PT60M
2025-02-09,23,711.65,PT60M
2025-02-09,24,641.52,PT60M
2025-02-10,1,596.84,PT60M
2025-02-10,2,571.83,PT60M
2025-02-10,3,558.41,PT60M
2025-02-10,4,538.72,PT60M
2025-02-10,5,536.76,PT60M
2025-02-10,6,581.66,PT60M
2025-02-10,7,794.37,PT60M
2025-02-10,8,890.11,PT60M
2025-02-10,9,902.57,PT60M
2025-02-10,10,812.08,PT60M
2025-02-10,11,706.65,PT60M
2025-02-10,12,618.50,PT60M
2025-02-10,13,607.86,PT60M
2025-02-10,14,601.19,PT60M
2025-02-10,15,648.42,PT60M
2025-02-10,16,832.76,PT60M
2025-02-10,17,996.54,PT60M
2025-02-10,18,1097.27,PT60M
2025-02-10,19,1095.92,PT60M
2025-02-10,20,1015.05,PT60M
2025-02-10,21,1027.35,PT60M
2025-02-10,22,890.13,PT60M
2025-02-10,23,849.31,PT60M
2025-02-10,24,696.76,PT60M
2025-02-11,1,736.56,PT60M
2025-02-11,2,665.77,PT60M
2025-02-11,3,627.68,PT60M
2025-02-11,4,617.95,PT60M
2025-02-11,5,671.24,PT60M
2025-02-11,6,890.09,PT60M
2025-02-11,7,923.92,PT60M
2025-02-11,8,1209.34,PT60M
2025-02-11,9,890.10,PT60M
2025-02-11,10,719.44,PT60M
2025-02-11,11,573.27,PT60M
2025-02-11,12,530.35,PT60M
2025-02-11,13,540.00,PT60M
2025-02-11,14,586.81,PT60M
2025-02-11,15,637.71,PT60M
2025-02-11,16,819.45,PT60M
2025-02-11,17,955.46,PT60M
2025-02-11,18,1073.92,PT60M
2025-02-11,19,1206.00,PT60M
2025-02-11,20,1036.07,PT60M
2025-02-11,21,912.06,PT60M
2025-02-11,22,890.10,PT60M
2025-02-11,23,814.37,PT60M
2025-02-11,24,663.11,PT60M
2025-02-12,1,643.93,PT60M
2025-02-12,2,636.23,PT60M
2025-02-12,3,631.14,PT60M
2025-02-12,4,629.99,PT60M
2025-02-12,5,640.68,PT60M
2025-02-12,6,684.73,PT60M
2025-02-12,7,890.06,PT60M
2025-02-12,8,906.40,PT60M
2025-02-12,9,895.77,PT60M
2025-02-12,10,870.48,PT60M
2025-02-12,11,822.21,PT60M
2025-02-12,12,776.44,PT60M
2025-02-12,13,732.38,PT60M
2025-02-12,14,746.49,PT60M
2025-02-12,15,855.00,PT60M
2025-02-12,16,931.81,PT60M
2025-02-12,17,1047.00,PT60M
2025-02-12,18,1855.04,PT60M
2025-02-12,19,1600.00,PT60M
2025-02-12,20,1203.28,PT60M
2025-02-12,21,1167.13,PT60M
2025-02-12,22,918.73,PT60M
2025-02-12,23,890.07,PT60M
2025-02-12,24,822.14,PT60M
2025-02-13,1,817.69,PT60M
2025-02-13,2,749.05,PT60M
2025-02-13,3,726.66,PT60M
2025-02-13,4,703.43,PT60M
2025-02-13,5,729.15,PT60M
2025-02-13,6,841.17,PT60M
2025-02-13,7,1114.48,PT60M
2025-02-13,8,1791.84,PT60M
2025-02-13,9,1547.54,PT60M
2025-02-13,10,1341.02,PT60M
2025-02-13,11,1030.55,PT60M
2025-02-13,12,930.45,PT60M
2025-02-13,13,905.08,PT60M
2025-02-13,14,988.50,PT60M
2025-02-13,15,1089.39,PT60M
2025-02-13,16,1181.42,PT60M
2025-02-13,17,1398.78,PT60M
2025-02-13,18,1405.95,PT60M
2025-02-13,19,1040.32,PT60M
2025-02-13,20,978.10,PT60M
2025-02-13,21,890.17,PT60M
2025-02-13,22,810.87,PT60M
2025-02-13,23,762.12,PT60M
2025-02-13,24,692.53,PT60M
2025-02-14,1,696.73,PT60M
2025-02-14,2,671.25,PT60M
2025-02-14,3,648.20,PT60M
2025-02-14,4,648.08,PT60M
2025-02-14,5,651.86,PT60M
2025-02-14,6,699.56,PT60M
2025-02-14,7,815.86,PT60M
2025-02-14,8,1215.67,PT60M
2025-02-14,9,1345.20,PT60M
2025-02-14,10,1065.69,PT60M
2025-02-14,11,894.47,PT60M
2025-02-14,12,817.98,PT60M
2025-02-14,13,747.68,PT60M
2025-02-14,14,747.04,PT60M
2025-02-14,15,786.97,PT60M
2025-02-14,16,883.35,PT60M
2025-02-14,17,1037.21,PT60M
2025-02-14,18,1542.16,PT60M
2025-02-14,19,1484.05,PT60M
2025-02-14,20,1130.22,PT60M
2025-02-14,21,913.53,PT60M
2025-02-14,22,815.18,PT60M
2025-02-14,23,761.48,PT60M
2025-02-14,24,696.93,PT60M
2025-02-15,1,677.29,PT60M
2025-02-15,2,652.50,PT60M
2025-02-15,3,599.96,PT60M
2025-02-15,4,593.39,PT60M
2025-02-15,5,595.15,PT60M
2025-02-15,6,604.49,PT60M
2025-02-15,7,673.49,PT60M
2025-02-15,8,746.11,PT60M
2025-02-15,9,746.60,PT60M
2025-02-15,10,682.28,PT60M
2025-02-15,11,620.11,PT60M
2025-02-15,12,589.12,PT60M
2025-02-15,13,559.41,PT60M
2025-02-15,14,547.55,PT60M
2025-02-15,15,580.87,PT60M
2025-02-15,16,648.98,PT60M
2025-02-15,17,799.00,PT60M
2025-02-15,18,906.59,PT60M
2025-02-15,19,890.20,PT60M
2025-02-15,20,890.24,PT60M
2025-02-15,21,890.22,PT60M
2025-02-15,22,799.00,PT60M
2025-02-15,23,721.00,PT60M
2025-02-15,24,677.09,PT60M
2025-02-16,1,667.48,PT60M
2025-02-16,2,641.54,PT60M
2025-02-16,3,615.03,PT60M
2025-02-16,4,596.75,PT60M
2025-02-16,5,595.09,PT60M
2025-02-16,6,602.73,PT60M
2025-02-16,7,622.14,PT60M
2025-02-16,8,676.88,PT60M
2025-02-16,9,726.76,PT60M
2025-02-16,10,716.70,PT60M
2025-02-16,11,654.97,PT60M
2025-02-16,12,648.48,PT60M
2025-02-16,13,637.84,PT60M
2025-02-16,14,629.58,PT60M
2025-02-16,15,645.49,PT60M
2025-02-16,16,714.91,PT60M
2025-02-16,17,833.93,PT60M
2025-02-16,18,890.16,PT60M
2025-02-16,19,890.17,PT60M
2025-02-16,20,890.19,PT60M
2025-02-16,21,890.18,PT60M
2025-02-16,22,822.76,PT60M
2025-02-16,23,760.15,PT60M
2025-02-16,24,654.54,PT60M
2025-02-17,1,665.64,PT60M
2025-02-17,2,602.53,PT60M
2025-02-17,3,598.94,PT60M
2025-02-17,4,628.41,PT60M
2025-02-17,5,646.64,PT60M
2025-02-17,6,726.66,PT60M
2025-02-17,7,880.86,PT60M
2025-02-17,8,1041.56,PT60M
2025-02-17,9,1044.15,PT60M
2025-02-17,10,852.57,PT60M
2025-02-17,11,695.15,PT60M
2025-02-17,12,665.16,PT60M
2025-02-17,13,642.03,PT60M
2025-02-17,14,606.12,PT60M
2025-02-17,15,618.27,PT60M
2025-02-17,16,746.07,PT60M
2025-02-17,17,880.30,PT60M
2025-02-17,18,1116.61,PT60M
2025-02-17,19,1340.94,PT60M
2025-02-17,20,1079.35,PT60M
2025-02-17,21,893.26,PT60M
2025-02-17,22,822.82,PT60M
2025-02-17,23,805.68,PT60M
2025-02-17,24,732.93,PT60M
2025-02-18,1,676.89,PT60M
2025-02-18,2,664.61,PT60M
2025-02-18,3,624.36,PT60M
2025-02-18,4,621.74,PT60M
2025-02-18,5,651.35,PT60M
2025-02-18,6,800.44,PT60M
2025-02-18,7,1144.71,PT60M
2025-02-18,8,1790.81,PT60M
2025-02-18,9,964.56,PT60M
2025-02-18,10,829.04,PT60M
2025-02-18,11,733.92,PT60M
2025-02-18,12,696.79,PT60M
2025-02-18,13,696.80,PT60M
2025-02-18,14,781.55,PT60M
2025-02-18,15,804.17,PT60M
2025-02-18,16,884.43,PT60M
2025-02-18,17,2001.10,PT60M
2025-02-18,18,1486.24,PT60M
2025-02-18,19,1571.51,PT60M
2025-02-18,20,1395.00,PT60M
2025-02-18,21,944.49,PT60M
2025-02-18,22,890.19,PT60M
2025-02-18,23,890.16,PT60M
2025-02-18,24,716.70,PT60M
2025-02-19,1,688.60,PT60M
2025-02-19,2,674.60,PT60M
2025-02-19,3,661.44,PT60M
2025-02-19,4,656.40,PT60M
2025-02-19,5,662.49,PT60M
2025-02-19,6,730.72,PT60M
2025-02-19,7,890.15,PT60M
2025-02-19,8,1079.64,PT60M
2025-02-19,9,890.15,PT60M
2025-02-19,10,785.97,PT60M
2025-02-19,11,570.79,PT60M
2025-02-19,12,583.67,PT60M
2025-02-19,13,540.00,PT60M
2025-02-19,14,542.25,PT60M
2025-02-19,15,622.08,PT60M
2025-02-19,16,746.00,PT60M
2025-02-19,17,975.47,PT60M
2025-02-19,18,1365.23,PT60M
2025-02-19,19,1404.90,PT60M
2025-02-19,20,1123.45,PT60M
2025-02-19,21,965.36,PT60M
2025-02-19,22,909.24,PT60M
2025-02-19,23,890.15,PT60M
2025-02-19,24,848.93,PT60M
2025-02-20,1,682.24,PT60M
2025-02-20,2,633.27,PT60M
2025-02-20,3,596.62,PT60M
2025-02-20,4,574.68,PT60M
2025-02-20,5,647.99,PT60M
2025-02-20,6,764.09,PT60M
2025-02-20,7,1064.93,PT60M
2025-02-20,8,1519.04,PT60M
2025-02-20,9,884.30,PT60M
2025-02-20,10,596.50,PT60M
2025-02-20,11,519.94,PT60M
2025-02-20,12,449.32,PT60M
2025-02-20,13,455.79,PT60M
2025-02-20,14,485.65,PT60M
2025-02-20,15,540.36,PT60M
2025-02-20,16,736.06,PT60M
2025-02-20,17,1127.09,PT60M
2025-02-20,18,1567.64,PT60M
2025-02-20,19,1850.42,PT60M
2025-02-20,20,1576.33,PT60M
2025-02-20,21,949.00,PT60M
2025-02-20,22,896.37,PT60M
2025-02-20,23,880.99,PT60M
2025-02-20,24,727.30,PT60M
2025-02-21,1,680.78,PT60M
2025-02-21,2,662.61,PT60M
2025-02-21,3,594.12,PT60M
2025-02-21,4,601.05,PT60M
2025-02-21,5,624.38,PT60M
2025-02-21,6,705.57,PT60M
2025-02-21,7,911.89,PT60M
2025-02-21,8,890.21,PT60M
2025-02-21,9,743.67,PT60M
2025-02-21,10,635.94,PT60M
2025-02-21,11,512.17,PT60M
2025-02-21,12,433.01,PT60M
2025-02-21,13,397.18,PT60M
2025-02-21,14,392.89,PT60M
2025-02-21,15,491.60,PT60M
2025-02-21,16,684.96,PT60M
2025-02-21,17,890.19,PT60M
2025-02-21,18,1148.55,PT60M
2025-02-21,19,1189.51,PT60M
2025-02-21,20,1192.48,PT60M
2025-02-21,21,921.76,PT60M
2025-02-21,22,890.20,PT60M
2025-02-21,23,745.88,PT60M
2025-02-21,24,671.91,PT60M
2025-02-22,1,696.03,PT60M
2025-02-22,2,660.29,PT60M
2025-02-22,3,640.78,PT60M
2025-02-22,4,610.10,PT60M
2025-02-22,5,625.15,PT60M
2025-02-22,6,657.00,PT60M
2025-02-22,7,789.25,PT60M
2025-02-22,8,721.73,PT60M
2025-02-22,9,507.47,PT60M
2025-02-22,10,348.71,PT60M
2025-02-22,11,286.71,PT60M
2025-02-22,12,271.89,PT60M
2025-02-22,13,249.40,PT60M
2025-02-22,14,275.82,PT60M
2025-02-22,15,339.43,PT60M
2025-02-22,16,640.78,PT60M
2025-02-22,17,956.28,PT60M
2025-02-22,18,1298.04,PT60M
2025-02-22,19,1245.22,PT60M
2025-02-22,20,1210.13,PT60M
2025-02-22,21,1030.78,PT60M
2025-02-22,22,909.24,PT60M
2025-02-22,23,890.22,PT60M
2025-02-22,24,837.16,PT60M
2025-02-23,1,689.68,PT60M
2025-02-23,2,700.90,PT60M
2025-02-23,3,642.10,PT60M
2025-02-23,4,640.48,PT60M
2025-02-23,5,642.08,PT60M
2025-02-23,6,676.50,PT60M
2025-02-23,7,700.90,PT60M
2025-02-23,8,680.99,PT60M
2025-02-23,9,584.83,PT60M
2025-02-23,10,507.23,PT60M
2025-02-23,11,431.73,PT60M
2025-02-23,12,439.68,PT60M
2025-02-23,13,372.20,PT60M
2025-02-23,14,369.08,PT60M
2025-02-23,15,517.33,PT60M
2025-02-23,16,690.43,PT60M
2025-02-23,17,890.23,PT60M
2025-02-23,18,1274.79,PT60M
2025-02-23,19,1158.21,PT60M
2025-02-23,20,1218.74,PT60M
2025-02-23,21,926.51,PT60M
2025-02-23,22,890.22,PT60M
2025-02-23,23,809.36,PT60M
2025-02-23,24,667.52,PT60M
2025-02-24,1,696.82,PT60M
2025-02-24,2,617.82,PT60M
2025-02-24,3,597.28,PT60M
2025-02-24,4,597.77,PT60M
2025-02-24,5,608.27,PT60M
2025-02-24,6,853.12,PT60M
2025-02-24,7,1209.88,PT60M
2025-02-24,8,1417.47,PT60M
2025-02-24,9,929.46,PT60M
2025-02-24,10,890.23,PT60M
2025-02-24,11,760.73,PT60M
2025-02-24,12,714.44,PT60M
2025-02-24,13,683.48,PT60M
2025-02-24,14,691.72,PT60M
2025-02-24,15,804.20,PT60M
2025-02-24,16,1072.46,PT60M
2025-02-24,17,1413.95,PT60M
2025-02-24,18,1839.81,PT60M
2025-02-24,19,1990.94,PT60M
2025-02-24,20,1779.72,PT60M
2025-02-24,21,1177.78,PT60M
2025-02-24,22,1000.00,PT60M
2025-02-24,23,890.20,PT60M
2025-02-24,24,703.11,PT60M
2025-02-25,1,782.22,PT60M
2025-02-25,2,690.44,PT60M
2025-02-25,3,662.00,PT60M
2025-02-25,4,656.73,PT60M
2025-02-25,5,673.38,PT60M
2025-02-25,6,789.79,PT60M
2025-02-25,7,1307.39,PT60M
2025-02-25,8,1802.00,PT60M
2025-02-25,9,890.23,PT60M
2025-02-25,10,773.56,PT60M
2025-02-25,11,708.68,PT60M
2025-02-25,12,639.72,PT60M
2025-02-25,13,632.14,PT60M
2025-02-25,14,642.09,PT60M
2025-02-25,15,687.92,PT60M
2025-02-25,16,760.78,PT60M
2025-02-25,17,1327.15,PT60M
2025-02-25,18,2087.23,PT60M
2025-02-25,19,2347.10,PT60M
2025-02-25,20,2183.19,PT60M
2025-02-25,21,1432.87,PT60M
2025-02-25,22,890.22,PT60M
2025-02-25,23,812.80,PT60M
2025-02-25,24,671.53,PT60M
2025-02-26,1,619.37,PT60M
2025-02-26,2,607.85,PT60M
2025-02-26,3,590.38,PT60M
2025-02-26,4,588.00,PT60M
2025-02-26,5,589.89,PT60M
2025-02-26,6,653.66,PT60M
2025-02-26,7,922.67,PT60M
2025-02-26,8,1087.87,PT60M
2025-02-26,9,890.16,PT60M
2025-02-26,10,788.17,PT60M
2025-02-26,11,719.16,PT60M
2025-02-26,12,655.77,PT60M
2025-02-26,13,602.65,PT60M
2025-02-26,14,606.00,PT60M
2025-02-26,15,642.04,PT60M
2025-02-26,16,747.40,PT60M
2025-02-26,17,916.07,PT60M
2025-02-26,18,1160.01,PT60M
2025-02-26,19,1081.33,PT60M
2025-02-26,20,956.19,PT60M
2025-02-26,21,890.18,PT60M
2025-02-26,22,765.12,PT60M
2025-02-26,23,685.21,PT60M
2025-02-26,24,608.64,PT60M
2025-02-27,1,570.36,PT60M
2025-02-27,2,516.71,PT60M
2025-02-27,3,510.93,PT60M
2025-02-27,4,504.92,PT60M
2025-02-27,5,505.04,PT60M
2025-02-27,6,570.00,PT60M
2025-02-27,7,783.65,PT60M
2025-02-27,8,817.09,PT60M
2025-02-27,9,836.98,PT60M
2025-02-27,10,756.49,PT60M
2025-02-27,11,677.91,PT60M
2025-02-27,12,659.92,PT60M
2025-02-27,13,627.14,PT60M
2025-02-27,14,586.29,PT60M
2025-02-27,15,602.88,PT60M
2025-02-27,16,686.61,PT60M
2025-02-27,17,890.21,PT60M
2025-02-27,18,890.23,PT60M
2025-02-27,19,922.98,PT60M
2025-02-27,20,890.24,PT60M
2025-02-27,21,890.22,PT60M
2025-02-27,22,725.81,PT60M
2025-02-27,23,694.67,PT60M
2025-02-27,24,571.53,PT60M
2025-02-28,1,627.18,PT60M
2025-02-28,2,550.20,PT60M
2025-02-28,3,544.43,PT60M
2025-02-28,4,532.84,PT60M
2025-02-28,5,560.15,PT60M
2025-02-28,6,661.03,PT60M
2025-02-28,7,843.61,PT60M
2025-02-28,8,1064.82,PT60M
2025-02-28,9,805.22,PT60M
2025-02-28,10,731.89,PT60M
2025-02-28,11,642.76,PT60M
2025-02-28,12,584.10,PT60M
2025-02-28,13,548.02,PT60M
2025-02-28,14,545.84,PT60M
2025-02-28,15,559.10,PT60M
2025-02-28,16,629.60,PT60M
2025-02-28,17,896.88,PT60M
2025-02-28,18,1114.59,PT60M
2025-02-28,19,1142.71,PT60M
2025-02-28,20,1164.36,PT60M
2025-02-28,21,1089.70,PT60M
2025-02-28,22,890.22,PT60M
2025-02-28,23,734.94,PT60M
2025-02-28,24,642.93,PT60M
2025-03-01,1,643.27,PT60M
2025-03-01,2,600.70,PT60M
2025-03-01,3,583.60,PT60M
2025-03-01,4,562.17,PT60M
2025-03-01,5,549.09,PT60M
2025-03-01,6,573.71,PT60M
2025-03-01,7,649.48,PT60M
2025-03-01,8,691.21,PT60M
2025-03-01,9,695.20,PT60M
2025-03-01,10,692.82,PT60M
2025-03-01,11,632.54,PT60M
2025-03-01,12,567.73,PT60M
2025-03-01,13,514.85,PT60M
2025-03-01,14,494.35,PT60M
2025-03-01,15,512.27,PT60M
2025-03-01,16,652.99,PT60M
2025-03-01,17,890.24,PT60M
2025-03-01,18,1210.18,PT60M
2025-03-01,19,1200.00,PT60M
2025-03-01,20,1126.58,PT60M
2025-03-01,21,890.24,PT60M
2025-03-01,22,731.92,PT60M
2025-03-01,23,625.36,PT60M
2025-03-01,24,596.87,PT60M
2025-03-02,1,638.07,PT60M
2025-03-02,2,648.68,PT60M
2025-03-02,3,549.12,PT60M
2025-03-02,4,574.75,PT60M
2025-03-02,5,637.01,PT60M
2025-03-02,6,664.45,PT60M
2025-03-02,7,814.17,PT60M
2025-03-02,8,791.71,PT60M
2025-03-02,9,599.17,PT60M
2025-03-02,10,442.91,PT60M
2025-03-02,11,339.90,PT60M
2025-03-02,12,243.85,PT60M
2025-03-02,13,136.85,PT60M
2025-03-02,14,80.81,PT60M
2025-03-02,15,335.90,PT60M
2025-03-02,16,368.76,PT60M
2025-03-02,17,890.05,PT60M
2025-03-02,18,890.08,PT60M
2025-03-02,19,890.09,PT60M
2025-03-02,20,890.08,PT60M
2025-03-02,21,890.08,PT60M
2025-03-02,22,882.03,PT60M
2025-03-02,23,648.12,PT60M
2025-03-02,24,564.63,PT60M
2025-03-03,1,564.15,PT60M
2025-03-03,2,535.60,PT60M
2025-03-03,3,528.79,PT60M
2025-03-03,4,509.83,PT60M
2025-03-03,5,527.50,PT60M
2025-03-03,6,591.14,PT60M
2025-03-03,7,698.00,PT60M
2025-03-03,8,811.19,PT60M
2025-03-03,9,734.99,PT60M
2025-03-03,10,540.00,PT60M
2025-03-03,11,230.60,PT60M
2025-03-03,12,328.96,PT60M
2025-03-03,13,348.31,PT60M
2025-03-03,14,245.80,PT60M
2025-03-03,15,415.63,PT60M
2025-03-03,16,590.78,PT60M
2025-03-03,17,755.91,PT60M
2025-03-03,18,995.20,PT60M
2025-03-03,19,1424.32,PT60M
2025-03-03,20,986.24,PT60M
2025-03-03,21,890.08,PT60M
2025-03-03,22,859.21,PT60M
2025-03-03,23,781.41,PT60M
2025-03-03,24,752.61,PT60M
2025-03-04,1,635.62,PT60M
2025-03-04,2,606.89,PT60M
2025-03-04,3,549.13,PT60M
2025-03-04,4,535.94,PT60M
2025-03-04,5,610.13,PT60M
2025-03-04,6,845.25,PT60M
2025-03-04,7,955.20,PT60M
2025-03-04,8,890.06,PT60M
2025-03-04,9,706.43,PT60M
2025-03-04,10,571.97,PT60M
2025-03-04,11,464.87,PT60M
2025-03-04,12,435.68,PT60M
2025-03-04,13,170.45,PT60M
2025-03-04,14,134.04,PT60M
2025-03-04,15,324.04,PT60M
2025-03-04,16,536.84,PT60M
2025-03-04,17,842.39,PT60M
2025-03-04,18,1157.30,PT60M
2025-03-04,19,1546.92,PT60M
2025-03-04,20,1152.82,PT60M
2025-03-04,21,949.99,PT60M
2025-03-04,22,842.52,PT60M
2025-03-04,23,757.09,PT60M
2025-03-04,24,704.56,PT60M
2025-03-05,1,735.35,PT60M
2025-03-05,2,659.24,PT60M
2025-03-05,3,597.24,PT60M
2025-03-05,4,575.45,PT60M
2025-03-05,5,666.92,PT60M
2025-03-05,6,745.99,PT60M
2025-03-05,7,937.27,PT60M
2025-03-05,8,750.04,PT60M
2025-03-05,9,521.47,PT60M
2025-03-05,10,344.31,PT60M
2025-03-05,11,91.69,PT60M
2025-03-05,12,45.78,PT60M
2025-03-05,13,24.91,PT60M
2025-03-05,14,1.18,PT60M
2025-03-05,15,17.08,PT60M
2025-03-05,16,353.93,PT60M
2025-03-05,17,656.94,PT60M
2025-03-05,18,913.95,PT60M
2025-03-05,19,1356.94,PT60M
2025-03-05,20,1037.48,PT60M
2025-03-05,21,914.07,PT60M
2025-03-05,22,804.91,PT60M
2025-03-05,23,672.92,PT60M
2025-03-05,24,643.74,PT60M
2025-03-06,1,549.00,PT60M
2025-03-06,2,549.18,PT60M
2025-03-06,3,540.72,PT60M
2025-03-06,4,547.96,PT60M
2025-03-06,5,580.59,PT60M
2025-03-06,6,726.68,PT60M
2025-03-06,7,960.84,PT60M
2025-03-06,8,763.12,PT60M
2025-03-06,9,540.00,PT60M
2025-03-06,10,396.11,PT60M
2025-03-06,11,283.21,PT60M
2025-03-06,12,25.40,PT60M
2025-03-06,13,6.14,PT60M
2025-03-06,14,2.85,PT60M
2025-03-06,15,65.49,PT60M
2025-03-06,16,365.58,PT60M
2025-03-06,17,603.24,PT60M
2025-03-06,18,1094.97,PT60M
2025-03-06,19,1343.76,PT60M
2025-03-06,20,1291.18,PT60M
2025-03-06,21,1103.89,PT60M
2025-03-06,22,809.02,PT60M
2025-03-06,23,805.25,PT60M
2025-03-06,24,639.04,PT60M
2025-03-07,1,546.75,PT60M
2025-03-07,2,540.00,PT60M
2025-03-07,3,507.38,PT60M
2025-03-07,4,516.51,PT60M
2025-03-07,5,534.63,PT60M
2025-03-07,6,646.60,PT60M
2025-03-07,7,762.95,PT60M
2025-03-07,8,752.93,PT60M
2025-03-07,9,597.42,PT60M
2025-03-07,10,412.55,PT60M
2025-03-07,11,326.89,PT60M
2025-03-07,12,158.31,PT60M
2025-03-07,13,63.65,PT60M
2025-03-07,14,39.90,PT60M
2025-03-07,15,189.85,PT60M
2025-03-07,16,471.40,PT60M
2025-03-07,17,665.23,PT60M
2025-03-07,18,811.77,PT60M
2025-03-07,19,1144.43,PT60M
2025-03-07,20,984.92,PT60M
2025-03-07,21,825.64,PT60M
2025-03-07,22,689.95,PT60M
2025-03-07,23,652.84,PT60M
2025-03-07,24,641.79,PT60M
2025-03-08,1,675.24,PT60M
2025-03-08,2,642.76,PT60M
2025-03-08,3,651.30,PT60M
2025-03-08,4,634.95,PT60M
2025-03-08,5,647.25,PT60M
2025-03-08,6,701.44,PT60M
2025-03-08,7,666.99,PT60M
2025-03-08,8,613.47,PT60M
2025-03-08,9,487.87,PT60M
2025-03-08,10,360.96,PT60M
2025-03-08,11,89.80,PT60M
2025-03-08,12,10.99,PT60M
2025-03-08,13,2.61,PT60M
2025-03-08,14,0.01,PT60M
2025-03-08,15,0.37,PT60M
2025-03-08,16,295.03,PT60M
2025-03-08,17,614.78,PT60M
2025-03-08,18,839.60,PT60M
2025-03-08,19,1099.09,PT60M
2025-03-08,20,1083.42,PT60M
2025-03-08,21,894.99,PT60M
2025-03-08,22,837.59,PT60M
2025-03-08,23,787.03,PT60M
2025-03-08,24,608.07,PT60M
2025-03-09,1,560.27,PT60M
2025-03-09,2,549.05,PT60M
2025-03-09,3,532.21,PT60M
2025-03-09,4,532.71,PT60M
2025-03-09,5,549.04,PT60M
2025-03-09,6,558.32,PT60M
2025-03-09,7,540.00,PT60M
2025-03-09,8,482.53,PT60M
2025-03-09,9,334.98,PT60M
2025-03-09,10,145.63,PT60M
2025-03-09,11,50.25,PT60M
2025-03-09,12,0.20,PT60M
2025-03-09,13,0.20,PT60M
2025-03-09,14,-3.41,PT60M
2025-03-09,15,2.98,PT60M
2025-03-09,16,86.53,PT60M
2025-03-09,17,517.76,PT60M
2025-03-09,18,726.97,PT60M
2025-03-09,19,762.73,PT60M
2025-03-09,20,762.75,PT60M
2025-03-09,21,715.94,PT60M
2025-03-09,22,669.66,PT60M
2025-03-09,23,581.75,PT60M
2025-03-09,24,555.63,PT60M
2025-03-10,1,496.13,PT60M
2025-03-10,2,492.80,PT60M
2025-03-10,3,492.55,PT60M
2025-03-10,4,492.77,PT60M
2025-03-10,5,510.89,PT60M
2025-03-10,6,580.19,PT60M
2025-03-10,7,769.53,PT60M
2025-03-10,8,790.50,PT60M
2025-03-10,9,666.24,PT60M
2025-03-10,10,492.72,PT60M
2025-03-10,11,361.04,PT60M
2025-03-10,12,351.03,PT60M
2025-03-10,13,378.26,PT60M
2025-03-10,14,384.72,PT60M
2025-03-10,15,421.56,PT60M
2025-03-10,16,496.59,PT60M
2025-03-10,17,653.07,PT60M
2025-03-10,18,726.99,PT60M
2025-03-10,19,869.72,PT60M
2025-03-10,20,793.22,PT60M
2025-03-10,21,703.04,PT60M
2025-03-10,22,636.43,PT60M
2025-03-10,23,535.08,PT60M
2025-03-10,24,490.12,PT60M
2025-03-11,1,525.37,PT60M
2025-03-11,2,512.96,PT60M
2025-03-11,3,499.67,PT60M
2025-03-11,4,505.01,PT60M
2025-03-11,5,519.02,PT60M
2025-03-11,6,559.99,PT60M
2025-03-11,7,711.94,PT60M
2025-03-11,8,739.40,PT60M
2025-03-11,9,719.46,PT60M
2025-03-11,10,642.04,PT60M
2025-03-11,11,507.90,PT60M
2025-03-11,12,484.06,PT60M
2025-03-11,13,483.69,PT60M
2025-03-11,14,495.78,PT60M
2025-03-11,15,517.25,PT60M
2025-03-11,16,572.76,PT60M
2025-03-11,17,685.09,PT60M
2025-03-11,18,808.84,PT60M
2025-03-11,19,968.49,PT60M
2025-03-11,20,886.58,PT60M
2025-03-11,21,737.57,PT60M
2025-03-11,22,666.25,PT60M
2025-03-11,23,609.47,PT60M
2025-03-11,24,534.83,PT60M
2025-03-12,1,507.46,PT60M
2025-03-12,2,500.31,PT60M
2025-03-12,3,487.91,PT60M
2025-03-12,4,487.86,PT60M
2025-03-12,5,513.29,PT60M
2025-03-12,6,560.48,PT60M
2025-03-12,7,694.87,PT60M
2025-03-12,8,774.35,PT60M
2025-03-12,9,726.50,PT60M
2025-03-12,10,622.08,PT60M
2025-03-12,11,508.00,PT60M
2025-03-12,12,495.48,PT60M
2025-03-12,13,488.00,PT60M
2025-03-12,14,495.53,PT60M
2025-03-12,15,505.99,PT60M
2025-03-12,16,591.47,PT60M
2025-03-12,17,683.58,PT60M
2025-03-12,18,752.85,PT60M
2025-03-12,19,958.45,PT60M
2025-03-12,20,885.20,PT60M
2025-03-12,21,699.78,PT60M
2025-03-12,22,657.91,PT60M
2025-03-12,23,597.19,PT60M
2025-03-12,24,546.98,PT60M
2025-03-13,1,537.08,PT60M
2025-03-13,2,440.76,PT60M
2025-03-13,3,369.22,PT60M
2025-03-13,4,378.25,PT60M
2025-03-13,5,438.74,PT60M
2025-03-13,6,527.05,PT60M
2025-03-13,7,662.10,PT60M
2025-03-13,8,495.91,PT60M
2025-03-13,9,175.89,PT60M
2025-03-13,10,41.97,PT60M
2025-03-13,11,0.20,PT60M
2025-03-13,12,0.20,PT60M
2025-03-13,13,0.20,PT60M
2025-03-13,14,1.00,PT60M
2025-03-13,15,63.65,PT60M
2025-03-13,16,499.00,PT60M
2025-03-13,17,608.69,PT60M
2025-03-13,18,707.65,PT60M
2025-03-13,19,826.47,PT60M
2025-03-13,20,863.39,PT60M
2025-03-13,21,741.60,PT60M
2025-03-13,22,675.36,PT60M
2025-03-13,23,575.69,PT60M
2025-03-13,24,534.26,PT60M
2025-03-14,1,542.96,PT60M
2025-03-14,2,527.57,PT60M
2025-03-14,3,527.07,PT60M
2025-03-14,4,516.76,PT60M
2025-03-14,5,524.09,PT60M
2025-03-14,6,568.00,PT60M
2025-03-14,7,712.10,PT60M
2025-03-14,8,716.53,PT60M
2025-03-14,9,175.89,PT60M
2025-03-14,10,181.00,PT60M
2025-03-14,11,63.62,PT60M
2025-03-14,12,50.50,PT60M
2025-03-14,13,181.00,PT60M
2025-03-14,14,181.00,PT60M
2025-03-14,15,181.00,PT60M
2025-03-14,16,549.07,PT60M
2025-03-14,17,630.62,PT60M
2025-03-14,18,711.72,PT60M
2025-03-14,19,761.11,PT60M
2025-03-14,20,696.78,PT60M
2025-03-14,21,647.06,PT60M
2025-03-14,22,554.38,PT60M
2025-03-14,23,567.39,PT60M
2025-03-14,24,523.43,PT60M
2025-03-15,1,558.18,PT60M
2025-03-15,2,513.33,PT60M
2025-03-15,3,477.79,PT60M
2025-03-15,4,447.43,PT60M
2025-03-15,5,432.48,PT60M
2025-03-15,6,450.69,PT60M
2025-03-15,7,482.81,PT60M
2025-03-15,8,494.83,PT60M
2025-03-15,9,123.93,PT60M
2025-03-15,10,74.77,PT60M
2025-03-15,11,248.85,PT60M
2025-03-15,12,7.47,PT60M
2025-03-15,13,248.85,PT60M
2025-03-15,14,238.92,PT60M
2025-03-15,15,271.28,PT60M
2025-03-15,16,361.24,PT60M
2025-03-15,17,431.94,PT60M
2025-03-15,18,659.39,PT60M
2025-03-15,19,722.15,PT60M
2025-03-15,20,661.73,PT60M
2025-03-15,21,604.49,PT60M
2025-03-15,22,540.00,PT60M
2025-03-15,23,522.70,PT60M
2025-03-15,24,474.08,PT60M
2025-03-16,1,447.94,PT60M
2025-03-16,2,426.97,PT60M
2025-03-16,3,396.23,PT60M
2025-03-16,4,389.11,PT60M
2025-03-16,5,391.15,PT60M
2025-03-16,6,400.67,PT60M
2025-03-16,7,423.71,PT60M
2025-03-16,8,408.44,PT60M
2025-03-16,9,387.94,PT60M
2025-03-16,10,333.61,PT60M
2025-03-16,11,151.63,PT60M
2025-03-16,12,55.39,PT60M
2025-03-16,13,34.77,PT60M
2025-03-16,14,22.13,PT60M
2025-03-16,15,42.31,PT60M
2025-03-16,16,154.28,PT60M
2025-03-16,17,362.06,PT60M
2025-03-16,18,635.37,PT60M
2025-03-16,19,686.49,PT60M
2025-03-16,20,696.75,PT60M
2025-03-16,21,627.66,PT60M
2025-03-16,22,540.69,PT60M
2025-03-16,23,506.69,PT60M
2025-03-16,24,406.17,PT60M
2025-03-17,1,406.65,PT60M
2025-03-17,2,408.59,PT60M
2025-03-17,3,399.86,PT60M
2025-03-17,4,402.69,PT60M
2025-03-17,5,427.24,PT60M
2025-03-17,6,514.12,PT60M
2025-03-17,7,672.76,PT60M
2025-03-17,8,760.78,PT60M
2025-03-17,9,678.65,PT60M
2025-03-17,10,526.38,PT60M
2025-03-17,11,410.77,PT60M
2025-03-17,12,370.51,PT60M
2025-03-17,13,318.74,PT60M
2025-03-17,14,217.39,PT60M
2025-03-17,15,250.24,PT60M
2025-03-17,16,353.62,PT60M
2025-03-17,17,520.57,PT60M
2025-03-17,18,752.95,PT60M
2025-03-17,19,853.91,PT60M
2025-03-17,20,846.06,PT60M
2025-03-17,21,704.22,PT60M
2025-03-17,22,594.76,PT60M
2025-03-17,23,539.12,PT60M
2025-03-17,24,465.34,PT60M
2025-03-18,1,458.86,PT60M
2025-03-18,2,447.85,PT60M
2025-03-18,3,454.61,PT60M
2025-03-18,4,432.68,PT60M
2025-03-18,5,439.26,PT60M
2025-03-18,6,551.86,PT60M
2025-03-18,7,692.94,PT60M
2025-03-18,8,680.22,PT60M
2025-03-18,9,485.12,PT60M
2025-03-18,10,333.56,PT60M
2025-03-18,11,152.01,PT60M
2025-03-18,12,12.75,PT60M
2025-03-18,13,15.24,PT60M
2025-03-18,14,13.67,PT60M
2025-03-18,15,36.25,PT60M
2025-03-18,16,334.84,PT60M
2025-03-18,17,530.24,PT60M
2025-03-18,18,742.91,PT60M
2025-03-18,19,856.97,PT60M
2025-03-18,20,825.61,PT60M
2025-03-18,21,717.85,PT60M
2025-03-18,22,619.70,PT60M
2025-03-18,23,588.83,PT60M
2025-03-18,24,519.45,PT60M
2025-03-19,1,547.95,PT60M
2025-03-19,2,526.75,PT60M
2025-03-19,3,518.28,PT60M
2025-03-19,4,515.56,PT60M
2025-03-19,5,539.91,PT60M
2025-03-19,6,629.60,PT60M
2025-03-19,7,808.07,PT60M
2025-03-19,8,654.65,PT60M
2025-03-19,9,288.34,PT60M
2025-03-19,10,63.60,PT60M
2025-03-19,11,41.98,PT60M
2025-03-19,12,7.08,PT60M
2025-03-19,13,0.20,PT60M
2025-03-19,14,5.73,PT60M
2025-03-19,15,18.12,PT60M
2025-03-19,16,336.95,PT60M
2025-03-19,17,664.31,PT60M
2025-03-19,18,917.83,PT60M
2025-03-19,19,1398.28,PT60M
2025-03-19,20,1274.19,PT60M
2025-03-19,21,1068.39,PT60M
2025-03-19,22,762.98,PT60M
2025-03-19,23,667.87,PT60M
2025-03-19,24,586.20,PT60M
2025-03-20,1,631.92,PT60M
2025-03-20,2,561.62,PT60M
2025-03-20,3,524.27,PT60M
2025-03-20,4,527.58,PT60M
2025-03-20,5,599.26,PT60M
2025-03-20,6,668.62,PT60M
2025-03-20,7,761.22,PT60M
2025-03-20,8,713.92,PT60M
2025-03-20,9,448.02,PT60M
2025-03-20,10,397.94,PT60M
2025-03-20,11,63.60,PT60M
2025-03-20,12,17.03,PT60M
2025-03-20,13,2.12,PT60M
2025-03-20,14,3.24,PT60M
2025-03-20,15,86.01,PT60M
2025-03-20,16,409.74,PT60M
2025-03-20,17,621.27,PT60M
2025-03-20,18,920.01,PT60M
2025-03-20,19,1626.18,PT60M
2025-03-20,20,1431.20,PT60M
2025-03-20,21,920.93,PT60M
2025-03-20,22,762.99,PT60M
2025-03-20,23,671.95,PT60M
2025-03-20,24,629.14,PT60M
2025-03-21,1,649.60,PT60M
2025-03-21,2,599.66,PT60M
2025-03-21,3,584.04,PT60M
2025-03-21,4,571.40,PT60M
2025-03-21,5,590.17,PT60M
2025-03-21,6,701.44,PT60M
2025-03-21,7,837.58,PT60M
2025-03-21,8,721.65,PT60M
2025-03-21,9,503.48,PT60M
2025-03-21,10,298.20,PT60M
2025-03-21,11,63.57,PT60M
2025-03-21,12,34.84,PT60M
2025-03-21,13,7.71,PT60M
2025-03-21,14,1.00,PT60M
2025-03-21,15,29.77,PT60M
2025-03-21,16,297.27,PT60M
2025-03-21,17,602.12,PT60M
2025-03-21,18,762.94,PT60M
2025-03-21,19,1120.83,PT60M
2025-03-21,20,941.35,PT60M
2025-03-21,21,797.90,PT60M
2025-03-21,22,737.50,PT60M
2025-03-21,23,676.12,PT60M
2025-03-21,24,622.85,PT60M
2025-03-22,1,503.64,PT60M
2025-03-22,2,453.26,PT60M
2025-03-22,3,492.97,PT60M
2025-03-22,4,485.01,PT60M
2025-03-22,5,500.19,PT60M
2025-03-22,6,522.12,PT60M
2025-03-22,7,440.01,PT60M
2025-03-22,8,345.00,PT60M
2025-03-22,9,271.86,PT60M
2025-03-22,10,225.88,PT60M
2025-03-22,11,99.54,PT60M
2025-03-22,12,63.61,PT60M
2025-03-22,13,64.83,PT60M
2025-03-22,14,197.08,PT60M
2025-03-22,15,262.99,PT60M
2025-03-22,16,398.17,PT60M
2025-03-22,17,609.19,PT60M
2025-03-22,18,630.93,PT60M
2025-03-22,19,652.71,PT60M
2025-03-22,20,639.53,PT60M
2025-03-22,21,611.13,PT60M
2025-03-22,22,395.98,PT60M
2025-03-22,23,372.50,PT60M
2025-03-22,24,301.87,PT60M
2025-03-23,1,165.72,PT60M
2025-03-23,2,169.62,PT60M
2025-03-23,3,209.65,PT60M
2025-03-23,4,203.69,PT60M
2025-03-23,5,202.42,PT60M
2025-03-23,6,201.26,PT60M
2025-03-23,7,207.31,PT60M
2025-03-23,8,171.65,PT60M
2025-03-23,9,63.24,PT60M
2025-03-23,10,67.79,PT60M
2025-03-23,11,68.60,PT60M
2025-03-23,12,47.79,PT60M
2025-03-23,13,67.16,PT60M
2025-03-23,14,24.92,PT60M
2025-03-23,15,57.05,PT60M
2025-03-23,16,214.40,PT60M
2025-03-23,17,440.80,PT60M
2025-03-23,18,635.75,PT60M
2025-03-23,19,716.28,PT60M
2025-03-23,20,714.58,PT60M
2025-03-23,21,645.74,PT60M
2025-03-23,22,641.55,PT60M
2025-03-23,23,630.39,PT60M
2025-03-23,24,568.58,PT60M
2025-03-24,1,485.46,PT60M
2025-03-24,2,519.02,PT60M
2025-03-24,3,499.47,PT60M
2025-03-24,4,492.55,PT60M
2025-03-24,5,508.80,PT60M
2025-03-24,6,598.94,PT60M
2025-03-24,7,708.99,PT60M
2025-03-24,8,817.85,PT60M
2025-03-24,9,807.82,PT60M
2025-03-24,10,675.72,PT60M
2025-03-24,11,554.83,PT60M
2025-03-24,12,545.41,PT60M
2025-03-24,13,519.87,PT60M
2025-03-24,14,532.23,PT60M
2025-03-24,15,573.06,PT60M
2025-03-24,16,615.98,PT60M
2025-03-24,17,673.22,PT60M
2025-03-24,18,771.98,PT60M
2025-03-24,19,1057.69,PT60M
2025-03-24,20,961.87,PT60M
2025-03-24,21,806.18,PT60M
2025-03-24,22,693.79,PT60M
2025-03-24,23,629.17,PT60M
2025-03-24,24,575.13,PT60M
2025-03-25,1,477.73,PT60M
2025-03-25,2,509.10,PT60M
2025-03-25,3,501.55,PT60M
2025-03-25,4,520.00,PT60M
2025-03-25,5,518.18,PT60M
2025-03-25,6,543.92,PT60M
2025-03-25,7,692.44,PT60M
2025-03-25,8,713.16,PT60M
2025-03-25,9,687.17,PT60M
2025-03-25,10,571.24,PT60M
2025-03-25,11,532.42,PT60M
2025-03-25,12,499.41,PT60M
2025-03-25,13,470.54,PT60M
2025-03-25,14,476.19,PT60M
2025-03-25,15,549.16,PT60M
2025-03-25,16,668.11,PT60M
2025-03-25,17,734.75,PT60M
2025-03-25,18,871.18,PT60M
2025-03-25,19,939.99,PT60M
2025-03-25,20,867.66,PT60M
2025-03-25,21,739.58,PT60M
2025-03-25,22,696.41,PT60M
2025-03-25,23,632.85,PT60M
2025-03-25,24,507.90,PT60M
2025-03-26,1,502.74,PT60M
2025-03-26,2,491.22,PT60M
2025-03-26,3,490.37,PT60M
2025-03-26,4,498.51,PT60M
2025-03-26,5,513.53,PT60M
2025-03-26,6,560.63,PT60M
2025-03-26,7,677.12,PT60M
2025-03-26,8,746.50,PT60M
2025-03-26,9,685.72,PT60M
2025-03-26,10,557.53,PT60M
2025-03-26,11,498.37,PT60M
2025-03-26,12,481.97,PT60M
2025-03-26,13,473.01,PT60M
2025-03-26,14,426.46,PT60M
2025-03-26,15,494.05,PT60M
2025-03-26,16,516.46,PT60M
2025-03-26,17,605.42,PT60M
2025-03-26,18,728.67,PT60M
2025-03-26,19,837.97,PT60M
2025-03-26,20,864.13,PT60M
2025-03-26,21,784.56,PT60M
2025-03-26,22,656.55,PT60M
2025-03-26,23,621.78,PT60M
2025-03-26,24,550.89,PT60M
2025-03-27,1,523.23,PT60M
2025-03-27,2,494.59,PT60M
2025-03-27,3,487.50,PT60M
2025-03-27,4,493.95,PT60M
2025-03-27,5,489.50,PT60M
2025-03-27,6,525.71,PT60M
2025-03-27,7,654.68,PT60M
2025-03-27,8,699.68,PT60M
2025-03-27,9,614.46,PT60M
2025-03-27,10,447.36,PT60M
2025-03-27,11,412.84,PT60M
2025-03-27,12,227.21,PT60M
2025-03-27,13,220.11,PT60M
2025-03-27,14,284.34,PT60M
2025-03-27,15,497.54,PT60M
2025-03-27,16,523.37,PT60M
2025-03-27,17,615.06,PT60M
2025-03-27,18,672.93,PT60M
2025-03-27,19,995.38,PT60M
2025-03-27,20,1017.12,PT60M
2025-03-27,21,721.20,PT60M
2025-03-27,22,621.80,PT60M
2025-03-27,23,565.18,PT60M
2025-03-27,24,503.52,PT60M
2025-03-28,1,454.60,PT60M
2025-03-28,2,395.32,PT60M
2025-03-28,3,393.23,PT60M
2025-03-28,4,396.03,PT60M
2025-03-28,5,398.73,PT60M
2025-03-28,6,542.28,PT60M
2025-03-28,7,640.33,PT60M
2025-03-28,8,608.08,PT60M
2025-03-28,9,507.98,PT60M
2025-03-28,10,348.33,PT60M
2025-03-28,11,321.12,PT60M
2025-03-28,12,157.00,PT60M
2025-03-28,13,232.79,PT60M
2025-03-28,14,323.65,PT60M
2025-03-28,15,348.48,PT60M
2025-03-28,16,517.68,PT60M
2025-03-28,17,547.80,PT60M
2025-03-28,18,670.38,PT60M
2025-03-28,19,829.22,PT60M
2025-03-28,20,826.30,PT60M
2025-03-28,21,751.36,PT60M
2025-03-28,22,635.44,PT60M
2025-03-28,23,600.28,PT60M
2025-03-28,24,554.60,PT60M
2025-03-29,1,521.66,PT60M
2025-03-29,2,463.18,PT60M
2025-03-29,3,410.30,PT60M
2025-03-29,4,410.30,PT60M
2025-03-29,5,470.86,PT60M
2025-03-29,6,473.73,PT60M
2025-03-29,7,99.54,PT60M
2025-03-29,8,447.93,PT60M
2025-03-29,9,423.05,PT60M
2025-03-29,10,398.18,PT60M
2025-03-29,11,431.36,PT60M
2025-03-29,12,447.95,PT60M
2025-03-29,13,429.02,PT60M
2025-03-29,14,366.33,PT60M
2025-03-29,15,421.93,PT60M
2025-03-29,16,447.64,PT60M
2025-03-29,17,567.23,PT60M
2025-03-29,18,637.60,PT60M
2025-03-29,19,786.89,PT60M
2025-03-29,20,796.35,PT60M
2025-03-29,21,656.94,PT60M
2025-03-29,22,539.06,PT60M
2025-03-29,23,432.91,PT60M
2025-03-29,24,346.34,PT60M
2025-03-30,1,230.14,PT60M
2025-03-30,2,79.06,PT60M
2025-03-30,3,25.35,PT60M
2025-03-30,4,5.97,PT60M
2025-03-30,5,0.45,PT60M
2025-03-30,6,6.10,PT60M
2025-03-30,7,6.54,PT60M
2025-03-30,8,9.72,PT60M
2025-03-30,9,0.64,PT60M
2025-03-30,10,0.01,PT60M
2025-03-30,11,-22.26,PT60M
2025-03-30,12,-80.41,PT60M
2025-03-30,13,-117.10,PT60M
2025-03-30,14,-50.00,PT60M
2025-03-30,15,-4.00,PT60M
2025-03-30,16,0.00,PT60M
2025-03-30,17,236.87,PT60M
2025-03-30,18,781.23,PT60M
2025-03-30,19,1122.84,PT60M
2025-03-30,20,945.69,PT60M
2025-03-30,21,635.78,PT60M
2025-03-30,22,449.99,PT60M
2025-03-30,23,580.00,PT60M
2025-03-31,1,368.16,PT60M
2025-03-31,2,327.45,PT60M
2025-03-31,3,328.63,PT60M
2025-03-31,4,348.13,PT60M
2025-03-31,5,363.77,PT60M
2025-03-31,6,493.50,PT60M
2025-03-31,7,1022.59,PT60M
2025-03-31,8,1201.10,PT60M
2025-03-31,9,880.80,PT60M
2025-03-31,10,681.67,PT60M
2025-03-31,11,566.06,PT60M
2025-03-31,12,520.30,PT60M
2025-03-31,13,458.55,PT60M
2025-03-31,14,425.22,PT60M
2025-03-31,15,384.65,PT60M
2025-03-31,16,373.85,PT60M
2025-03-31,17,471.64,PT60M
2025-03-31,18,598.30,PT60M
2025-03-31,19,716.52,PT60M
2025-03-31,20,1171.13,PT60M
2025-03-31,21,1022.59,PT60M
2025-03-31,22,679.79,PT60M
2025-03-31,23,577.74,PT60M
2025-03-31,24,510.78,PT60M
2025-04-01,1,509.71,PT60M
2025-04-01,2,480.01,PT60M
2025-04-01,3,470.33,PT60M
2025-04-01,4,476.84,PT60M
2025-04-01,5,465.44,PT60M
2025-04-01,6,513.18,PT60M
2025-04-01,7,657.79,PT60M
2025-04-01,8,879.79,PT60M
2025-04-01,9,793.23,PT60M
2025-04-01,10,546.88,PT60M
2025-04-01,11,443.04,PT60M
2025-04-01,12,379.11,PT60M
2025-04-01,13,324.17,PT60M
2025-04-01,14,216.68,PT60M
2025-04-01,15,234.71,PT60M
2025-04-01,16,284.90,PT60M
2025-04-01,17,444.60,PT60M
2025-04-01,18,548.19,PT60M
2025-04-01,19,709.78,PT60M
2025-04-01,20,850.98,PT60M
2025-04-01,21,762.98,PT60M
2025-04-01,22,570.91,PT60M
2025-04-01,23,488.08,PT60M
2025-04-01,24,402.91,PT60M
2025-04-02,1,349.45,PT60M
2025-04-02,2,348.41,PT60M
2025-04-02,3,348.08,PT60M
2025-04-02,4,356.28,PT60M
2025-04-02,5,361.47,PT60M
2025-04-02,6,428.99,PT60M
2025-04-02,7,598.79,PT60M
2025-04-02,8,770.53,PT60M
2025-04-02,9,627.25,PT60M
2025-04-02,10,428.70,PT60M
2025-04-02,11,326.39,PT60M
2025-04-02,12,238.09,PT60M
2025-04-02,13,230.63,PT60M
2025-04-02,14,219.97,PT60M
2025-04-02,15,222.33,PT60M
2025-04-02,16,350.00,PT60M
2025-04-02,17,420.31,PT60M
2025-04-02,18,540.00,PT60M
2025-04-02,19,586.14,PT60M
2025-04-02,20,762.96,PT60M
2025-04-02,21,672.52,PT60M
2025-04-02,22,540.82,PT60M
2025-04-02,23,448.20,PT60M
2025-04-02,24,374.39,PT60M
2025-04-03,1,363.77,PT60M
2025-04-03,2,381.44,PT60M
2025-04-03,3,359.66,PT60M
2025-04-03,4,358.58,PT60M
2025-04-03,5,392.95,PT60M
2025-04-03,6,511.74,PT60M
2025-04-03,7,704.29,PT60M
2025-04-03,8,825.90,PT60M
2025-04-03,9,663.43,PT60M
2025-04-03,10,393.74,PT60M
2025-04-03,11,205.95,PT60M
2025-04-03,12,15.45,PT60M
2025-04-03,13,0.22,PT60M
2025-04-03,14,2.99,PT60M
2025-04-03,15,25.42,PT60M
2025-04-03,16,41.97,PT60M
2025-04-03,17,218.79,PT60M
2025-04-03,18,472.82,PT60M
2025-04-03,19,729.19,PT60M
2025-04-03,20,975.04,PT60M
2025-04-03,21,921.09,PT60M
2025-04-03,22,716.01,PT60M
2025-04-03,23,575.14,PT60M
2025-04-03,24,530.00,PT60M
2025-04-04,1,552.96,PT60M
2025-04-04,2,528.26,PT60M
2025-04-04,3,531.02,PT60M
2025-04-04,4,531.41,PT60M
2025-04-04,5,547.98,PT60M
2025-04-04,6,578.43,PT60M
2025-04-04,7,784.10,PT60M
2025-04-04,8,919.12,PT60M
2025-04-04,9,705.53,PT60M
2025-04-04,10,480.89,PT60M
2025-04-04,11,325.60,PT60M
2025-04-04,12,38.90,PT60M
2025-04-04,13,0.01,PT60M
2025-04-04,14,0.01,PT60M
2025-04-04,15,0.01,PT60M
2025-04-04,16,7.98,PT60M
2025-04-04,17,273.76,PT60M
2025-04-04,18,549.28,PT60M
2025-04-04,19,655.75,PT60M
2025-04-04,20,889.67,PT60M
2025-04-04,21,844.12,PT60M
2025-04-04,22,688.48,PT60M
2025-04-04,23,682.71,PT60M
2025-04-04,24,560.72,PT60M
2025-04-05,1,619.70,PT60M
2025-04-05,2,584.12,PT60M
2025-04-05,3,549.20,PT60M
2025-04-05,4,539.25,PT60M
2025-04-05,5,537.23,PT60M
2025-04-05,6,541.00,PT60M
2025-04-05,7,600.16,PT60M
2025-04-05,8,580.07,PT60M
2025-04-05,9,508.65,PT60M
2025-04-05,10,287.61,PT60M
2025-04-05,11,3.28,PT60M
2025-04-05,12,-4.00,PT60M
2025-04-05,13,-68.10,PT60M
2025-04-05,14,-68.12,PT60M
2025-04-05,15,-20.00,PT60M
2025-04-05,16,0.01,PT60M
2025-04-05,17,50.04,PT60M
2025-04-05,18,228.40,PT60M
2025-04-05,19,434.67,PT60M
2025-04-05,20,789.21,PT60M
2025-04-05,21,669.98,PT60M
2025-04-05,22,504.32,PT60M
2025-04-05,23,393.17,PT60M
2025-04-05,24,342.16,PT60M
2025-04-06,1,350.64,PT60M
2025-04-06,2,309.49,PT60M
2025-04-06,3,319.77,PT60M
2025-04-06,4,351.08,PT60M
2025-04-06,5,360.77,PT60M
2025-04-06,6,399.84,PT60M
2025-04-06,7,396.13,PT60M
2025-04-06,8,403.81,PT60M
2025-04-06,9,190.83,PT60M
2025-04-06,10,0.50,PT60M
2025-04-06,11,0.00,PT60M
2025-04-06,12,-0.01,PT60M
2025-04-06,13,-20.00,PT60M
2025-04-06,14,-50.00,PT60M
2025-04-06,15,-50.00,PT60M
2025-04-06,16,0.00,PT60M
2025-04-06,17,5.55,PT60M
2025-04-06,18,374.03,PT60M
2025-04-06,19,702.41,PT60M
2025-04-06,20,762.95,PT60M
2025-04-06,21,721.19,PT60M
2025-04-06,22,625.47,PT60M
2025-04-06,23,569.91,PT60M
2025-04-06,24,508.39,PT60M
2025-04-07,1,446.16,PT60M
2025-04-07,2,439.37,PT60M
2025-04-07,3,421.36,PT60M
2025-04-07,4,432.41,PT60M
2025-04-07,5,440.97,PT60M
2025-04-07,6,507.96,PT60M
2025-04-07,7,658.88,PT60M
2025-04-07,8,880.60,PT60M
2025-04-07,9,718.72,PT60M
2025-04-07,10,540.86,PT60M
2025-04-07,11,421.24,PT60M
2025-04-07,12,322.54,PT60M
2025-04-07,13,221.47,PT60M
2025-04-07,14,230.63,PT60M
2025-04-07,15,304.11,PT60M
2025-04-07,16,385.90,PT60M
2025-04-07,17,468.50,PT60M
2025-04-07,18,580.82,PT60M
2025-04-07,19,831.13,PT60M
2025-04-07,20,1144.64,PT60M
2025-04-07,21,992.34,PT60M
2025-04-07,22,762.93,PT60M
2025-04-07,23,647.05,PT60M
2025-04-07,24,560.24,PT60M
2025-04-08,1,473.10,PT60M
2025-04-08,2,448.44,PT60M
2025-04-08,3,452.44,PT60M
2025-04-08,4,461.26,PT60M
2025-04-08,5,471.68,PT60M
2025-04-08,6,550.39,PT60M
2025-04-08,7,762.93,PT60M
2025-04-08,8,900.67,PT60M
2025-04-08,9,680.70,PT60M
2025-04-08,10,454.46,PT60M
2025-04-08,11,350.00,PT60M
2025-04-08,12,354.99,PT60M
2025-04-08,13,236.87,PT60M
2025-04-08,14,216.15,PT60M
2025-04-08,15,281.01,PT60M
2025-04-08,16,423.04,PT60M
2025-04-08,17,541.00,PT60M
2025-04-08,18,561.65,PT60M
2025-04-08,19,983.75,PT60M
2025-04-08,20,1307.45,PT60M
2025-04-08,21,1246.37,PT60M
2025-04-08,22,762.97,PT60M
2025-04-08,23,638.71,PT60M
2025-04-08,24,560.75,PT60M
2025-04-09,1,587.06,PT60M
2025-04-09,2,562.40,PT60M
2025-04-09,3,541.00,PT60M
2025-04-09,4,534.93,PT60M
2025-04-09,5,565.27,PT60M
2025-04-09,6,643.27,PT60M
2025-04-09,7,816.39,PT60M
2025-04-09,8,883.47,PT60M
2025-04-09,9,655.04,PT60M
2025-04-09,10,503.29,PT60M
2025-04-09,11,425.44,PT60M
2025-04-09,12,320.46,PT60M
2025-04-09,13,75.44,PT60M
2025-04-09,14,88.87,PT60M
2025-04-09,15,298.64,PT60M
2025-04-09,16,398.19,PT60M
2025-04-09,17,541.00,PT60M
2025-04-09,18,690.14,PT60M
2025-04-09,19,1047.84,PT60M
2025-04-09,20,1533.04,PT60M
2025-04-09,21,1504.77,PT60M
2025-04-09,22,1011.06,PT60M
2025-04-09,23,871.05,PT60M
2025-04-09,24,597.10,PT60M
2025-04-10,1,570.17,PT60M
2025-04-10,2,508.98,PT60M
2025-04-10,3,490.88,PT60M
2025-04-10,4,483.83,PT60M
2025-04-10,5,534.40,PT60M
2025-04-10,6,611.33,PT60M
2025-04-10,7,763.00,PT60M
2025-04-10,8,884.30,PT60M
2025-04-10,9,687.80,PT60M
2025-04-10,10,518.72,PT60M
2025-04-10,11,273.79,PT60M
2025-04-10,12,184.88,PT60M
2025-04-10,13,82.92,PT60M
2025-04-10,14,12.35,PT60M
2025-04-10,15,0.44,PT60M
2025-04-10,16,11.05,PT60M
2025-04-10,17,338.84,PT60M
2025-04-10,18,413.09,PT60M
2025-04-10,19,583.50,PT60M
2025-04-10,20,823.00,PT60M
2025-04-10,21,870.47,PT60M
2025-04-10,22,680.25,PT60M
2025-04-10,23,576.82,PT60M
2025-04-10,24,424.63,PT60M
2025-04-11,1,394.87,PT60M
2025-04-11,2,376.10,PT60M
2025-04-11,3,335.46,PT60M
2025-04-11,4,340.63,PT60M
2025-04-11,5,380.15,PT60M
2025-04-11,6,425.89,PT60M
2025-04-11,7,552.18,PT60M
2025-04-11,8,557.48,PT60M
2025-04-11,9,350.00,PT60M
2025-04-11,10,311.46,PT60M
2025-04-11,11,56.19,PT60M
2025-04-11,12,1.38,PT60M
2025-04-11,13,0.01,PT60M
2025-04-11,14,0.01,PT60M
2025-04-11,15,0.01,PT60M
2025-04-11,16,0.04,PT60M
2025-04-11,17,234.22,PT60M
2025-04-11,18,472.86,PT60M
2025-04-11,19,750.12,PT60M
2025-04-11,20,1071.16,PT60M
2025-04-11,21,1026.91,PT60M
2025-04-11,22,852.30,PT60M
2025-04-11,23,726.05,PT60M
2025-04-11,24,547.60,PT60M
2025-04-12,1,553.22,PT60M
2025-04-12,2,536.56,PT60M
2025-04-12,3,518.01,PT60M
2025-04-12,4,508.13,PT60M
2025-04-12,5,512.55,PT60M
2025-04-12,6,517.04,PT60M
2025-04-12,7,552.83,PT60M
2025-04-12,8,530.00,PT60M
2025-04-12,9,489.88,PT60M
2025-04-12,10,343.32,PT60M
2025-04-12,11,100.49,PT60M
2025-04-12,12,0.00,PT60M
2025-04-12,13,-39.53,PT60M
2025-04-12,14,-67.00,PT60M
2025-04-12,15,-25.48,PT60M
2025-04-12,16,0.00,PT60M
2025-04-12,17,41.98,PT60M
2025-04-12,18,433.74,PT60M
2025-04-12,19,603.29,PT60M
2025-04-12,20,972.97,PT60M
2025-04-12,21,1030.07,PT60M
2025-04-12,22,762.98,PT60M
2025-04-12,23,676.22,PT60M
2025-04-12,24,555.68,PT60M
2025-04-13,1,530.56,PT60M
2025-04-13,2,423.10,PT60M
2025-04-13,3,320.01,PT60M
2025-04-13,4,330.46,PT60M
2025-04-13,5,329.62,PT60M
2025-04-13,6,340.09,PT60M
2025-04-13,7,305.11,PT60M
2025-04-13,8,138.10,PT60M
2025-04-13,9,65.66,PT60M
2025-04-13,10,41.97,PT60M
2025-04-13,11,0.00,PT60M
2025-04-13,12,-0.10,PT60M
2025-04-13,13,-18.53,PT60M
2025-04-13,14,-93.77,PT60M
2025-04-13,15,-126.31,PT60M
2025-04-13,16,-49.45,PT60M
2025-04-13,17,-0.05,PT60M
2025-04-13,18,322.76,PT60M
2025-04-13,19,537.82,PT60M
2025-04-13,20,760.47,PT60M
2025-04-13,21,627.17,PT60M
2025-04-13,22,763.03,PT60M
2025-04-13,23,530.26,PT60M
2025-04-13,24,489.67,PT60M
2025-04-14,1,456.43,PT60M
2025-04-14,2,430.53,PT60M
2025-04-14,3,426.81,PT60M
2025-04-14,4,428.51,PT60M
2025-04-14,5,442.45,PT60M
2025-04-14,6,534.76,PT60M
2025-04-14,7,619.38,PT60M
2025-04-14,8,764.00,PT60M
2025-04-14,9,717.89,PT60M
2025-04-14,10,558.52,PT60M
2025-04-14,11,515.08,PT60M
2025-04-14,12,507.57,PT60M
2025-04-14,13,497.91,PT60M
2025-04-14,14,438.58,PT60M
2025-04-14,15,398.77,PT60M
2025-04-14,16,445.99,PT60M
2025-04-14,17,537.63,PT60M
2025-04-14,18,560.05,PT60M
2025-04-14,19,703.66,PT60M
2025-04-14,20,927.84,PT60M
2025-04-14,21,856.48,PT60M
2025-04-14,22,569.16,PT60M
2025-04-14,23,472.91,PT60M
2025-04-14,24,418.67,PT60M
2025-04-15,1,413.74,PT60M
2025-04-15,2,405.22,PT60M
2025-04-15,3,374.17,PT60M
2025-04-15,4,364.53,PT60M
2025-04-15,5,376.55,PT60M
2025-04-15,6,474.20,PT60M
2025-04-15,7,573.91,PT60M
2025-04-15,8,622.30,PT60M
2025-04-15,9,553.45,PT60M
2025-04-15,10,559.13,PT60M
2025-04-15,11,494.21,PT60M
2025-04-15,12,475.26,PT60M
2025-04-15,13,500.00,PT60M
2025-04-15,14,471.65,PT60M
2025-04-15,15,471.61,PT60M
2025-04-15,16,495.09,PT60M
2025-04-15,17,541.00,PT60M
2025-04-15,18,538.57,PT60M
2025-04-15,19,556.28,PT60M
2025-04-15,20,750.43,PT60M
2025-04-15,21,762.52,PT60M
2025-04-15,22,578.08,PT60M
2025-04-15,23,553.44,PT60M
2025-04-15,24,508.83,PT60M
2025-04-16,1,454.46,PT60M
2025-04-16,2,428.34,PT60M
2025-04-16,3,429.77,PT60M
2025-04-16,4,471.65,PT60M
2025-04-16,5,494.85,PT60M
2025-04-16,6,526.88,PT60M
2025-04-16,7,631.62,PT60M
2025-04-16,8,674.95,PT60M
2025-04-16,9,547.21,PT60M
2025-04-16,10,268.17,PT60M
2025-04-16,11,55.74,PT60M
2025-04-16,12,14.93,PT60M
2025-04-16,13,0.20,PT60M
2025-04-16,14,0.01,PT60M
2025-04-16,15,0.10,PT60M
2025-04-16,16,57.60,PT60M
2025-04-16,17,316.01,PT60M
2025-04-16,18,479.65,PT60M
2025-04-16,19,589.35,PT60M
2025-04-16,20,822.92,PT60M
2025-04-16,21,836.17,PT60M
2025-04-16,22,610.42,PT60M
2025-04-16,23,549.51,PT60M
2025-04-16,24,490.73,PT60M
2025-04-17,1,455.70,PT60M
2025-04-17,2,429.82,PT60M
2025-04-17,3,422.43,PT60M
2025-04-17,4,418.40,PT60M
2025-04-17,5,426.99,PT60M
2025-04-17,6,460.74,PT60M
2025-04-17,7,551.23,PT60M
2025-04-17,8,614.62,PT60M
2025-04-17,9,449.82,PT60M
2025-04-17,10,257.05,PT60M
2025-04-17,11,137.16,PT60M
2025-04-17,12,73.71,PT60M
2025-04-17,13,44.75,PT60M
2025-04-17,14,25.44,PT60M
2025-04-17,15,63.61,PT60M
2025-04-17,16,367.13,PT60M
2025-04-17,17,446.19,PT60M
2025-04-17,18,507.17,PT60M
2025-04-17,19,576.57,PT60M
2025-04-17,20,666.39,PT60M
2025-04-17,21,624.50,PT60M
2025-04-17,22,567.15,PT60M
2025-04-17,23,492.26,PT60M
2025-04-17,24,482.26,PT60M
2025-04-18,1,448.66,PT60M
2025-04-18,2,405.81,PT60M
2025-04-18,3,390.26,PT60M
2025-04-18,4,388.22,PT60M
2025-04-18,5,393.00,PT60M
2025-04-18,6,390.27,PT60M
2025-04-18,7,401.77,PT60M
2025-04-18,8,426.76,PT60M
2025-04-18,9,433.01,PT60M
2025-04-18,10,230.61,PT60M
2025-04-18,11,300.00,PT60M
2025-04-18,12,323.57,PT60M
2025-04-18,13,323.57,PT60M
2025-04-18,14,189.00,PT60M
2025-04-18,15,183.53,PT60M
2025-04-18,16,224.99,PT60M
2025-04-18,17,398.83,PT60M
2025-04-18,18,471.04,PT60M
2025-04-18,19,541.00,PT60M
2025-04-18,20,645.04,PT60M
2025-04-18,21,695.26,PT60M
2025-04-18,22,600.57,PT60M
2025-04-18,23,555.02,PT60M
2025-04-18,24,517.80,PT60M
2025-04-19,1,467.85,PT60M
2025-04-19,2,417.46,PT60M
2025-04-19,3,440.25,PT60M
2025-04-19,4,431.14,PT60M
2025-04-19,5,443.27,PT60M
2025-04-19,6,475.32,PT60M
2025-04-19,7,498.71,PT60M
2025-04-19,8,480.52,PT60M
2025-04-19,9,411.37,PT60M
2025-04-19,10,272.19,PT60M
2025-04-19,11,77.28,PT60M
2025-04-19,12,22.59,PT60M
2025-04-19,13,-0.01,PT60M
2025-04-19,14,-12.65,PT60M
2025-04-19,15,-30.61,PT60M
2025-04-19,16,-3.67,PT60M
2025-04-19,17,1.00,PT60M
2025-04-19,18,348.17,PT60M
2025-04-19,19,549.43,PT60M
2025-04-19,20,680.83,PT60M
2025-04-19,21,865.72,PT60M
2025-04-19,22,675.92,PT60M
2025-04-19,23,584.84,PT60M
2025-04-19,24,501.09,PT60M
2025-04-20,1,510.15,PT60M
2025-04-20,2,490.14,PT60M
2025-04-20,3,478.48,PT60M
2025-04-20,4,493.09,PT60M
2025-04-20,5,489.75,PT60M
2025-04-20,6,485.46,PT60M
2025-04-20,7,488.66,PT60M
2025-04-20,8,405.72,PT60M
2025-04-20,9,304.70,PT60M
2025-04-20,10,5.16,PT60M
2025-04-20,11,-5.00,PT60M
2025-04-20,12,-199.34,PT60M
2025-04-20,13,-500.00,PT60M
2025-04-20,14,-497.81,PT60M
2025-04-20,15,-315.60,PT60M
2025-04-20,16,-42.79,PT60M
2025-04-20,17,-0.02,PT60M
2025-04-20,18,324.90,PT60M
2025-04-20,19,533.61,PT60M
2025-04-20,20,566.05,PT60M
2025-04-20,21,693.91,PT60M
2025-04-20,22,649.53,PT60M
2025-04-20,23,604.86,PT60M
2025-04-20,24,553.53,PT60M
2025-04-21,1,534.00,PT60M
2025-04-21,2,495.62,PT60M
2025-04-21,3,473.53,PT60M
2025-04-21,4,472.77,PT60M
2025-04-21,5,490.45,PT60M
2025-04-21,6,487.68,PT60M
2025-04-21,7,470.02,PT60M
2025-04-21,8,438.49,PT60M
2025-04-21,9,377.13,PT60M
2025-04-21,10,105.63,PT60M
2025-04-21,11,4.46,PT60M
2025-04-21,12,-0.10,PT60M
2025-04-21,13,-140.43,PT60M
2025-04-21,14,-176.95,PT60M
2025-04-21,15,-22.94,PT60M
2025-04-21,16,46.51,PT60M
2025-04-21,17,224.95,PT60M
2025-04-21,18,398.20,PT60M
2025-04-21,19,499.98,PT60M
2025-04-21,20,602.89,PT60M
2025-04-21,21,692.99,PT60M
2025-04-21,22,657.50,PT60M
2025-04-21,23,611.05,PT60M
2025-04-21,24,530.10,PT60M
2025-04-22,1,484.30,PT60M
2025-04-22,2,445.91,PT60M
2025-04-22,3,439.69,PT60M
2025-04-22,4,427.09,PT60M
2025-04-22,5,430.75,PT60M
2025-04-22,6,514.96,PT60M
2025-04-22,7,616.73,PT60M
2025-04-22,8,754.89,PT60M
2025-04-22,9,696.65,PT60M
2025-04-22,10,514.76,PT60M
2025-04-22,11,442.73,PT60M
2025-04-22,12,391.25,PT60M
2025-04-22,13,374.84,PT60M
2025-04-22,14,331.40,PT60M
2025-04-22,15,357.07,PT60M
2025-04-22,16,392.97,PT60M
2025-04-22,17,428.44,PT60M
2025-04-22,18,541.00,PT60M
2025-04-22,19,726.70,PT60M
2025-04-22,20,1121.93,PT60M
2025-04-22,21,1259.87,PT60M
2025-04-22,22,769.32,PT60M
2025-04-22,23,619.43,PT60M
2025-04-22,24,575.15,PT60M
2025-04-23,1,549.00,PT60M
2025-04-23,2,506.28,PT60M
2025-04-23,3,498.38,PT60M
2025-04-23,4,498.11,PT60M
2025-04-23,5,519.49,PT60M
2025-04-23,6,565.38,PT60M
2025-04-23,7,684.15,PT60M
2025-04-23,8,720.24,PT60M
2025-04-23,9,548.76,PT60M
2025-04-23,10,499.10,PT60M
2025-04-23,11,417.48,PT60M
2025-04-23,12,431.81,PT60M
2025-04-23,13,395.00,PT60M
2025-04-23,14,396.07,PT60M
2025-04-23,15,433.31,PT60M
2025-04-23,16,477.87,PT60M
2025-04-23,17,511.49,PT60M
2025-04-23,18,557.44,PT60M
2025-04-23,19,696.68,PT60M
2025-04-23,20,920.78,PT60M
2025-04-23,21,1055.05,PT60M
2025-04-23,22,636.74,PT60M
2025-04-23,23,540.34,PT60M
2025-04-23,24,525.05,PT60M
2025-04-24,1,491.03,PT60M
2025-04-24,2,460.94,PT60M
2025-04-24,3,460.43,PT60M
2025-04-24,4,447.61,PT60M
2025-04-24,5,467.59,PT60M
2025-04-24,6,508.35,PT60M
2025-04-24,7,554.68,PT60M
2025-04-24,8,596.43,PT60M
2025-04-24,9,586.13,PT60M
2025-04-24,10,508.36,PT60M
2025-04-24,11,463.55,PT60M
2025-04-24,12,388.43,PT60M
2025-04-24,13,381.98,PT60M
2025-04-24,14,353.00,PT60M
2025-04-24,15,388.01,PT60M
2025-04-24,16,403.92,PT60M
2025-04-24,17,432.07,PT60M
2025-04-24,18,497.72,PT60M
2025-04-24,19,626.81,PT60M
2025-04-24,20,614.77,PT60M
2025-04-24,21,788.05,PT60M
2025-04-24,22,569.80,PT60M
2025-04-24,23,530.26,PT60M
2025-04-24,24,463.40,PT60M
2025-04-25,1,476.02,PT60M
2025-04-25,2,418.93,PT60M
2025-04-25,3,412.88,PT60M
2025-04-25,4,421.48,PT60M
2025-04-25,5,428.51,PT60M
2025-04-25,6,486.85,PT60M
2025-04-25,7,525.15,PT60M
2025-04-25,8,564.40,PT60M
2025-04-25,9,528.16,PT60M
2025-04-25,10,249.01,PT60M
2025-04-25,11,213.77,PT60M
2025-04-25,12,368.24,PT60M
2025-04-25,13,255.31,PT60M
2025-04-25,14,252.20,PT60M
2025-04-25,15,218.63,PT60M
2025-04-25,16,326.24,PT60M
2025-04-25,17,400.51,PT60M
2025-04-25,18,426.84,PT60M
2025-04-25,19,501.17,PT60M
2025-04-25,20,580.76,PT60M
2025-04-25,21,613.12,PT60M
2025-04-25,22,545.70,PT60M
2025-04-25,23,499.61,PT60M
2025-04-25,24,458.40,PT60M
2025-04-26,1,541.00,PT60M
2025-04-26,2,468.94,PT60M
2025-04-26,3,465.32,PT60M
2025-04-26,4,457.15,PT60M
2025-04-26,5,453.76,PT60M
2025-04-26,6,461.57,PT60M
2025-04-26,7,471.39,PT60M
2025-04-26,8,432.63,PT60M
2025-04-26,9,347.19,PT60M
2025-04-26,10,171.45,PT60M
2025-04-26,11,12.71,PT60M
2025-04-26,12,-0.04,PT60M
2025-04-26,13,-0.91,PT60M
2025-04-26,14,-20.91,PT60M
2025-04-26,15,-31.36,PT60M
2025-04-26,16,-5.87,PT60M
2025-04-26,17,0.05,PT60M
2025-04-26,18,154.24,PT60M
2025-04-26,19,396.01,PT60M
2025-04-26,20,553.28,PT60M
2025-04-26,21,576.86,PT60M
2025-04-26,22,475.49,PT60M
2025-04-26,23,428.60,PT60M
2025-04-26,24,366.22,PT60M
2025-04-27,1,345.96,PT60M
2025-04-27,2,307.08,PT60M
2025-04-27,3,288.70,PT60M
2025-04-27,4,292.17,PT60M
2025-04-27,5,320.51,PT60M
2025-04-27,6,334.84,PT60M
2025-04-27,7,332.80,PT60M
2025-04-27,8,311.18,PT60M
2025-04-27,9,174.47,PT60M
2025-04-27,10,0.20,PT60M
2025-04-27,11,-14.93,PT60M
2025-04-27,12,-80.00,PT60M
2025-04-27,13,-80.00,PT60M
2025-04-27,14,-57.00,PT60M
2025-04-27,15,-57.00,PT60M
2025-04-27,16,-80.00,PT60M
2025-04-27,17,-25.73,PT60M
2025-04-27,18,91.36,PT60M
2025-04-27,19,466.39,PT60M
2025-04-27,20,550.00,PT60M
2025-04-27,21,621.10,PT60M
2025-04-27,22,541.35,PT60M
2025-04-27,23,492.76,PT60M
2025-04-27,24,467.72,PT60M
2025-04-28,1,465.61,PT60M
2025-04-28,2,437.83,PT60M
2025-04-28,3,416.29,PT60M
2025-04-28,4,431.51,PT60M
2025-04-28,5,458.98,PT60M
2025-04-28,6,500.21,PT60M
2025-04-28,7,695.52,PT60M
2025-04-28,8,652.50,PT60M
2025-04-28,9,474.51,PT60M
2025-04-28,10,335.33,PT60M
2025-04-28,11,46.86,PT60M
2025-04-28,12,-0.05,PT60M
2025-04-28,13,-17.26,PT60M
2025-04-28,14,-29.37,PT60M
2025-04-28,15,-30.77,PT60M
2025-04-28,16,-7.67,PT60M
2025-04-28,17,10.74,PT60M
2025-04-28,18,364.92,PT60M
2025-04-28,19,549.12,PT60M
2025-04-28,20,763.81,PT60M
2025-04-28,21,986.42,PT60M
2025-04-28,22,643.65,PT60M
2025-04-28,23,528.25,PT60M
2025-04-28,24,482.86,PT60M
2025-04-29,1,459.50,PT60M
2025-04-29,2,439.74,PT60M
2025-04-29,3,415.53,PT60M
2025-04-29,4,404.26,PT60M
2025-04-29,5,409.90,PT60M
2025-04-29,6,457.87,PT60M
2025-04-29,7,532.52,PT60M
2025-04-29,8,562.23,PT60M
2025-04-29,9,463.68,PT60M
2025-04-29,10,290.23,PT60M
2025-04-29,11,7.49,PT60M
2025-04-29,12,-0.02,PT60M
2025-04-29,13,-3.78,PT60M
2025-04-29,14,-9.46,PT60M
2025-04-29,15,-4.98,PT60M
2025-04-29,16,0.00,PT60M
2025-04-29,17,74.66,PT60M
2025-04-29,18,390.00,PT60M
2025-04-29,19,507.68,PT60M
2025-04-29,20,696.28,PT60M
2025-04-29,21,882.88,PT60M
2025-04-29,22,650.25,PT60M
2025-04-29,23,546.58,PT60M
2025-04-29,24,491.55,PT60M
2025-04-30,1,472.86,PT60M
2025-04-30,2,448.36,PT60M
2025-04-30,3,443.99,PT60M
2025-04-30,4,446.71,PT60M
2025-04-30,5,464.57,PT60M
2025-04-30,6,483.69,PT60M
2025-04-30,7,572.41,PT60M
2025-04-30,8,598.87,PT60M
2025-04-30,9,453.07,PT60M
2025-04-30,10,320.33,PT60M
2025-04-30,11,35.24,PT60M
2025-04-30,12,-0.01,PT60M
2025-04-30,13,-4.98,PT60M
2025-04-30,14,-30.94,PT60M
2025-04-30,15,-14.94,PT60M
2025-04-30,16,-0.08,PT60M
2025-04-30,17,101.02,PT60M
2025-04-30,18,399.21,PT60M
2025-04-30,19,643.85,PT60M
2025-04-30,20,1051.47,PT60M
2025-04-30,21,1187.78,PT60M
2025-04-30,22,636.53,PT60M
2025-04-30,23,541.00,PT60M
2025-04-30,24,495.84,PT60M
2025-05-01,1,495.89,PT60M
2025-05-01,2,467.26,PT60M
2025-05-01,3,459.52,PT60M
2025-05-01,4,460.93,PT60M
2025-05-01,5,461.07,PT60M
2025-05-01,6,426.85,PT60M
2025-05-01,7,407.98,PT60M
2025-05-01,8,360.58,PT60M
2025-05-01,9,278.41,PT60M
2025-05-01,10,0.00,PT60M
2025-05-01,11,-14.93,PT60M
2025-05-01,12,-199.59,PT60M
2025-05-01,13,-394.20,PT60M
2025-05-01,14,-500.67,PT60M
2025-05-01,15,-500.87,PT60M
2025-05-01,16,-248.82,PT60M
2025-05-01,17,-25.73,PT60M
2025-05-01,18,187.23,PT60M
2025-05-01,19,485.10,PT60M
2025-05-01,20,640.72,PT60M
2025-05-01,21,816.38,PT60M
2025-05-01,22,602.51,PT60M
2025-05-01,23,498.07,PT60M
2025-05-01,24,430.54,PT60M
2025-05-02,1,440.72,PT60M
2025-05-02,2,363.51,PT60M
2025-05-02,3,312.73,PT60M
2025-05-02,4,310.50,PT60M
2025-05-02,5,330.13,PT60M
2025-05-02,6,381.28,PT60M
2025-05-02,7,437.20,PT60M
2025-05-02,8,396.97,PT60M
2025-05-02,9,67.82,PT60M
2025-05-02,10,113.66,PT60M
2025-05-02,11,4.23,PT60M
2025-05-02,12,-0.05,PT60M
2025-05-02,13,-4.00,PT60M
2025-05-02,14,-14.96,PT60M
2025-05-02,15,-19.91,PT60M
2025-05-02,16,-0.39,PT60M
2025-05-02,17,1.50,PT60M
2025-05-02,18,347.57,PT60M
2025-05-02,19,509.92,PT60M
2025-05-02,20,624.85,PT60M
2025-05-02,21,740.56,PT60M
2025-05-02,22,612.86,PT60M
2025-05-02,23,541.00,PT60M
2025-05-02,24,490.10,PT60M
2025-05-03,1,495.09,PT60M
2025-05-03,2,473.66,PT60M
2025-05-03,3,466.34,PT60M
2025-05-03,4,457.66,PT60M
2025-05-03,5,446.57,PT60M
2025-05-03,6,447.42,PT60M
2025-05-03,7,442.99,PT60M
2025-05-03,8,417.39,PT60M
2025-05-03,9,332.99,PT60M
2025-05-03,10,67.32,PT60M
2025-05-03,11,0.05,PT60M
2025-05-03,12,-0.05,PT60M
2025-05-03,13,-5.76,PT60M
2025-05-03,14,-15.14,PT60M
2025-05-03,15,-13.37,PT60M
2025-05-03,16,-0.13,PT60M
2025-05-03,17,0.01,PT60M
2025-05-03,18,146.64,PT60M
2025-05-03,19,406.71,PT60M
2025-05-03,20,472.36,PT60M
2025-05-03,21,612.24,PT60M
2025-05-03,22,513.53,PT60M
2025-05-03,23,427.49,PT60M
2025-05-03,24,360.24,PT60M
2025-05-04,1,306.31,PT60M
2025-05-04,2,228.23,PT60M
2025-05-04,3,166.57,PT60M
2025-05-04,4,105.20,PT60M
2025-05-04,5,101.08,PT60M
2025-05-04,6,77.55,PT60M
2025-05-04,7,67.81,PT60M
2025-05-04,8,38.99,PT60M
2025-05-04,9,14.56,PT60M
2025-05-04,10,0.00,PT60M
2025-05-04,11,-0.03,PT60M
2025-05-04,12,-0.04,PT60M
2025-05-04,13,-0.09,PT60M
2025-05-04,14,-9.95,PT60M
2025-05-04,15,-24.94,PT60M
2025-05-04,16,-7.92,PT60M
2025-05-04,17,-0.05,PT60M
2025-05-04,18,52.46,PT60M
2025-05-04,19,416.07,PT60M
2025-05-04,20,492.90,PT60M
2025-05-04,21,542.56,PT60M
2025-05-04,22,531.00,PT60M
2025-05-04,23,498.25,PT60M
2025-05-04,24,446.85,PT60M
2025-05-05,1,346.96,PT60M
2025-05-05,2,357.58,PT60M
2025-05-05,3,327.05,PT60M
2025-05-05,4,337.84,PT60M
2025-05-05,5,348.59,PT60M
2025-05-05,6,443.44,PT60M
2025-05-05,7,531.59,PT60M
2025-05-05,8,630.51,PT60M
2025-05-05,9,552.50,PT60M
2025-05-05,10,478.68,PT60M
2025-05-05,11,439.06,PT60M
2025-05-05,12,344.25,PT60M
2025-05-05,13,248.87,PT60M
2025-05-05,14,248.87,PT60M
2025-05-05,15,292.89,PT60M
2025-05-05,16,347.80,PT60M
2025-05-05,17,534.44,PT60M
2025-05-05,18,481.34,PT60M
2025-05-05,19,572.47,PT60M
2025-05-05,20,691.96,PT60M
2025-05-05,21,1323.00,PT60M
2025-05-05,22,649.27,PT60M
2025-05-05,23,541.00,PT60M
2025-05-05,24,489.12,PT60M
2025-05-06,1,423.57,PT60M
2025-05-06,2,392.47,PT60M
2025-05-06,3,378.17,PT60M
2025-05-06,4,372.49,PT60M
2025-05-06,5,410.61,PT60M
2025-05-06,6,473.44,PT60M
2025-05-06,7,552.94,PT60M
2025-05-06,8,610.14,PT60M
2025-05-06,9,492.10,PT60M
2025-05-06,10,459.69,PT60M
2025-05-06,11,413.00,PT60M
2025-05-06,12,347.27,PT60M
2025-05-06,13,315.48,PT60M
2025-05-06,14,303.41,PT60M
2025-05-06,15,332.66,PT60M
2025-05-06,16,397.64,PT60M
2025-05-06,17,429.44,PT60M
2025-05-06,18,506.62,PT60M
2025-05-06,19,600.29,PT60M
2025-05-06,20,843.91,PT60M
2025-05-06,21,799.64,PT60M
2025-05-06,22,655.89,PT60M
2025-05-06,23,553.86,PT60M
2025-05-06,24,499.95,PT60M
2025-05-07,1,478.99,PT60M
2025-05-07,2,450.71,PT60M
2025-05-07,3,441.50,PT60M
2025-05-07,4,453.14,PT60M
2025-05-07,5,463.26,PT60M
2025-05-07,6,509.59,PT60M
2025-05-07,7,628.30,PT60M
2025-05-07,8,702.03,PT60M
2025-05-07,9,604.99,PT60M
2025-05-07,10,528.47,PT60M
2025-05-07,11,491.90,PT60M
2025-05-07,12,430.84,PT60M
2025-05-07,13,379.77,PT60M
2025-05-07,14,384.90,PT60M
2025-05-07,15,398.78,PT60M
2025-05-07,16,440.00,PT60M
2025-05-07,17,463.33,PT60M
2025-05-07,18,509.31,PT60M
2025-05-07,19,565.87,PT60M
2025-05-07,20,673.89,PT60M
2025-05-07,21,823.88,PT60M
2025-05-07,22,647.48,PT60M
2025-05-07,23,552.03,PT60M
2025-05-07,24,495.17,PT60M
2025-05-08,1,500.53,PT60M
2025-05-08,2,478.56,PT60M
2025-05-08,3,477.95,PT60M
2025-05-08,4,489.52,PT60M
2025-05-08,5,482.90,PT60M
2025-05-08,6,572.50,PT60M
2025-05-08,7,641.50,PT60M
2025-05-08,8,686.12,PT60M
2025-05-08,9,609.62,PT60M
2025-05-08,10,530.04,PT60M
2025-05-08,11,464.20,PT60M
2025-05-08,12,403.11,PT60M
2025-05-08,13,340.51,PT60M
2025-05-08,14,337.38,PT60M
2025-05-08,15,371.56,PT60M
2025-05-08,16,420.64,PT60M
2025-05-08,17,503.50,PT60M
2025-05-08,18,600.45,PT60M
2025-05-08,19,731.62,PT60M
2025-05-08,20,891.69,PT60M
2025-05-08,21,1119.89,PT60M
2025-05-08,22,811.95,PT60M
2025-05-08,23,731.75,PT60M
2025-05-08,24,635.90,PT60M
2025-05-09,1,516.73,PT60M
2025-05-09,2,507.80,PT60M
2025-05-09,3,492.87,PT60M
2025-05-09,4,499.63,PT60M
2025-05-09,5,509.19,PT60M
2025-05-09,6,556.48,PT60M
2025-05-09,7,685.65,PT60M
2025-05-09,8,656.37,PT60M
2025-05-09,9,481.18,PT60M
2025-05-09,10,432.31,PT60M
2025-05-09,11,276.50,PT60M
2025-05-09,12,26.09,PT60M
2025-05-09,13,26.09,PT60M
2025-05-09,14,1.14,PT60M
2025-05-09,15,0.09,PT60M
2025-05-09,16,159.16,PT60M
2025-05-09,17,373.81,PT60M
2025-05-09,18,486.04,PT60M
2025-05-09,19,654.66,PT60M
2025-05-09,20,843.86,PT60M
2025-05-09,21,975.66,PT60M
2025-05-09,22,781.67,PT60M
2025-05-09,23,684.95,PT60M
2025-05-09,24,556.66,PT60M
2025-05-10,1,614.58,PT60M
2025-05-10,2,539.50,PT60M
2025-05-10,3,518.00,PT60M
2025-05-10,4,494.31,PT60M
2025-05-10,5,515.63,PT60M
2025-05-10,6,514.58,PT60M
2025-05-10,7,500.00,PT60M
2025-05-10,8,474.36,PT60M
2025-05-10,9,364.58,PT60M
2025-05-10,10,51.22,PT60M
2025-05-10,11,15.06,PT60M
2025-05-10,12,26.22,PT60M
2025-05-10,13,25.61,PT60M
2025-05-10,14,15.37,PT60M
2025-05-10,15,28.26,PT60M
2025-05-10,16,26.17,PT60M
2025-05-10,17,342.80,PT60M
2025-05-10,18,484.60,PT60M
2025-05-10,19,523.30,PT60M
2025-05-10,20,646.26,PT60M
2025-05-10,21,1131.03,PT60M
2025-05-10,22,684.80,PT60M
2025-05-10,23,588.06,PT60M
2025-05-10,24,500.27,PT60M
2025-05-11,1,508.31,PT60M
2025-05-11,2,501.65,PT60M
2025-05-11,3,494.16,PT60M
2025-05-11,4,504.19,PT60M
2025-05-11,5,504.24,PT60M
2025-05-11,6,504.20,PT60M
2025-05-11,7,463.69,PT60M
2025-05-11,8,346.81,PT60M
2025-05-11,9,25.37,PT60M
2025-05-11,10,0.00,PT60M
2025-05-11,11,0.02,PT60M
2025-05-11,12,0.07,PT60M
2025-05-11,13,0.04,PT60M
2025-05-11,14,0.02,PT60M
2025-05-11,15,0.01,PT60M
2025-05-11,16,15.35,PT60M
2025-05-11,17,218.17,PT60M
2025-05-11,18,307.30,PT60M
2025-05-11,19,665.02,PT60M
2025-05-11,20,784.35,PT60M
2025-05-11,21,941.42,PT60M
2025-05-11,22,638.84,PT60M
2025-05-11,23,566.28,PT60M
2025-05-11,24,475.90,PT60M
2025-05-12,1,455.94,PT60M
2025-05-12,2,430.88,PT60M
2025-05-12,3,428.65,PT60M
2025-05-12,4,431.82,PT60M
2025-05-12,5,450.00,PT60M
2025-05-12,6,537.47,PT60M
2025-05-12,7,797.76,PT60M
2025-05-12,8,805.98,PT60M
2025-05-12,9,614.91,PT60M
2025-05-12,10,434.25,PT60M
2025-05-12,11,246.94,PT60M
2025-05-12,12,195.15,PT60M
2025-05-12,13,281.41,PT60M
2025-05-12,14,296.76,PT60M
2025-05-12,15,292.78,PT60M
2025-05-12,16,332.57,PT60M
2025-05-12,17,426.35,PT60M
2025-05-12,18,569.90,PT60M
2025-05-12,19,911.86,PT60M
2025-05-12,20,1346.51,PT60M
2025-05-12,21,1851.00,PT60M
2025-05-12,22,858.36,PT60M
2025-05-12,23,835.12,PT60M
2025-05-12,24,562.19,PT60M
2025-05-13,1,534.96,PT60M
2025-05-13,2,487.26,PT60M
2025-05-13,3,482.56,PT60M
2025-05-13,4,493.16,PT60M
2025-05-13,5,508.26,PT60M
2025-05-13,6,597.55,PT60M
2025-05-13,7,702.27,PT60M
2025-05-13,8,657.62,PT60M
2025-05-13,9,513.94,PT60M
2025-05-13,10,418.40,PT60M
2025-05-13,11,150.61,PT60M
2025-05-13,12,78.45,PT60M
2025-05-13,13,136.79,PT60M
2025-05-13,14,189.27,PT60M
2025-05-13,15,201.07,PT60M
2025-05-13,16,253.91,PT60M
2025-05-13,17,450.00,PT60M
2025-05-13,18,475.86,PT60M
2025-05-13,19,589.71,PT60M
2025-05-13,20,899.38,PT60M
2025-05-13,21,1643.10,PT60M
2025-05-13,22,807.57,PT60M
2025-05-13,23,657.67,PT60M
2025-05-13,24,553.14,PT60M
2025-05-14,1,580.38,PT60M
2025-05-14,2,534.44,PT60M
2025-05-14,3,531.26,PT60M
2025-05-14,4,520.69,PT60M
2025-05-14,5,520.80,PT60M
2025-05-14,6,561.08,PT60M
2025-05-14,7,706.50,PT60M
2025-05-14,8,622.70,PT60M
2025-05-14,9,508.58,PT60M
2025-05-14,10,369.98,PT60M
2025-05-14,11,50.56,PT60M
2025-05-14,12,64.69,PT60M
2025-05-14,13,90.74,PT60M
2025-05-14,14,72.28,PT60M
2025-05-14,15,80.65,PT60M
2025-05-14,16,145.37,PT60M
2025-05-14,17,307.98,PT60M
2025-05-14,18,595.83,PT60M
2025-05-14,19,781.72,PT60M
2025-05-14,20,1094.00,PT60M
2025-05-14,21,1800.56,PT60M
2025-05-14,22,725.86,PT60M
2025-05-14,23,594.93,PT60M
2025-05-14,24,547.30,PT60M
2025-05-15,1,535.49,PT60M
2025-05-15,2,493.61,PT60M
2025-05-15,3,483.17,PT60M
2025-05-15,4,487.78,PT60M
2025-05-15,5,499.93,PT60M
2025-05-15,6,538.87,PT60M
2025-05-15,7,645.60,PT60M
2025-05-15,8,667.97,PT60M
2025-05-15,9,508.43,PT60M
2025-05-15,10,358.66,PT60M
2025-05-15,11,69.45,PT60M
2025-05-15,12,43.02,PT60M
2025-05-15,13,43.01,PT60M
2025-05-15,14,65.12,PT60M
2025-05-15,15,78.88,PT60M
2025-05-15,16,225.29,PT60M
2025-05-15,17,410.42,PT60M
2025-05-15,18,463.46,PT60M
2025-05-15,19,560.25,PT60M
2025-05-15,20,698.45,PT60M
2025-05-15,21,848.94,PT60M
2025-05-15,22,662.44,PT60M
2025-05-15,23,577.55,PT60M
2025-05-15,24,545.78,PT60M
2025-05-16,1,510.57,PT60M
2025-05-16,2,460.15,PT60M
2025-05-16,3,446.17,PT60M
2025-05-16,4,442.21,PT60M
2025-05-16,5,461.82,PT60M
2025-05-16,6,496.96,PT60M
2025-05-16,7,567.03,PT60M
2025-05-16,8,595.33,PT60M
2025-05-16,9,555.30,PT60M
2025-05-16,10,483.61,PT60M
2025-05-16,11,449.87,PT60M
2025-05-16,12,196.00,PT60M
2025-05-16,13,228.10,PT60M
2025-05-16,14,212.70,PT60M
2025-05-16,15,306.22,PT60M
2025-05-16,16,450.00,PT60M
2025-05-16,17,475.82,PT60M
2025-05-16,18,541.28,PT60M
2025-05-16,19,782.35,PT60M
2025-05-16,20,665.18,PT60M
2025-05-16,21,1002.01,PT60M
2025-05-16,22,782.35,PT60M
2025-05-16,23,596.39,PT60M
2025-05-16,24,608.90,PT60M
2025-05-17,1,480.79,PT60M
2025-05-17,2,481.56,PT60M
2025-05-17,3,456.56,PT60M
2025-05-17,4,458.13,PT60M
2025-05-17,5,464.62,PT60M
2025-05-17,6,488.94,PT60M
2025-05-17,7,472.94,PT60M
2025-05-17,8,461.82,PT60M
2025-05-17,9,308.40,PT60M
2025-05-17,10,5.10,PT60M
2025-05-17,11,0.00,PT60M
2025-05-17,12,0.00,PT60M
2025-05-17,13,-0.05,PT60M
2025-05-17,14,-0.10,PT60M
2025-05-17,15,-0.01,PT60M
2025-05-17,16,0.00,PT60M
2025-05-17,17,69.56,PT60M
2025-05-17,18,292.75,PT60M
2025-05-17,19,651.54,PT60M
2025-05-17,20,801.79,PT60M
2025-05-17,21,1208.43,PT60M
2025-05-17,22,865.03,PT60M
2025-05-17,23,782.29,PT60M
2025-05-17,24,751.22,PT60M
2025-05-18,1,551.59,PT60M
2025-05-18,2,522.81,PT60M
2025-05-18,3,508.09,PT60M
2025-05-18,4,502.05,PT60M
2025-05-18,5,506.96,PT60M
2025-05-18,6,505.25,PT60M
2025-05-18,7,470.04,PT60M
2025-05-18,8,449.03,PT60M
2025-05-18,9,324.61,PT60M
2025-05-18,10,43.66,PT60M
2025-05-18,11,0.00,PT60M
2025-05-18,12,-1.02,PT60M
2025-05-18,13,-10.21,PT60M
2025-05-18,14,-37.61,PT60M
2025-05-18,15,-76.55,PT60M
2025-05-18,16,-45.78,PT60M
2025-05-18,17,0.00,PT60M
2025-05-18,18,129.31,PT60M
2025-05-18,19,490.00,PT60M
2025-05-18,20,668.54,PT60M
2025-05-18,21,782.32,PT60M
2025-05-18,22,675.62,PT60M
2025-05-18,23,612.58,PT60M
2025-05-18,24,540.05,PT60M
2025-05-19,1,574.41,PT60M
2025-05-19,2,540.83,PT60M
2025-05-19,3,505.51,PT60M
2025-05-19,4,489.30,PT60M
2025-05-19,5,539.66,PT60M
2025-05-19,6,605.10,PT60M
2025-05-19,7,712.32,PT60M
2025-05-19,8,689.75,PT60M
2025-05-19,9,606.67,PT60M
2025-05-19,10,490.09,PT60M
2025-05-19,11,367.60,PT60M
2025-05-19,12,148.14,PT60M
2025-05-19,13,65.18,PT60M
2025-05-19,14,25.52,PT60M
2025-05-19,15,40.85,PT60M
2025-05-19,16,147.98,PT60M
2025-05-19,17,418.42,PT60M
2025-05-19,18,537.70,PT60M
2025-05-19,19,633.21,PT60M
2025-05-19,20,782.29,PT60M
2025-05-19,21,1175.18,PT60M
2025-05-19,22,785.14,PT60M
2025-05-19,23,695.20,PT60M
2025-05-19,24,609.05,PT60M
2025-05-20,1,622.06,PT60M
2025-05-20,2,564.15,PT60M
2025-05-20,3,550.96,PT60M
2025-05-20,4,568.61,PT60M
2025-05-20,5,632.01,PT60M
2025-05-20,6,683.76,PT60M
2025-05-20,7,741.26,PT60M
2025-05-20,8,685.87,PT60M
2025-05-20,9,453.33,PT60M
2025-05-20,10,161.30,PT60M
2025-05-20,11,280.68,PT60M
2025-05-20,12,81.60,PT60M
2025-05-20,13,122.99,PT60M
2025-05-20,14,134.41,PT60M
2025-05-20,15,196.00,PT60M
2025-05-20,16,322.61,PT60M
2025-05-20,17,479.28,PT60M
2025-05-20,18,558.20,PT60M
2025-05-20,19,719.11,PT60M
2025-05-20,20,1238.98,PT60M
2025-05-20,21,1524.00,PT60M
2025-05-20,22,900.27,PT60M
2025-05-20,23,699.00,PT60M
2025-05-20,24,585.97,PT60M
2025-05-21,1,988.39,PT60M
2025-05-21,2,906.48,PT60M
2025-05-21,3,886.55,PT60M
2025-05-21,4,911.23,PT60M
2025-05-21,5,975.56,PT60M
2025-05-21,6,1115.89,PT60M
2025-05-21,7,1126.91,PT60M
2025-05-21,8,694.35,PT60M
2025-05-21,9,450.00,PT60M
2025-05-21,10,426.78,PT60M
2025-05-21,11,212.42,PT60M
2025-05-21,12,288.30,PT60M
2025-05-21,13,251.58,PT60M
2025-05-21,14,227.27,PT60M
2025-05-21,15,306.71,PT60M
2025-05-21,16,512.05,PT60M
2025-05-21,17,590.34,PT60M
2025-05-21,18,899.48,PT60M
2025-05-21,19,1138.02,PT60M
2025-05-21,20,1469.85,PT60M
2025-05-21,21,1786.18,PT60M
2025-05-21,22,951.18,PT60M
2025-05-21,23,794.98,PT60M
2025-05-21,24,798.85,PT60M
2025-05-22,1,533.54,PT60M
2025-05-22,2,486.76,PT60M
2025-05-22,3,456.50,PT60M
2025-05-22,4,460.39,PT60M
2025-05-22,5,460.95,PT60M
2025-05-22,6,495.56,PT60M
2025-05-22,7,596.92,PT60M
2025-05-22,8,612.18,PT60M
2025-05-22,9,541.47,PT60M
2025-05-22,10,450.00,PT60M
2025-05-22,11,356.38,PT60M
2025-05-22,12,333.17,PT60M
2025-05-22,13,207.93,PT60M
2025-05-22,14,268.82,PT60M
2025-05-22,15,330.55,PT60M
2025-05-22,16,472.66,PT60M
2025-05-22,17,501.68,PT60M
2025-05-22,18,559.76,PT60M
2025-05-22,19,629.46,PT60M
2025-05-22,20,673.14,PT60M
2025-05-22,21,933.88,PT60M
2025-05-22,22,698.41,PT60M
2025-05-22,23,617.66,PT60M
2025-05-22,24,587.84,PT60M
2025-05-23,1,550.44,PT60M
2025-05-23,2,504.72,PT60M
2025-05-23,3,470.99,PT60M
2025-05-23,4,469.38,PT60M
2025-05-23,5,510.77,PT60M
2025-05-23,6,590.63,PT60M
2025-05-23,7,702.21,PT60M
2025-05-23,8,735.58,PT60M
2025-05-23,9,646.08,PT60M
2025-05-23,10,493.61,PT60M
2025-05-23,11,445.39,PT60M
2025-05-23,12,376.22,PT60M
2025-05-23,13,234.25,PT60M
2025-05-23,14,230.18,PT60M
2025-05-23,15,279.02,PT60M
2025-05-23,16,392.50,PT60M
2025-05-23,17,500.00,PT60M
2025-05-23,18,505.43,PT60M
2025-05-23,19,643.63,PT60M
2025-05-23,20,759.72,PT60M
2025-05-23,21,1093.39,PT60M
2025-05-23,22,769.13,PT60M
2025-05-23,23,656.31,PT60M
2025-05-23,24,570.91,PT60M
2025-05-24,1,568.58,PT60M
2025-05-24,2,500.00,PT60M
2025-05-24,3,477.64,PT60M
2025-05-24,4,454.59,PT60M
2025-05-24,5,450.00,PT60M
2025-05-24,6,450.00,PT60M
2025-05-24,7,455.04,PT60M
2025-05-24,8,395.43,PT60M
2025-05-24,9,320.31,PT60M
2025-05-24,10,62.00,PT60M
2025-05-24,11,4.27,PT60M
2025-05-24,12,38.86,PT60M
2025-05-24,13,42.68,PT60M
2025-05-24,14,51.72,PT60M
2025-05-24,15,74.84,PT60M
2025-05-24,16,75.85,PT60M
2025-05-24,17,278.55,PT60M
2025-05-24,18,357.23,PT60M
2025-05-24,19,482.31,PT60M
2025-05-24,20,619.56,PT60M
2025-05-24,21,893.49,PT60M
2025-05-24,22,697.35,PT60M
2025-05-24,23,658.78,PT60M
2025-05-24,24,515.86,PT60M
2025-05-25,1,450.00,PT60M
2025-05-25,2,299.38,PT60M
2025-05-25,3,131.03,PT60M
2025-05-25,4,51.10,PT60M
2025-05-25,5,40.43,PT60M
2025-05-25,6,32.40,PT60M
2025-05-25,7,7.48,PT60M
2025-05-25,8,7.13,PT60M
2025-05-25,9,18.32,PT60M
2025-05-25,10,17.74,PT60M
2025-05-25,11,61.98,PT60M
2025-05-25,12,109.37,PT60M
2025-05-25,13,151.65,PT60M
2025-05-25,14,89.83,PT60M
2025-05-25,15,50.99,PT60M
2025-05-25,16,63.85,PT60M
2025-05-25,17,31.13,PT60M
2025-05-25,18,88.58,PT60M
2025-05-25,19,343.89,PT60M
2025-05-25,20,510.05,PT60M
2025-05-25,21,588.22,PT60M
2025-05-25,22,586.21,PT60M
2025-05-25,23,531.87,PT60M
2025-05-25,24,486.55,PT60M
2025-05-26,1,480.20,PT60M
2025-05-26,2,442.99,PT60M
2025-05-26,3,428.04,PT60M
2025-05-26,4,422.29,PT60M
2025-05-26,5,446.90,PT60M
2025-05-26,6,498.18,PT60M
2025-05-26,7,642.97,PT60M
2025-05-26,8,758.44,PT60M
2025-05-26,9,684.71,PT60M
2025-05-26,10,503.95,PT60M
2025-05-26,11,429.99,PT60M
2025-05-26,12,260.40,PT60M
2025-05-26,13,171.19,PT60M
2025-05-26,14,151.65,PT60M
2025-05-26,15,100.26,PT60M
2025-05-26,16,75.90,PT60M
2025-05-26,17,300.58,PT60M
2025-05-26,18,499.63,PT60M
2025-05-26,19,655.60,PT60M
2025-05-26,20,822.23,PT60M
2025-05-26,21,1214.48,PT60M
2025-05-26,22,885.41,PT60M
2025-05-26,23,728.98,PT60M
2025-05-26,24,575.63,PT60M
2025-05-27,1,534.72,PT60M
2025-05-27,2,475.73,PT60M
2025-05-27,3,442.85,PT60M
2025-05-27,4,434.34,PT60M
2025-05-27,5,450.00,PT60M
2025-05-27,6,484.57,PT60M
2025-05-27,7,564.43,PT60M
2025-05-27,8,475.25,PT60M
2025-05-27,9,355.00,PT60M
2025-05-27,10,262.74,PT60M
2025-05-27,11,22.81,PT60M
2025-05-27,12,17.33,PT60M
2025-05-27,13,1.02,PT60M
2025-05-27,14,14.86,PT60M
2025-05-27,15,42.63,PT60M
2025-05-27,16,95.11,PT60M
2025-05-27,17,308.36,PT60M
2025-05-27,18,465.04,PT60M
2025-05-27,19,592.46,PT60M
2025-05-27,20,727.66,PT60M
2025-05-27,21,1106.23,PT60M
2025-05-27,22,751.02,PT60M
2025-05-27,23,600.85,PT60M
2025-05-27,24,502.32,PT60M
2025-05-28,1,465.74,PT60M
2025-05-28,2,389.39,PT60M
2025-05-28,3,375.05,PT60M
2025-05-28,4,352.28,PT60M
2025-05-28,5,370.96,PT60M
2025-05-28,6,426.04,PT60M
2025-05-28,7,500.00,PT60M
2025-05-28,8,520.18,PT60M
2025-05-28,9,496.79,PT60M
2025-05-28,10,474.45,PT60M
2025-05-28,11,405.82,PT60M
2025-05-28,12,350.00,PT60M
2025-05-28,13,343.69,PT60M
2025-05-28,14,264.57,PT60M
2025-05-28,15,298.12,PT60M
2025-05-28,16,301.42,PT60M
2025-05-28,17,385.32,PT60M
2025-05-28,18,567.13,PT60M
2025-05-28,19,662.49,PT60M
2025-05-28,20,715.56,PT60M
2025-05-28,21,875.31,PT60M
2025-05-28,22,703.42,PT60M
2025-05-28,23,629.68,PT60M
2025-05-28,24,560.93,PT60M
2025-05-29,1,489.77,PT60M
2025-05-29,2,467.31,PT60M
2025-05-29,3,457.73,PT60M
2025-05-29,4,455.58,PT60M
2025-05-29,5,454.50,PT60M
2025-05-29,6,456.87,PT60M
2025-05-29,7,500.00,PT60M
2025-05-29,8,416.99,PT60M
2025-05-29,9,414.45,PT60M
2025-05-29,10,307.94,PT60M
2025-05-29,11,91.13,PT60M
2025-05-29,12,14.88,PT60M
2025-05-29,13,28.41,PT60M
2025-05-29,14,53.29,PT60M
2025-05-29,15,61.00,PT60M
2025-05-29,16,100.00,PT60M
2025-05-29,17,170.24,PT60M
2025-05-29,18,417.42,PT60M
2025-05-29,19,549.46,PT60M
2025-05-29,20,618.11,PT60M
2025-05-29,21,830.27,PT60M
2025-05-29,22,675.10,PT60M
2025-05-29,23,519.84,PT60M
2025-05-29,24,433.78,PT60M
2025-05-30,1,369.98,PT60M
2025-05-30,2,292.27,PT60M
2025-05-30,3,209.04,PT60M
2025-05-30,4,171.60,PT60M
2025-05-30,5,189.03,PT60M
2025-05-30,6,289.41,PT60M
2025-05-30,7,450.00,PT60M
2025-05-30,8,345.69,PT60M
2025-05-30,9,267.96,PT60M
2025-05-30,10,147.24,PT60M
2025-05-30,11,14.86,PT60M
2025-05-30,12,14.86,PT60M
2025-05-30,13,20.32,PT60M
2025-05-30,14,3.87,PT60M
2025-05-30,15,0.20,PT60M
2025-05-30,16,0.62,PT60M
2025-05-30,17,0.72,PT60M
2025-05-30,18,147.62,PT60M
2025-05-30,19,408.08,PT60M
2025-05-30,20,669.91,PT60M
2025-05-30,21,892.21,PT60M
2025-05-30,22,740.91,PT60M
2025-05-30,23,658.15,PT60M
2025-05-30,24,547.36,PT60M
2025-05-31,1,542.14,PT60M
2025-05-31,2,511.84,PT60M
2025-05-31,3,509.79,PT60M
2025-05-31,4,515.12,PT60M
2025-05-31,5,520.36,PT60M
2025-05-31,6,510.05,PT60M
2025-05-31,7,456.28,PT60M
2025-05-31,8,398.75,PT60M
2025-05-31,9,275.20,PT60M
2025-05-31,10,5.07,PT60M
2025-05-31,11,-0.08,PT60M
2025-05-31,12,-5.07,PT60M
2025-05-31,13,-15.54,PT60M
2025-05-31,14,-66.74,PT60M
2025-05-31,15,-39.24,PT60M
2025-05-31,16,-15.20,PT60M
2025-05-31,17,0.15,PT60M
2025-05-31,18,220.05,PT60M
2025-05-31,19,450.00,PT60M
2025-05-31,20,665.48,PT60M
2025-05-31,21,1237.10,PT60M
2025-05-31,22,968.11,PT60M
2025-05-31,23,664.51,PT60M
2025-05-31,24,522.82,PT60M
2025-06-01,1,499.75,PT60M
2025-06-01,2,431.19,PT60M
2025-06-01,3,402.96,PT60M
2025-06-01,4,369.11,PT60M
2025-06-01,5,353.17,PT60M
2025-06-01,6,320.93,PT60M
2025-06-01,7,176.59,PT60M
2025-06-01,8,65.83,PT60M
2025-06-01,9,12.15,PT60M
2025-06-01,10,-0.05,PT60M
2025-06-01,11,-3.04,PT60M
2025-06-01,12,-10.67,PT60M
2025-06-01,13,-27.76,PT60M
2025-06-01,14,-65.48,PT60M
2025-06-01,15,-103.34,PT60M
2025-06-01,16,-79.04,PT60M
2025-06-01,17,-30.38,PT60M
2025-06-01,18,132.16,PT60M
2025-06-01,19,447.43,PT60M
2025-06-01,20,769.34,PT60M
2025-06-01,21,707.89,PT60M
2025-06-01,22,688.62,PT60M
2025-06-01,23,559.77,PT60M
2025-06-01,24,495.32,PT60M
2025-06-02,1,474.06,PT60M
2025-06-02,2,444.60,PT60M
2025-06-02,3,417.45,PT60M
2025-06-02,4,422.02,PT60M
2025-06-02,5,488.39,PT60M
2025-06-02,6,521.02,PT60M
2025-06-02,7,565.29,PT60M
2025-06-02,8,551.21,PT60M
2025-06-02,9,518.70,PT60M
2025-06-02,10,445.02,PT60M
2025-06-02,11,302.14,PT60M
2025-06-02,12,168.15,PT60M
2025-06-02,13,101.28,PT60M
2025-06-02,14,64.70,PT60M
2025-06-02,15,55.70,PT60M
2025-06-02,16,100.00,PT60M
2025-06-02,17,303.83,PT60M
2025-06-02,18,491.27,PT60M
2025-06-02,19,797.48,PT60M
2025-06-02,20,1500.70,PT60M
2025-06-02,21,2069.82,PT60M
2025-06-02,22,1256.65,PT60M
2025-06-02,23,746.64,PT60M
2025-06-02,24,617.00,PT60M
2025-06-03,1,594.85,PT60M
2025-06-03,2,582.78,PT60M
2025-06-03,3,539.45,PT60M
2025-06-03,4,528.75,PT60M
2025-06-03,5,539.03,PT60M
2025-06-03,6,617.81,PT60M
2025-06-03,7,711.26,PT60M
2025-06-03,8,633.25,PT60M
2025-06-03,9,448.41,PT60M
2025-06-03,10,296.46,PT60M
2025-06-03,11,29.53,PT60M
2025-06-03,12,27.72,PT60M
2025-06-03,13,34.03,PT60M
2025-06-03,14,25.92,PT60M
2025-06-03,15,16.96,PT60M
2025-06-03,16,50.21,PT60M
2025-06-03,17,228.99,PT60M
2025-06-03,18,459.61,PT60M
2025-06-03,19,727.78,PT60M
2025-06-03,20,838.34,PT60M
2025-06-03,21,1274.35,PT60M
2025-06-03,22,778.34,PT60M
2025-06-03,23,614.57,PT60M
2025-06-03,24,666.03,PT60M
2025-06-04,1,606.63,PT60M
2025-06-04,2,491.11,PT60M
2025-06-04,3,447.93,PT60M
2025-06-04,4,442.89,PT60M
2025-06-04,5,473.69,PT60M
2025-06-04,6,500.00,PT60M
2025-06-04,7,513.06,PT60M
2025-06-04,8,567.01,PT60M
2025-06-04,9,471.42,PT60M
2025-06-04,10,262.24,PT60M
2025-06-04,11,64.61,PT60M
2025-06-04,12,61.19,PT60M
2025-06-04,13,48.22,PT60M
2025-06-04,14,49.00,PT60M
2025-06-04,15,93.58,PT60M
2025-06-04,16,260.32,PT60M
2025-06-04,17,460.15,PT60M
2025-06-04,18,594.68,PT60M
2025-06-04,19,809.99,PT60M
2025-06-04,20,1081.98,PT60M
2025-06-04,21,1718.33,PT60M
2025-06-04,22,1254.26,PT60M
2025-06-04,23,790.73,PT60M
2025-06-04,24,650.89,PT60M
2025-06-05,1,610.96,PT60M
2025-06-05,2,550.22,PT60M
2025-06-05,3,505.95,PT60M
2025-06-05,4,496.73,PT60M
2025-06-05,5,512.01,PT60M
2025-06-05,6,541.11,PT60M
2025-06-05,7,563.97,PT60M
2025-06-05,8,646.42,PT60M
2025-06-05,9,515.61,PT60M
2025-06-05,10,402.23,PT60M
2025-06-05,11,335.60,PT60M
2025-06-05,12,247.72,PT60M
2025-06-05,13,103.27,PT60M
2025-06-05,14,62.06,PT60M
2025-06-05,15,43.08,PT60M
2025-06-05,16,119.10,PT60M
2025-06-05,17,400.00,PT60M
2025-06-05,18,500.00,PT60M
2025-06-05,19,699.71,PT60M
2025-06-05,20,887.83,PT60M
2025-06-05,21,1327.94,PT60M
2025-06-05,22,685.59,PT60M
2025-06-05,23,600.39,PT60M
2025-06-05,24,596.25,PT60M
2025-06-06,1,523.61,PT60M
2025-06-06,2,607.69,PT60M
2025-06-06,3,547.92,PT60M
2025-06-06,4,516.70,PT60M
2025-06-06,5,548.57,PT60M
2025-06-06,6,496.71,PT60M
2025-06-06,7,544.47,PT60M
2025-06-06,8,500.00,PT60M
2025-06-06,9,340.46,PT60M
2025-06-06,10,42.66,PT60M
2025-06-06,11,0.20,PT60M
2025-06-06,12,10.00,PT60M
2025-06-06,13,64.38,PT60M
2025-06-06,14,143.92,PT60M
2025-06-06,15,124.88,PT60M
2025-06-06,16,212.73,PT60M
2025-06-06,17,415.09,PT60M
2025-06-06,18,697.81,PT60M
2025-06-06,19,1068.67,PT60M
2025-06-06,20,742.80,PT60M
2025-06-06,21,961.59,PT60M
2025-06-06,22,692.50,PT60M
2025-06-06,23,633.87,PT60M
2025-06-06,24,551.92,PT60M
2025-06-07,1,524.73,PT60M
2025-06-07,2,502.85,PT60M
2025-06-07,3,485.74,PT60M
2025-06-07,4,486.39,PT60M
2025-06-07,5,462.48,PT60M
2025-06-07,6,455.89,PT60M
2025-06-07,7,410.50,PT60M
2025-06-07,8,407.25,PT60M
2025-06-07,9,372.43,PT60M
2025-06-07,10,300.60,PT60M
2025-06-07,11,69.28,PT60M
2025-06-07,12,47.73,PT60M
2025-06-07,13,6.00,PT60M
2025-06-07,14,-0.03,PT60M
2025-06-07,15,-0.08,PT60M
2025-06-07,16,-0.09,PT60M
2025-06-07,17,25.71,PT60M
2025-06-07,18,450.83,PT60M
2025-06-07,19,685.46,PT60M
2025-06-07,20,990.68,PT60M
2025-06-07,21,1138.90,PT60M
2025-06-07,22,825.06,PT60M
2025-06-07,23,623.22,PT60M
2025-06-07,24,598.59,PT60M
2025-06-08,1,484.10,PT60M
2025-06-08,2,446.87,PT60M
2025-06-08,3,435.59,PT60M
2025-06-08,4,424.11,PT60M
2025-06-08,5,398.14,PT60M
2025-06-08,6,332.44,PT60M
2025-06-08,7,229.10,PT60M
2025-06-08,8,20.22,PT60M
2025-06-08,9,0.01,PT60M
2025-06-08,10,-2.52,PT60M
2025-06-08,11,-10.08,PT60M
2025-06-08,12,-16.79,PT60M
2025-06-08,13,-86.42,PT60M
2025-06-08,14,-129.34,PT60M
2025-06-08,15,-163.67,PT60M
2025-06-08,16,-30.00,PT60M
2025-06-08,17,72.86,PT60M
2025-06-08,18,461.76,PT60M
2025-06-08,19,795.67,PT60M
2025-06-08,20,763.16,PT60M
2025-06-08,21,895.58,PT60M
2025-06-08,22,801.81,PT60M
2025-06-08,23,628.82,PT60M
2025-06-08,24,508.96,PT60M
2025-06-09,1,499.76,PT60M
2025-06-09,2,476.54,PT60M
2025-06-09,3,441.14,PT60M
2025-06-09,4,429.64,PT60M
2025-06-09,5,440.35,PT60M
2025-06-09,6,462.93,PT60M
2025-06-09,7,470.56,PT60M
2025-06-09,8,453.33,PT60M
2025-06-09,9,318.05,PT60M
2025-06-09,10,82.17,PT60M
2025-06-09,11,49.67,PT60M
2025-06-09,12,73.44,PT60M
2025-06-09,13,63.40,PT60M
2025-06-09,14,53.93,PT60M
2025-06-09,15,34.86,PT60M
2025-06-09,16,35.55,PT60M
2025-06-09,17,50.42,PT60M
2025-06-09,18,442.93,PT60M
2025-06-09,19,619.84,PT60M
2025-06-09,20,807.84,PT60M
2025-06-09,21,1139.64,PT60M
2025-06-09,22,824.26,PT60M
2025-06-09,23,629.50,PT60M
2025-06-09,24,535.89,PT60M
2025-06-10,1,453.36,PT60M
2025-06-10,2,412.49,PT60M
2025-06-10,3,358.34,PT60M
2025-06-10,4,311.71,PT60M
2025-06-10,5,283.47,PT60M
2025-06-10,6,354.71,PT60M
2025-06-10,7,412.12,PT60M
2025-06-10,8,429.11,PT60M
2025-06-10,9,434.33,PT60M
2025-06-10,10,331.84,PT60M
2025-06-10,11,116.42,PT60M
2025-06-10,12,44.12,PT60M
2025-06-10,13,57.97,PT60M
2025-06-10,14,70.82,PT60M
2025-06-10,15,153.23,PT60M
2025-06-10,16,314.23,PT60M
2025-06-10,17,449.41,PT60M
2025-06-10,18,533.05,PT60M
2025-06-10,19,688.57,PT60M
2025-06-10,20,1018.43,PT60M
2025-06-10,21,1177.08,PT60M
2025-06-10,22,701.31,PT60M
2025-06-10,23,515.20,PT60M
2025-06-10,24,492.88,PT60M
2025-06-11,1,408.98,PT60M
2025-06-11,2,378.10,PT60M
2025-06-11,3,347.85,PT60M
2025-06-11,4,366.25,PT60M
2025-06-11,5,369.86,PT60M
2025-06-11,6,441.96,PT60M
2025-06-11,7,552.83,PT60M
2025-06-11,8,532.38,PT60M
2025-06-11,9,415.06,PT60M
2025-06-11,10,301.49,PT60M
2025-06-11,11,100.84,PT60M
2025-06-11,12,22.09,PT60M
2025-06-11,13,42.13,PT60M
2025-06-11,14,51.58,PT60M
2025-06-11,15,76.01,PT60M
2025-06-11,16,169.02,PT60M
2025-06-11,17,399.32,PT60M
2025-06-11,18,529.23,PT60M
2025-06-11,19,714.86,PT60M
2025-06-11,20,759.33,PT60M
2025-06-11,21,1105.05,PT60M
2025-06-11,22,936.35,PT60M
2025-06-11,23,621.10,PT60M
2025-06-11,24,522.71,PT60M
2025-06-12,1,540.72,PT60M
2025-06-12,2,453.29,PT60M
2025-06-12,3,426.96,PT60M
2025-06-12,4,428.70,PT60M
2025-06-12,5,450.00,PT60M
2025-06-12,6,487.98,PT60M
2025-06-12,7,563.06,PT60M
2025-06-12,8,401.03,PT60M
2025-06-12,9,389.17,PT60M
2025-06-12,10,184.67,PT60M
2025-06-12,11,0.05,PT60M
2025-06-12,12,35.26,PT60M
2025-06-12,13,70.26,PT60M
2025-06-12,14,75.55,PT60M
2025-06-12,15,160.45,PT60M
2025-06-12,16,203.15,PT60M
2025-06-12,17,321.10,PT60M
2025-06-12,18,460.00,PT60M
2025-06-12,19,659.36,PT60M
2025-06-12,20,954.13,PT60M
2025-06-12,21,1109.38,PT60M
2025-06-12,22,766.81,PT60M
2025-06-12,23,643.38,PT60M
2025-06-12,24,540.24,PT60M
2025-06-13,1,562.76,PT60M
2025-06-13,2,487.16,PT60M
2025-06-13,3,460.00,PT60M
2025-06-13,4,446.63,PT60M
2025-06-13,5,436.27,PT60M
2025-06-13,6,474.08,PT60M
2025-06-13,7,509.33,PT60M
2025-06-13,8,439.09,PT60M
2025-06-13,9,382.13,PT60M
2025-06-13,10,202.00,PT60M
2025-06-13,11,42.39,PT60M
2025-06-13,12,64.23,PT60M
2025-06-13,13,75.38,PT60M
2025-06-13,14,80.35,PT60M
2025-06-13,15,80.38,PT60M
2025-06-13,16,262.21,PT60M
2025-06-13,17,386.55,PT60M
2025-06-13,18,512.86,PT60M
2025-06-13,19,614.87,PT60M
2025-06-13,20,954.77,PT60M
2025-06-13,21,884.09,PT60M
2025-06-13,22,792.06,PT60M
2025-06-13,23,663.97,PT60M
2025-06-13,24,578.68,PT60M
2025-06-14,1,555.78,PT60M
2025-06-14,2,468.09,PT60M
2025-06-14,3,439.17,PT60M
2025-06-14,4,412.94,PT60M
2025-06-14,5,354.24,PT60M
2025-06-14,6,323.30,PT60M
2025-06-14,7,261.53,PT60M
2025-06-14,8,111.75,PT60M
2025-06-14,9,42.41,PT60M
2025-06-14,10,0.10,PT60M
2025-06-14,11,0.02,PT60M
2025-06-14,12,-50.00,PT60M
2025-06-14,13,0.02,PT60M
2025-06-14,14,-5.12,PT60M
2025-06-14,15,0.00,PT60M
2025-06-14,16,-0.02,PT60M
2025-06-14,17,12.84,PT60M
2025-06-14,18,246.42,PT60M
2025-06-14,19,456.41,PT60M
2025-06-14,20,745.16,PT60M
2025-06-14,21,992.59,PT60M
2025-06-14,22,807.98,PT60M
2025-06-14,23,748.96,PT60M
2025-06-14,24,569.62,PT60M
2025-06-15,1,467.18,PT60M
2025-06-15,2,442.40,PT60M
2025-06-15,3,433.94,PT60M
2025-06-15,4,444.47,PT60M
2025-06-15,5,454.47,PT60M
2025-06-15,6,457.53,PT60M
2025-06-15,7,406.55,PT60M
2025-06-15,8,302.86,PT60M
2025-06-15,9,47.32,PT60M
2025-06-15,10,0.05,PT60M
2025-06-15,11,0.00,PT60M
2025-06-15,12,-0.09,PT60M
2025-06-15,13,-5.12,PT60M
2025-06-15,14,-27.47,PT60M
2025-06-15,15,-25.16,PT60M
2025-06-15,16,-10.06,PT60M
2025-06-15,17,0.03,PT60M
2025-06-15,18,310.58,PT60M
2025-06-15,19,534.20,PT60M
2025-06-15,20,684.35,PT60M
2025-06-15,21,806.71,PT60M
2025-06-15,22,732.71,PT60M
2025-06-15,23,679.32,PT60M
2025-06-15,24,572.39,PT60M
2025-06-16,1,524.39,PT60M
2025-06-16,2,462.28,PT60M
2025-06-16,3,437.99,PT60M
2025-06-16,4,431.25,PT60M
2025-06-16,5,417.98,PT60M
2025-06-16,6,516.59,PT60M
2025-06-16,7,553.89,PT60M
2025-06-16,8,618.40,PT60M
2025-06-16,9,436.45,PT60M
2025-06-16,10,395.26,PT60M
2025-06-16,11,160.84,PT60M
2025-06-16,12,136.03,PT60M
2025-06-16,13,201.28,PT60M
2025-06-16,14,202.00,PT60M
2025-06-16,15,202.00,PT60M
2025-06-16,16,307.46,PT60M
2025-06-16,17,420.53,PT60M
2025-06-16,18,475.15,PT60M
2025-06-16,19,583.97,PT60M
2025-06-16,20,653.96,PT60M
2025-06-16,21,951.39,PT60M
2025-06-16,22,977.67,PT60M
2025-06-16,23,694.31,PT60M
2025-06-16,24,605.32,PT60M
2025-06-17,1,527.21,PT60M
2025-06-17,2,512.38,PT60M
2025-06-17,3,474.54,PT60M
2025-06-17,4,472.07,PT60M
2025-06-17,5,476.57,PT60M
2025-06-17,6,515.83,PT60M
2025-06-17,7,590.30,PT60M
2025-06-17,8,532.39,PT60M
2025-06-17,9,450.00,PT60M
2025-06-17,10,291.86,PT60M
2025-06-17,11,31.30,PT60M
2025-06-17,12,46.59,PT60M
2025-06-17,13,64.30,PT60M
2025-06-17,14,64.46,PT60M
2025-06-17,15,115.35,PT60M
2025-06-17,16,171.17,PT60M
2025-06-17,17,373.25,PT60M
2025-06-17,18,500.22,PT60M
2025-06-17,19,613.90,PT60M
2025-06-17,20,769.95,PT60M
2025-06-17,21,1229.46,PT60M
2025-06-17,22,1211.61,PT60M
2025-06-17,23,729.64,PT60M
2025-06-17,24,601.22,PT60M
2025-06-18,1,567.42,PT60M
2025-06-18,2,534.82,PT60M
2025-06-18,3,509.58,PT60M
2025-06-18,4,478.53,PT60M
2025-06-18,5,484.89,PT60M
2025-06-18,6,514.69,PT60M
2025-06-18,7,559.74,PT60M
2025-06-18,8,575.03,PT60M
2025-06-18,9,538.29,PT60M
2025-06-18,10,350.41,PT60M
2025-06-18,11,110.50,PT60M
2025-06-18,12,5.89,PT60M
2025-06-18,13,15.77,PT60M
2025-06-18,14,25.74,PT60M
2025-06-18,15,51.31,PT60M
2025-06-18,16,307.84,PT60M
2025-06-18,17,460.07,PT60M
2025-06-18,18,534.83,PT60M
2025-06-18,19,678.92,PT60M
2025-06-18,20,874.31,PT60M
2025-06-18,21,1258.12,PT60M
2025-06-18,22,891.37,PT60M
2025-06-18,23,681.26,PT60M
2025-06-18,24,584.99,PT60M
2025-06-19,1,571.29,PT60M
2025-06-19,2,542.01,PT60M
2025-06-19,3,520.21,PT60M
2025-06-19,4,503.32,PT60M
2025-06-19,5,493.91,PT60M
2025-06-19,6,502.37,PT60M
2025-06-19,7,495.48,PT60M
2025-06-19,8,433.99,PT60M
2025-06-19,9,367.35,PT60M
2025-06-19,10,42.38,PT60M
2025-06-19,11,4.90,PT60M
2025-06-19,12,60.64,PT60M
2025-06-19,13,74.78,PT60M
2025-06-19,14,109.27,PT60M
2025-06-19,15,202.00,PT60M
2025-06-19,16,401.68,PT60M
2025-06-19,17,435.32,PT60M
2025-06-19,18,614.92,PT60M
2025-06-19,19,823.69,PT60M
2025-06-19,20,828.79,PT60M
2025-06-19,21,928.88,PT60M
2025-06-19,22,806.72,PT60M
2025-06-19,23,753.95,PT60M
2025-06-19,24,656.61,PT60M
2025-06-20,1,585.33,PT60M
2025-06-20,2,550.00,PT60M
2025-06-20,3,537.87,PT60M
2025-06-20,4,535.06,PT60M
2025-06-20,5,524.70,PT60M
2025-06-20,6,550.00,PT60M
2025-06-20,7,603.84,PT60M
2025-06-20,8,567.80,PT60M
2025-06-20,9,509.19,PT60M
2025-06-20,10,276.79,PT60M
2025-06-20,11,68.59,PT60M
2025-06-20,12,15.49,PT60M
2025-06-20,13,0.03,PT60M
2025-06-20,14,3.45,PT60M
2025-06-20,15,1.00,PT60M
2025-06-20,16,56.41,PT60M
2025-06-20,17,312.13,PT60M
2025-06-20,18,517.01,PT60M
2025-06-20,19,628.72,PT60M
2025-06-20,20,686.48,PT60M
2025-06-20,21,1019.85,PT60M
2025-06-20,22,905.04,PT60M
2025-06-20,23,689.69,PT60M
2025-06-20,24,610.83,PT60M
2025-06-21,1,600.62,PT60M
2025-06-21,2,555.89,PT60M
2025-06-21,3,544.17,PT60M
2025-06-21,4,538.43,PT60M
2025-06-21,5,546.54,PT60M
2025-06-21,6,524.23,PT60M
2025-06-21,7,506.65,PT60M
2025-06-21,8,456.57,PT60M
2025-06-21,9,382.08,PT60M
2025-06-21,10,117.76,PT60M
2025-06-21,11,0.01,PT60M
2025-06-21,12,0.00,PT60M
2025-06-21,13,0.00,PT60M
2025-06-21,14,-0.01,PT60M
2025-06-21,15,0.00,PT60M
2025-06-21,16,0.03,PT60M
2025-06-21,17,2.09,PT60M
2025-06-21,18,368.60,PT60M
2025-06-21,19,582.11,PT60M
2025-06-21,20,746.86,PT60M
2025-06-21,21,938.06,PT60M
2025-06-21,22,839.79,PT60M
2025-06-21,23,710.73,PT60M
2025-06-21,24,633.50,PT60M
2025-06-22,1,550.00,PT60M
2025-06-22,2,509.70,PT60M
2025-06-22,3,486.22,PT60M
2025-06-22,4,469.64,PT60M
2025-06-22,5,458.49,PT60M
2025-06-22,6,444.53,PT60M
2025-06-22,7,372.09,PT60M
2025-06-22,8,133.45,PT60M
2025-06-22,9,0.02,PT60M
2025-06-22,10,-0.44,PT60M
2025-06-22,11,-56.10,PT60M
2025-06-22,12,-75.75,PT60M
2025-06-22,13,-75.75,PT60M
2025-06-22,14,-200.00,PT60M
2025-06-22,15,-200.00,PT60M
2025-06-22,16,-80.00,PT60M
2025-06-22,17,0.02,PT60M
2025-06-22,18,107.46,PT60M
2025-06-22,19,480.31,PT60M
2025-06-22,20,645.03,PT60M
2025-06-22,21,724.77,PT60M
2025-06-22,22,696.33,PT60M
2025-06-22,23,639.43,PT60M
2025-06-22,24,512.93,PT60M
2025-06-23,1,433.07,PT60M
2025-06-23,2,416.06,PT60M
2025-06-23,3,375.77,PT60M
2025-06-23,4,378.86,PT60M
2025-06-23,5,434.56,PT60M
2025-06-23,6,535.96,PT60M
2025-06-23,7,589.22,PT60M
2025-06-23,8,544.61,PT60M
2025-06-23,9,446.37,PT60M
2025-06-23,10,179.13,PT60M
2025-06-23,11,100.94,PT60M
2025-06-23,12,127.96,PT60M
2025-06-23,13,203.66,PT60M
2025-06-23,14,221.64,PT60M
2025-06-23,15,225.09,PT60M
2025-06-23,16,348.29,PT60M
2025-06-23,17,499.63,PT60M
2025-06-23,18,701.56,PT60M
2025-06-23,19,1040.09,PT60M
2025-06-23,20,1003.00,PT60M
2025-06-23,21,844.09,PT60M
2025-06-23,22,780.00,PT60M
2025-06-23,23,671.28,PT60M
2025-06-23,24,670.62,PT60M
2025-06-24,1,550.00,PT60M
2025-06-24,2,527.24,PT60M
2025-06-24,3,501.56,PT60M
2025-06-24,4,482.59,PT60M
2025-06-24,5,460.00,PT60M
2025-06-24,6,528.86,PT60M
2025-06-24,7,552.78,PT60M
2025-06-24,8,556.95,PT60M
2025-06-24,9,436.72,PT60M
2025-06-24,10,284.19,PT60M
2025-06-24,11,126.52,PT60M
2025-06-24,12,100.12,PT60M
2025-06-24,13,92.25,PT60M
2025-06-24,14,85.64,PT60M
2025-06-24,15,87.10,PT60M
2025-06-24,16,191.56,PT60M
2025-06-24,17,338.87,PT60M
2025-06-24,18,568.68,PT60M
2025-06-24,19,792.69,PT60M
2025-06-24,20,964.77,PT60M
2025-06-24,21,847.37,PT60M
2025-06-24,22,812.60,PT60M
2025-06-24,23,779.50,PT60M
2025-06-24,24,728.11,PT60M
2025-06-25,1,671.02,PT60M
2025-06-25,2,585.37,PT60M
2025-06-25,3,556.74,PT60M
2025-06-25,4,550.00,PT60M
2025-06-25,5,605.44,PT60M
2025-06-25,6,587.91,PT60M
2025-06-25,7,550.00,PT60M
2025-06-25,8,564.51,PT60M
2025-06-25,9,498.64,PT60M
2025-06-25,10,368.81,PT60M
2025-06-25,11,121.14,PT60M
2025-06-25,12,68.74,PT60M
2025-06-25,13,77.38,PT60M
2025-06-25,14,65.51,PT60M
2025-06-25,15,147.19,PT60M
2025-06-25,16,224.04,PT60M
2025-06-25,17,464.39,PT60M
2025-06-25,18,570.87,PT60M
2025-06-25,19,690.96,PT60M
2025-06-25,20,906.15,PT60M
2025-06-25,21,1056.51,PT60M
2025-06-25,22,1255.07,PT60M
2025-06-25,23,890.50,PT60M
2025-06-25,24,672.54,PT60M
2025-06-26,1,606.02,PT60M
2025-06-26,2,550.00,PT60M
2025-06-26,3,527.44,PT60M
2025-06-26,4,516.26,PT60M
2025-06-26,5,516.41,PT60M
2025-06-26,6,550.00,PT60M
2025-06-26,7,602.64,PT60M
2025-06-26,8,611.24,PT60M
2025-06-26,9,539.55,PT60M
2025-06-26,10,490.58,PT60M
2025-06-26,11,445.14,PT60M
2025-06-26,12,407.49,PT60M
2025-06-26,13,356.93,PT60M
2025-06-26,14,336.20,PT60M
2025-06-26,15,332.46,PT60M
2025-06-26,16,441.74,PT60M
2025-06-26,17,513.79,PT60M
2025-06-26,18,593.39,PT60M
2025-06-26,19,774.46,PT60M
2025-06-26,20,1144.47,PT60M
2025-06-26,21,1199.21,PT60M
2025-06-26,22,951.67,PT60M
2025-06-26,23,761.47,PT60M
2025-06-26,24,663.40,PT60M
2025-06-27,1,631.73,PT60M
2025-06-27,2,610.68,PT60M
2025-06-27,3,591.29,PT60M
2025-06-27,4,566.66,PT60M
2025-06-27,5,557.65,PT60M
2025-06-27,6,550.00,PT60M
2025-06-27,7,550.19,PT60M
2025-06-27,8,572.09,PT60M
2025-06-27,9,544.28,PT60M
2025-06-27,10,461.42,PT60M
2025-06-27,11,400.39,PT60M
2025-06-27,12,340.87,PT60M
2025-06-27,13,277.71,PT60M
2025-06-27,14,343.90,PT60M
2025-06-27,15,383.89,PT60M
2025-06-27,16,544.65,PT60M
2025-06-27,17,581.19,PT60M
2025-06-27,18,593.55,PT60M
2025-06-27,19,756.44,PT60M
2025-06-27,20,828.65,PT60M
2025-06-27,21,897.05,PT60M
2025-06-27,22,720.42,PT60M
2025-06-27,23,657.26,PT60M
2025-06-27,24,591.29,PT60M
2025-06-28,1,516.06,PT60M
2025-06-28,2,456.66,PT60M
2025-06-28,3,418.98,PT60M
2025-06-28,4,397.63,PT60M
2025-06-28,5,359.42,PT60M
2025-06-28,6,388.60,PT60M
2025-06-28,7,383.64,PT60M
2025-06-28,8,301.06,PT60M
2025-06-28,9,140.99,PT60M
2025-06-28,10,11.89,PT60M
2025-06-28,11,0.05,PT60M
2025-06-28,12,2.54,PT60M
2025-06-28,13,12.97,PT60M
2025-06-28,14,0.03,PT60M
2025-06-28,15,10.40,PT60M
2025-06-28,16,0.33,PT60M
2025-06-28,17,117.33,PT60M
2025-06-28,18,515.94,PT60M
2025-06-28,19,550.00,PT60M
2025-06-28,20,575.17,PT60M
2025-06-28,21,638.47,PT60M
2025-06-28,22,645.05,PT60M
2025-06-28,23,608.93,PT60M
2025-06-28,24,524.93,PT60M
2025-06-29,1,482.75,PT60M
2025-06-29,2,454.07,PT60M
2025-06-29,3,455.27,PT60M
2025-06-29,4,440.85,PT60M
2025-06-29,5,432.77,PT60M
2025-06-29,6,433.15,PT60M
2025-06-29,7,438.48,PT60M
2025-06-29,8,206.16,PT60M
2025-06-29,9,31.44,PT60M
2025-06-29,10,0.51,PT60M
2025-06-29,11,-0.01,PT60M
2025-06-29,12,-1.07,PT60M
2025-06-29,13,-23.50,PT60M
2025-06-29,14,-68.09,PT60M
2025-06-29,15,-27.80,PT60M
2025-06-29,16,0.00,PT60M
2025-06-29,17,5.29,PT60M
2025-06-29,18,235.28,PT60M
2025-06-29,19,471.45,PT60M
2025-06-29,20,518.67,PT60M
2025-06-29,21,568.64,PT60M
2025-06-29,22,599.56,PT60M
2025-06-29,23,577.52,PT60M
2025-06-29,24,512.88,PT60M
2025-06-30,1,501.33,PT60M
2025-06-30,2,452.07,PT60M
2025-06-30,3,431.79,PT60M
2025-06-30,4,427.20,PT60M
2025-06-30,5,437.84,PT60M
2025-06-30,6,488.56,PT60M
2025-06-30,7,550.00,PT60M
2025-06-30,8,550.00,PT60M
2025-06-30,9,490.00,PT60M
2025-06-30,10,488.65,PT60M
2025-06-30,11,202.00,PT60M
2025-06-30,12,253.90,PT60M
2025-06-30,13,209.09,PT60M
2025-06-30,14,279.81,PT60M
2025-06-30,15,322.02,PT60M
2025-06-30,16,534.43,PT60M
2025-06-30,17,516.53,PT60M
2025-06-30,18,550.00,PT60M
2025-06-30,19,576.04,PT60M
2025-06-30,20,908.67,PT60M
2025-06-30,21,1407.39,PT60M
2025-06-30,22,1171.93,PT60M
2025-06-30,23,797.25,PT60M
2025-06-30,24,622.83,PT60M
2025-07-01,1,565.06,PT60M
2025-07-01,2,509.36,PT60M
2025-07-01,3,452.44,PT60M
2025-07-01,4,449.20,PT60M
2025-07-01,5,457.07,PT60M
2025-07-01,6,519.92,PT60M
2025-07-01,7,583.79,PT60M
2025-07-01,8,543.90,PT60M
2025-07-01,9,482.32,PT60M
2025-07-01,10,438.45,PT60M
2025-07-01,11,262.33,PT60M
2025-07-01,12,323.48,PT60M
2025-07-01,13,227.35,PT60M
2025-07-01,14,223.04,PT60M
2025-07-01,15,330.07,PT60M
2025-07-01,16,397.51,PT60M
2025-07-01,17,461.08,PT60M
2025-07-01,18,583.97,PT60M
2025-07-01,19,772.32,PT60M
2025-07-01,20,1269.51,PT60M
2025-07-01,21,1477.00,PT60M
2025-07-01,22,1091.77,PT60M
2025-07-01,23,1104.73,PT60M
2025-07-01,24,736.15,PT60M
2025-07-02,1,605.71,PT60M
2025-07-02,2,521.98,PT60M
2025-07-02,3,469.87,PT60M
2025-07-02,4,467.55,PT60M
2025-07-02,5,460.17,PT60M
2025-07-02,6,504.95,PT60M
2025-07-02,7,578.35,PT60M
2025-07-02,8,555.96,PT60M
2025-07-02,9,530.70,PT60M
2025-07-02,10,458.04,PT60M
2025-07-02,11,386.89,PT60M
2025-07-02,12,320.44,PT60M
2025-07-02,13,222.90,PT60M
2025-07-02,14,165.05,PT60M
2025-07-02,15,268.57,PT60M
2025-07-02,16,365.38,PT60M
2025-07-02,17,435.02,PT60M
2025-07-02,18,584.74,PT60M
2025-07-02,19,879.58,PT60M
2025-07-02,20,2005.12,PT60M
2025-07-02,21,2127.98,PT60M
2025-07-02,22,1015.74,PT60M
2025-07-02,23,696.84,PT60M
2025-07-02,24,571.12,PT60M
2025-07-03,1,496.18,PT60M
2025-07-03,2,453.59,PT60M
2025-07-03,3,401.10,PT60M
2025-07-03,4,400.76,PT60M
2025-07-03,5,410.64,PT60M
2025-07-03,6,461.42,PT60M
2025-07-03,7,527.15,PT60M
2025-07-03,8,543.64,PT60M
2025-07-03,9,532.60,PT60M
2025-07-03,10,459.21,PT60M
2025-07-03,11,381.08,PT60M
2025-07-03,12,291.16,PT60M
2025-07-03,13,214.04,PT60M
2025-07-03,14,204.00,PT60M
2025-07-03,15,278.96,PT60M
2025-07-03,16,368.39,PT60M
2025-07-03,17,489.75,PT60M
2025-07-03,18,599.52,PT60M
2025-07-03,19,770.67,PT60M
2025-07-03,20,1051.98,PT60M
2025-07-03,21,1336.11,PT60M
2025-07-03,22,891.31,PT60M
2025-07-03,23,700.65,PT60M
2025-07-03,24,602.62,PT60M
2025-07-04,1,617.26,PT60M
2025-07-04,2,550.00,PT60M
2025-07-04,3,537.02,PT60M
2025-07-04,4,492.57,PT60M
2025-07-04,5,525.28,PT60M
2025-07-04,6,554.88,PT60M
2025-07-04,7,613.03,PT60M
2025-07-04,8,586.89,PT60M
2025-07-04,9,506.65,PT60M
2025-07-04,10,461.83,PT60M
2025-07-04,11,354.71,PT60M
2025-07-04,12,238.70,PT60M
2025-07-04,13,204.00,PT60M
2025-07-04,14,304.24,PT60M
2025-07-04,15,319.46,PT60M
2025-07-04,16,397.92,PT60M
2025-07-04,17,444.46,PT60M
2025-07-04,18,624.82,PT60M
2025-07-04,19,711.84,PT60M
2025-07-04,20,755.11,PT60M
2025-07-04,21,870.16,PT60M
2025-07-04,22,782.65,PT60M
2025-07-04,23,658.65,PT60M
2025-07-04,24,580.00,PT60M
2025-07-05,1,552.02,PT60M
2025-07-05,2,519.76,PT60M
2025-07-05,3,498.58,PT60M
2025-07-05,4,479.53,PT60M
2025-07-05,5,464.00,PT60M
2025-07-05,6,441.47,PT60M
2025-07-05,7,416.82,PT60M
2025-07-05,8,230.49,PT60M
2025-07-05,9,90.40,PT60M
2025-07-05,10,16.89,PT60M
2025-07-05,11,0.00,PT60M
2025-07-05,12,0.01,PT60M
2025-07-05,13,0.05,PT60M
2025-07-05,14,25.82,PT60M
2025-07-05,15,42.68,PT60M
2025-07-05,16,64.55,PT60M
2025-07-05,17,431.83,PT60M
2025-07-05,18,635.22,PT60M
2025-07-05,19,868.85,PT60M
2025-07-05,20,986.15,PT60M
2025-07-05,21,914.95,PT60M
2025-07-05,22,834.95,PT60M
2025-07-05,23,698.94,PT60M
2025-07-05,24,626.47,PT60M
2025-07-06,1,553.41,PT60M
2025-07-06,2,539.28,PT60M
2025-07-06,3,473.81,PT60M
2025-07-06,4,473.87,PT60M
2025-07-06,5,471.31,PT60M
2025-07-06,6,446.66,PT60M
2025-07-06,7,382.74,PT60M
2025-07-06,8,377.51,PT60M
2025-07-06,9,341.90,PT60M
2025-07-06,10,176.09,PT60M
2025-07-06,11,75.90,PT60M
2025-07-06,12,75.90,PT60M
2025-07-06,13,64.37,PT60M
2025-07-06,14,38.54,PT60M
2025-07-06,15,55.60,PT60M
2025-07-06,16,311.93,PT60M
2025-07-06,17,383.59,PT60M
2025-07-06,18,510.02,PT60M
2025-07-06,19,607.15,PT60M
2025-07-06,20,845.01,PT60M
2025-07-06,21,954.49,PT60M
2025-07-06,22,780.50,PT60M
2025-07-06,23,657.84,PT60M
2025-07-06,24,573.07,PT60M
2025-07-07,1,594.70,PT60M
2025-07-07,2,531.32,PT60M
2025-07-07,3,507.90,PT60M
2025-07-07,4,492.35,PT60M
2025-07-07,5,499.33,PT60M
2025-07-07,6,550.00,PT60M
2025-07-07,7,663.07,PT60M
2025-07-07,8,681.38,PT60M
2025-07-07,9,700.00,PT60M
2025-07-07,10,550.00,PT60M
2025-07-07,11,550.00,PT60M
2025-07-07,12,534.64,PT60M
2025-07-07,13,450.00,PT60M
2025-07-07,14,415.88,PT60M
2025-07-07,15,451.60,PT60M
2025-07-07,16,478.25,PT60M
2025-07-07,17,581.90,PT60M
2025-07-07,18,637.58,PT60M
2025-07-07,19,886.51,PT60M
2025-07-07,20,910.80,PT60M
2025-07-07,21,1012.15,PT60M
2025-07-07,22,803.39,PT60M
2025-07-07,23,657.81,PT60M
2025-07-07,24,575.63,PT60M
2025-07-08,1,550.00,PT60M
2025-07-08,2,478.48,PT60M
2025-07-08,3,456.37,PT60M
2025-07-08,4,453.88,PT60M
2025-07-08,5,456.18,PT60M
2025-07-08,6,471.68,PT60M
2025-07-08,7,565.59,PT60M
2025-07-08,8,594.06,PT60M
2025-07-08,9,574.66,PT60M
2025-07-08,10,442.76,PT60M
2025-07-08,11,429.28,PT60M
2025-07-08,12,424.83,PT60M
2025-07-08,13,358.94,PT60M
2025-07-08,14,405.22,PT60M
2025-07-08,15,384.64,PT60M
2025-07-08,16,447.58,PT60M
2025-07-08,17,528.04,PT60M
2025-07-08,18,550.00,PT60M
2025-07-08,19,829.73,PT60M
2025-07-08,20,819.16,PT60M
2025-07-08,21,775.16,PT60M
2025-07-08,22,730.47,PT60M
2025-07-08,23,631.61,PT60M
2025-07-08,24,520.30,PT60M
2025-07-09,1,525.18,PT60M
2025-07-09,2,474.53,PT60M
2025-07-09,3,455.80,PT60M
2025-07-09,4,449.27,PT60M
2025-07-09,5,462.02,PT60M
2025-07-09,6,542.19,PT60M
2025-07-09,7,572.96,PT60M
2025-07-09,8,579.39,PT60M
2025-07-09,9,550.00,PT60M
2025-07-09,10,482.94,PT60M
2025-07-09,11,374.19,PT60M
2025-07-09,12,364.79,PT60M
2025-07-09,13,308.34,PT60M
2025-07-09,14,221.44,PT60M
2025-07-09,15,177.52,PT60M
2025-07-09,16,259.37,PT60M
2025-07-09,17,349.58,PT60M
2025-07-09,18,444.51,PT60M
2025-07-09,19,550.00,PT60M
2025-07-09,20,611.51,PT60M
2025-07-09,21,709.74,PT60M
2025-07-09,22,650.08,PT60M
2025-07-09,23,623.92,PT60M
2025-07-09,24,529.94,PT60M
2025-07-10,1,511.40,PT60M
2025-07-10,2,485.13,PT60M
2025-07-10,3,451.55,PT60M
2025-07-10,4,426.17,PT60M
2025-07-10,5,442.08,PT60M
2025-07-10,6,497.90,PT60M
2025-07-10,7,474.18,PT60M
2025-07-10,8,367.09,PT60M
2025-07-10,9,323.58,PT60M
2025-07-10,10,337.65,PT60M
2025-07-10,11,204.00,PT60M
2025-07-10,12,309.55,PT60M
2025-07-10,13,228.17,PT60M
2025-07-10,14,196.40,PT60M
2025-07-10,15,196.37,PT60M
2025-07-10,16,282.97,PT60M
2025-07-10,17,385.77,PT60M
2025-07-10,18,455.58,PT60M
2025-07-10,19,550.00,PT60M
2025-07-10,20,642.97,PT60M
2025-07-10,21,766.36,PT60M
2025-07-10,22,726.87,PT60M
2025-07-10,23,624.61,PT60M
2025-07-10,24,550.00,PT60M
2025-07-11,1,528.11,PT60M
2025-07-11,2,493.97,PT60M
2025-07-11,3,468.09,PT60M
2025-07-11,4,447.23,PT60M
2025-07-11,5,451.10,PT60M
2025-07-11,6,482.99,PT60M
2025-07-11,7,528.89,PT60M
2025-07-11,8,521.28,PT60M
2025-07-11,9,473.20,PT60M
2025-07-11,10,457.51,PT60M
2025-07-11,11,402.89,PT60M
2025-07-11,12,349.29,PT60M
2025-07-11,13,306.08,PT60M
2025-07-11,14,204.00,PT60M
2025-07-11,15,162.61,PT60M
2025-07-11,16,335.00,PT60M
2025-07-11,17,475.14,PT60M
2025-07-11,18,595.85,PT60M
2025-07-11,19,703.58,PT60M
2025-07-11,20,751.96,PT60M
2025-07-11,21,721.72,PT60M
2025-07-11,22,691.37,PT60M
2025-07-11,23,675.78,PT60M
2025-07-11,24,597.27,PT60M
2025-07-12,1,614.55,PT60M
2025-07-12,2,550.00,PT60M
2025-07-12,3,541.02,PT60M
2025-07-12,4,485.37,PT60M
2025-07-12,5,464.01,PT60M
2025-07-12,6,449.99,PT60M
2025-07-12,7,425.99,PT60M
2025-07-12,8,439.19,PT60M
2025-07-12,9,414.64,PT60M
2025-07-12,10,233.56,PT60M
2025-07-12,11,92.37,PT60M
2025-07-12,12,15.23,PT60M
2025-07-12,13,1.10,PT60M
2025-07-12,14,-0.02,PT60M
2025-07-12,15,-0.02,PT60M
2025-07-12,16,1.12,PT60M
2025-07-12,17,169.29,PT60M
2025-07-12,18,460.97,PT60M
2025-07-12,19,523.12,PT60M
2025-07-12,20,550.43,PT60M
2025-07-12,21,646.25,PT60M
2025-07-12,22,661.60,PT60M
2025-07-12,23,634.64,PT60M
2025-07-12,24,602.32,PT60M
2025-07-13,1,578.92,PT60M
2025-07-13,2,544.38,PT60M
2025-07-13,3,535.69,PT60M
2025-07-13,4,526.15,PT60M
2025-07-13,5,510.97,PT60M
2025-07-13,6,492.66,PT60M
2025-07-13,7,467.31,PT60M
2025-07-13,8,391.51,PT60M
2025-07-13,9,376.87,PT60M
2025-07-13,10,42.88,PT60M
2025-07-13,11,21.75,PT60M
2025-07-13,12,0.05,PT60M
2025-07-13,13,0.00,PT60M
2025-07-13,14,0.00,PT60M
2025-07-13,15,-0.02,PT60M
2025-07-13,16,0.00,PT60M
2025-07-13,17,11.30,PT60M
2025-07-13,18,344.25,PT60M
2025-07-13,19,537.91,PT60M
2025-07-13,20,579.81,PT60M
2025-07-13,21,638.07,PT60M
2025-07-13,22,653.43,PT60M
2025-07-13,23,645.00,PT60M
2025-07-13,24,590.16,PT60M
2025-07-14,1,574.30,PT60M
2025-07-14,2,516.23,PT60M
2025-07-14,3,481.65,PT60M
2025-07-14,4,462.00,PT60M
2025-07-14,5,475.55,PT60M
2025-07-14,6,536.56,PT60M
2025-07-14,7,588.55,PT60M
2025-07-14,8,589.50,PT60M
2025-07-14,9,514.49,PT60M
2025-07-14,10,433.54,PT60M
2025-07-14,11,396.22,PT60M
2025-07-14,12,383.83,PT60M
2025-07-14,13,369.99,PT60M
2025-07-14,14,334.04,PT60M
2025-07-14,15,298.57,PT60M
2025-07-14,16,382.90,PT60M
2025-07-14,17,537.58,PT60M
2025-07-14,18,589.50,PT60M
2025-07-14,19,674.82,PT60M
2025-07-14,20,876.83,PT60M
2025-07-14,21,1210.13,PT60M
2025-07-14,22,948.69,PT60M
2025-07-14,23,662.84,PT60M
2025-07-14,24,592.23,PT60M
2025-07-15,1,544.21,PT60M
2025-07-15,2,508.81,PT60M
2025-07-15,3,460.19,PT60M
2025-07-15,4,440.77,PT60M
2025-07-15,5,434.87,PT60M
2025-07-15,6,466.17,PT60M
2025-07-15,7,550.00,PT60M
2025-07-15,8,566.88,PT60M
2025-07-15,9,539.38,PT60M
2025-07-15,10,452.64,PT60M
2025-07-15,11,371.95,PT60M
2025-07-15,12,318.18,PT60M
2025-07-15,13,312.23,PT60M
2025-07-15,14,251.28,PT60M
2025-07-15,15,283.43,PT60M
2025-07-15,16,421.83,PT60M
2025-07-15,17,537.31,PT60M
2025-07-15,18,592.07,PT60M
2025-07-15,19,648.31,PT60M
2025-07-15,20,803.56,PT60M
2025-07-15,21,860.00,PT60M
2025-07-15,22,754.23,PT60M
2025-07-15,23,609.12,PT60M
2025-07-15,24,550.00,PT60M
2025-07-16,1,492.71,PT60M
2025-07-16,2,459.62,PT60M
2025-07-16,3,424.20,PT60M
2025-07-16,4,405.83,PT60M
2025-07-16,5,407.81,PT60M
2025-07-16,6,437.10,PT60M
2025-07-16,7,528.81,PT60M
2025-07-16,8,562.91,PT60M
2025-07-16,9,550.00,PT60M
2025-07-16,10,511.38,PT60M
2025-07-16,11,447.66,PT60M
2025-07-16,12,453.92,PT60M
2025-07-16,13,456.41,PT60M
2025-07-16,14,453.96,PT60M
2025-07-16,15,477.44,PT60M
2025-07-16,16,524.98,PT60M
2025-07-16,17,547.95,PT60M
2025-07-16,18,565.00,PT60M
2025-07-16,19,653.18,PT60M
2025-07-16,20,761.93,PT60M
2025-07-16,21,818.42,PT60M
2025-07-16,22,754.09,PT60M
2025-07-16,23,730.01,PT60M
2025-07-16,24,634.94,PT60M
2025-07-17,1,550.00,PT60M
2025-07-17,2,513.88,PT60M
2025-07-17,3,471.15,PT60M
2025-07-17,4,467.25,PT60M
2025-07-17,5,471.38,PT60M
2025-07-17,6,491.96,PT60M
2025-07-17,7,583.95,PT60M
2025-07-17,8,607.31,PT60M
2025-07-17,9,538.07,PT60M
2025-07-17,10,472.93,PT60M
2025-07-17,11,431.78,PT60M
2025-07-17,12,391.50,PT60M
2025-07-17,13,356.44,PT60M
2025-07-17,14,320.03,PT60M
2025-07-17,15,320.03,PT60M
2025-07-17,16,350.45,PT60M
2025-07-17,17,530.18,PT60M
2025-07-17,18,584.18,PT60M
2025-07-17,19,625.01,PT60M
2025-07-17,20,717.92,PT60M
2025-07-17,21,779.71,PT60M
2025-07-17,22,689.87,PT60M
2025-07-17,23,635.35,PT60M
2025-07-17,24,580.01,PT60M
2025-07-18,1,549.23,PT60M
2025-07-18,2,505.55,PT60M
2025-07-18,3,490.00,PT60M
2025-07-18,4,484.83,PT60M
2025-07-18,5,489.86,PT60M
2025-07-18,6,537.00,PT60M
2025-07-18,7,589.48,PT60M
2025-07-18,8,583.75,PT60M
2025-07-18,9,550.00,PT60M
2025-07-18,10,442.54,PT60M
2025-07-18,11,356.44,PT60M
2025-07-18,12,415.87,PT60M
2025-07-18,13,405.78,PT60M
2025-07-18,14,370.36,PT60M
2025-07-18,15,361.14,PT60M
2025-07-18,16,368.65,PT60M
2025-07-18,17,528.81,PT60M
2025-07-18,18,551.79,PT60M
2025-07-18,19,654.31,PT60M
2025-07-18,20,719.54,PT60M
2025-07-18,21,846.23,PT60M
2025-07-18,22,828.52,PT60M
2025-07-18,23,670.80,PT60M
2025-07-18,24,640.33,PT60M
2025-07-19,1,658.75,PT60M
2025-07-19,2,558.55,PT60M
2025-07-19,3,550.00,PT60M
2025-07-19,4,550.00,PT60M
2025-07-19,5,504.61,PT60M
2025-07-19,6,527.13,PT60M
2025-07-19,7,478.44,PT60M
2025-07-19,8,426.36,PT60M
2025-07-19,9,388.78,PT60M
2025-07-19,10,259.25,PT60M
2025-07-19,11,50.72,PT60M
2025-07-19,12,3.30,PT60M
2025-07-19,13,0.00,PT60M
2025-07-19,14,-0.03,PT60M
2025-07-19,15,0.00,PT60M
2025-07-19,16,43.52,PT60M
2025-07-19,17,331.10,PT60M
2025-07-19,18,521.45,PT60M
2025-07-19,19,659.43,PT60M
2025-07-19,20,713.89,PT60M
2025-07-19,21,767.20,PT60M
2025-07-19,22,840.28,PT60M
2025-07-19,23,700.06,PT60M
2025-07-19,24,666.51,PT60M
2025-07-20,1,572.13,PT60M
2025-07-20,2,543.85,PT60M
2025-07-20,3,475.42,PT60M
2025-07-20,4,523.57,PT60M
2025-07-20,5,500.12,PT60M
2025-07-20,6,508.79,PT60M
2025-07-20,7,479.93,PT60M
2025-07-20,8,378.44,PT60M
2025-07-20,9,356.02,PT60M
2025-07-20,10,187.80,PT60M
2025-07-20,11,37.81,PT60M
2025-07-20,12,9.79,PT60M
2025-07-20,13,0.00,PT60M
2025-07-20,14,-0.04,PT60M
2025-07-20,15,-0.01,PT60M
2025-07-20,16,42.79,PT60M
2025-07-20,17,359.28,PT60M
2025-07-20,18,505.24,PT60M
2025-07-20,19,597.25,PT60M
2025-07-20,20,684.83,PT60M
2025-07-20,21,719.74,PT60M
2025-07-20,22,710.30,PT60M
2025-07-20,23,660.74,PT60M
2025-07-20,24,601.88,PT60M
2025-07-21,1,519.84,PT60M
2025-07-21,2,443.72,PT60M
2025-07-21,3,420.73,PT60M
2025-07-21,4,418.79,PT60M
2025-07-21,5,467.71,PT60M
2025-07-21,6,507.98,PT60M
2025-07-21,7,606.88,PT60M
2025-07-21,8,608.83,PT60M
2025-07-21,9,565.50,PT60M
2025-07-21,10,493.07,PT60M
2025-07-21,11,450.44,PT60M
2025-07-21,12,437.78,PT60M
2025-07-21,13,431.54,PT60M
2025-07-21,14,434.21,PT60M
2025-07-21,15,396.84,PT60M
2025-07-21,16,406.19,PT60M
2025-07-21,17,527.42,PT60M
2025-07-21,18,550.00,PT60M
2025-07-21,19,775.34,PT60M
2025-07-21,20,1083.34,PT60M
2025-07-21,21,1018.43,PT60M
2025-07-21,22,790.17,PT60M
2025-07-21,23,658.97,PT60M
2025-07-21,24,550.00,PT60M
2025-07-22,1,550.00,PT60M
2025-07-22,2,483.88,PT60M
2025-07-22,3,461.87,PT60M
2025-07-22,4,453.58,PT60M
2025-07-22,5,465.55,PT60M
2025-07-22,6,506.99,PT60M
2025-07-22,7,561.70,PT60M
2025-07-22,8,555.20,PT60M
2025-07-22,9,505.66,PT60M
2025-07-22,10,489.92,PT60M
2025-07-22,11,427.24,PT60M
2025-07-22,12,360.53,PT60M
2025-07-22,13,278.76,PT60M
2025-07-22,14,223.73,PT60M
2025-07-22,15,249.47,PT60M
2025-07-22,16,408.80,PT60M
2025-07-22,17,558.10,PT60M
2025-07-22,18,558.10,PT60M
2025-07-22,19,803.67,PT60M
2025-07-22,20,993.66,PT60M
2025-07-22,21,1130.75,PT60M
2025-07-22,22,862.51,PT60M
2025-07-22,23,733.92,PT60M
2025-07-22,24,593.61,PT60M
2025-07-23,1,606.05,PT60M
2025-07-23,2,579.80,PT60M
2025-07-23,3,550.00,PT60M
2025-07-23,4,550.00,PT60M
2025-07-23,5,555.23,PT60M
2025-07-23,6,579.03,PT60M
2025-07-23,7,554.34,PT60M
2025-07-23,8,557.72,PT60M
2025-07-23,9,489.28,PT60M
2025-07-23,10,431.05,PT60M
2025-07-23,11,412.42,PT60M
2025-07-23,12,405.62,PT60M
2025-07-23,13,410.32,PT60M
2025-07-23,14,414.46,PT60M
2025-07-23,15,456.33,PT60M
2025-07-23,16,550.00,PT60M
2025-07-23,17,594.55,PT60M
2025-07-23,18,925.88,PT60M
2025-07-23,19,1435.91,PT60M
2025-07-23,20,1589.66,PT60M
2025-07-23,21,1661.15,PT60M
2025-07-23,22,1165.71,PT60M
2025-07-23,23,888.51,PT60M
2025-07-23,24,703.08,PT60M
2025-07-24,1,611.86,PT60M
2025-07-24,2,608.46,PT60M
2025-07-24,3,551.98,PT60M
2025-07-24,4,543.00,PT60M
2025-07-24,5,536.26,PT60M
2025-07-24,6,534.79,PT60M
2025-07-24,7,561.05,PT60M
2025-07-24,8,584.67,PT60M
2025-07-24,9,561.53,PT60M
2025-07-24,10,489.65,PT60M
2025-07-24,11,458.18,PT60M
2025-07-24,12,434.05,PT60M
2025-07-24,13,422.36,PT60M
2025-07-24,14,455.69,PT60M
2025-07-24,15,482.46,PT60M
2025-07-24,16,506.98,PT60M
2025-07-24,17,550.00,PT60M
2025-07-24,18,590.41,PT60M
2025-07-24,19,1070.60,PT60M
2025-07-24,20,1774.68,PT60M
2025-07-24,21,1992.62,PT60M
2025-07-24,22,1128.61,PT60M
2025-07-24,23,832.22,PT60M
2025-07-24,24,609.11,PT60M
2025-07-25,1,582.97,PT60M
2025-07-25,2,550.00,PT60M
2025-07-25,3,528.75,PT60M
2025-07-25,4,523.02,PT60M
2025-07-25,5,526.32,PT60M
2025-07-25,6,562.69,PT60M
2025-07-25,7,591.02,PT60M
2025-07-25,8,573.21,PT60M
2025-07-25,9,572.51,PT60M
2025-07-25,10,508.88,PT60M
2025-07-25,11,499.99,PT60M
2025-07-25,12,451.35,PT60M
2025-07-25,13,443.25,PT60M
2025-07-25,14,452.75,PT60M
2025-07-25,15,458.14,PT60M
2025-07-25,16,513.33,PT60M
2025-07-25,17,582.97,PT60M
2025-07-25,18,674.00,PT60M
2025-07-25,19,1358.12,PT60M
2025-07-25,20,1968.36,PT60M
2025-07-25,21,2080.95,PT60M
2025-07-25,22,898.35,PT60M
2025-07-25,23,830.04,PT60M
2025-07-25,24,622.43,PT60M
2025-07-26,1,591.58,PT60M
2025-07-26,2,550.00,PT60M
2025-07-26,3,599.33,PT60M
2025-07-26,4,550.00,PT60M
2025-07-26,5,540.17,PT60M
2025-07-26,6,521.97,PT60M
2025-07-26,7,526.00,PT60M
2025-07-26,8,512.20,PT60M
2025-07-26,9,454.11,PT60M
2025-07-26,10,448.19,PT60M
2025-07-26,11,418.65,PT60M
2025-07-26,12,396.24,PT60M
2025-07-26,13,348.55,PT60M
2025-07-26,14,332.90,PT60M
2025-07-26,15,334.50,PT60M
2025-07-26,16,400.29,PT60M
2025-07-26,17,550.00,PT60M
2025-07-26,18,720.28,PT60M
2025-07-26,19,721.73,PT60M
2025-07-26,20,882.47,PT60M
2025-07-26,21,1092.58,PT60M
2025-07-26,22,923.26,PT60M
2025-07-26,23,654.75,PT60M
2025-07-26,24,556.43,PT60M
2025-07-27,1,550.00,PT60M
2025-07-27,2,550.00,PT60M
2025-07-27,3,548.11,PT60M
2025-07-27,4,491.26,PT60M
2025-07-27,5,523.26,PT60M
2025-07-27,6,512.54,PT60M
2025-07-27,7,445.38,PT60M
2025-07-27,8,426.52,PT60M
2025-07-27,9,393.48,PT60M
2025-07-27,10,396.40,PT60M
2025-07-27,11,396.94,PT60M
2025-07-27,12,364.93,PT60M
2025-07-27,13,235.69,PT60M
2025-07-27,14,76.24,PT60M
2025-07-27,15,44.89,PT60M
2025-07-27,16,117.29,PT60M
2025-07-27,17,377.95,PT60M
2025-07-27,18,468.74,PT60M
2025-07-27,19,755.00,PT60M
2025-07-27,20,897.13,PT60M
2025-07-27,21,867.20,PT60M
2025-07-27,22,829.46,PT60M
2025-07-27,23,755.00,PT60M
2025-07-27,24,603.43,PT60M
2025-07-28,1,516.00,PT60M
2025-07-28,2,430.34,PT60M
2025-07-28,3,409.27,PT60M
2025-07-28,4,410.28,PT60M
2025-07-28,5,415.15,PT60M
2025-07-28,6,471.29,PT60M
2025-07-28,7,550.00,PT60M
2025-07-28,8,590.34,PT60M
2025-07-28,9,596.40,PT60M
2025-07-28,10,561.63,PT60M
2025-07-28,11,522.66,PT60M
2025-07-28,12,485.13,PT60M
2025-07-28,13,441.13,PT60M
2025-07-28,14,424.35,PT60M
2025-07-28,15,401.53,PT60M
2025-07-28,16,492.62,PT60M
2025-07-28,17,709.94,PT60M
2025-07-28,18,565.67,PT60M
2025-07-28,19,1059.72,PT60M
2025-07-28,20,906.26,PT60M
2025-07-28,21,978.62,PT60M
2025-07-28,22,860.01,PT60M
2025-07-28,23,631.83,PT60M
2025-07-28,24,532.94,PT60M
2025-07-29,1,566.26,PT60M
2025-07-29,2,532.94,PT60M
2025-07-29,3,437.74,PT60M
2025-07-29,4,435.08,PT60M
2025-07-29,5,448.14,PT60M
2025-07-29,6,501.96,PT60M
2025-07-29,7,523.76,PT60M
2025-07-29,8,550.00,PT60M
2025-07-29,9,482.53,PT60M
2025-07-29,10,424.12,PT60M
2025-07-29,11,358.41,PT60M
2025-07-29,12,289.04,PT60M
2025-07-29,13,284.78,PT60M
2025-07-29,14,304.25,PT60M
2025-07-29,15,348.16,PT60M
2025-07-29,16,431.02,PT60M
2025-07-29,17,527.37,PT60M
2025-07-29,18,565.93,PT60M
2025-07-29,19,790.53,PT60M
2025-07-29,20,755.00,PT60M
2025-07-29,21,810.56,PT60M
2025-07-29,22,850.02,PT60M
2025-07-29,23,633.85,PT60M
2025-07-29,24,533.45,PT60M
2025-07-30,1,492.26,PT60M
2025-07-30,2,471.59,PT60M
2025-07-30,3,441.61,PT60M
2025-07-30,4,439.42,PT60M
2025-07-30,5,450.71,PT60M
2025-07-30,6,502.10,PT60M
2025-07-30,7,550.00,PT60M
2025-07-30,8,530.40,PT60M
2025-07-30,9,450.64,PT60M
2025-07-30,10,353.70,PT60M
2025-07-30,11,276.06,PT60M
2025-07-30,12,205.15,PT60M
2025-07-30,13,125.67,PT60M
2025-07-30,14,89.68,PT60M
2025-07-30,15,54.27,PT60M
2025-07-30,16,143.89,PT60M
2025-07-30,17,362.98,PT60M
2025-07-30,18,470.02,PT60M
2025-07-30,19,863.78,PT60M
2025-07-30,20,931.77,PT60M
2025-07-30,21,1135.47,PT60M
2025-07-30,22,904.53,PT60M
2025-07-30,23,686.20,PT60M
2025-07-30,24,522.11,PT60M
2025-07-31,1,514.14,PT60M
2025-07-31,2,489.61,PT60M
2025-07-31,3,395.38,PT60M
2025-07-31,4,378.94,PT60M
2025-07-31,5,397.17,PT60M
2025-07-31,6,475.52,PT60M
2025-07-31,7,532.31,PT60M
2025-07-31,8,514.06,PT60M
2025-07-31,9,476.35,PT60M
2025-07-31,10,423.44,PT60M
2025-07-31,11,371.79,PT60M
2025-07-31,12,370.45,PT60M
2025-07-31,13,320.87,PT60M
2025-07-31,14,255.24,PT60M
2025-07-31,15,319.88,PT60M
2025-07-31,16,401.45,PT60M
2025-07-31,17,499.71,PT60M
2025-07-31,18,515.44,PT60M
2025-07-31,19,755.00,PT60M
2025-07-31,20,693.30,PT60M
2025-07-31,21,771.00,PT60M
2025-07-31,22,799.14,PT60M
2025-07-31,23,755.00,PT60M
2025-07-31,24,527.22,PT60M
2025-08-01,1,537.16,PT60M
2025-08-01,2,503.93,PT60M
2025-08-01,3,465.18,PT60M
2025-08-01,4,446.10,PT60M
2025-08-01,5,474.10,PT60M
2025-08-01,6,510.24,PT60M
2025-08-01,7,537.23,PT60M
2025-08-01,8,555.82,PT60M
2025-08-01,9,536.19,PT60M
2025-08-01,10,384.92,PT60M
2025-08-01,11,331.42,PT60M
2025-08-01,12,339.87,PT60M
2025-08-01,13,345.77,PT60M
2025-08-01,14,329.79,PT60M
2025-08-01,15,261.18,PT60M
2025-08-01,16,264.13,PT60M
2025-08-01,17,377.19,PT60M
2025-08-01,18,550.85,PT60M
2025-08-01,19,755.00,PT60M
2025-08-01,20,822.00,PT60M
2025-08-01,21,1062.87,PT60M
2025-08-01,22,1065.49,PT60M
2025-08-01,23,694.71,PT60M
2025-08-01,24,570.33,PT60M
2025-08-02,1,573.15,PT60M
2025-08-02,2,513.36,PT60M
2025-08-02,3,491.29,PT60M
2025-08-02,4,459.90,PT60M
2025-08-02,5,455.53,PT60M
2025-08-02,6,453.74,PT60M
2025-08-02,7,446.70,PT60M
2025-08-02,8,422.64,PT60M
2025-08-02,9,305.76,PT60M
2025-08-02,10,69.14,PT60M
2025-08-02,11,42.80,PT60M
2025-08-02,12,28.85,PT60M
2025-08-02,13,14.98,PT60M
2025-08-02,14,0.00,PT60M
2025-08-02,15,0.00,PT60M
2025-08-02,16,0.00,PT60M
2025-08-02,17,28.49,PT60M
2025-08-02,18,323.53,PT60M
2025-08-02,19,484.99,PT60M
2025-08-02,20,692.54,PT60M
2025-08-02,21,913.75,PT60M
2025-08-02,22,760.01,PT60M
2025-08-02,23,614.42,PT60M
2025-08-02,24,490.05,PT60M
2025-08-03,1,483.04,PT60M
2025-08-03,2,396.31,PT60M
2025-08-03,3,360.17,PT60M
2025-08-03,4,354.01,PT60M
2025-08-03,5,343.03,PT60M
2025-08-03,6,313.24,PT60M
2025-08-03,7,242.15,PT60M
2025-08-03,8,133.16,PT60M
2025-08-03,9,31.25,PT60M
2025-08-03,10,0.00,PT60M
2025-08-03,11,-5.14,PT60M
2025-08-03,12,-10.66,PT60M
2025-08-03,13,-15.24,PT60M
2025-08-03,14,-50.24,PT60M
2025-08-03,15,-51.20,PT60M
2025-08-03,16,-25.29,PT60M
2025-08-03,17,0.01,PT60M
2025-08-03,18,426.46,PT60M
2025-08-03,19,624.90,PT60M
2025-08-03,20,586.10,PT60M
2025-08-03,21,799.10,PT60M
2025-08-03,22,660.50,PT60M
2025-08-03,23,583.56,PT60M
2025-08-03,24,431.99,PT60M
2025-08-04,1,428.20,PT60M
2025-08-04,2,355.77,PT60M
2025-08-04,3,355.23,PT60M
2025-08-04,4,352.71,PT60M
2025-08-04,5,368.03,PT60M
2025-08-04,6,442.75,PT60M
2025-08-04,7,476.09,PT60M
2025-08-04,8,514.77,PT60M
2025-08-04,9,447.94,PT60M
2025-08-04,10,364.00,PT60M
2025-08-04,11,320.23,PT60M
2025-08-04,12,255.08,PT60M
2025-08-04,13,74.68,PT60M
2025-08-04,14,20.55,PT60M
2025-08-04,15,3.33,PT60M
2025-08-04,16,152.31,PT60M
2025-08-04,17,334.56,PT60M
2025-08-04,18,631.32,PT60M
2025-08-04,19,750.12,PT60M
2025-08-04,20,973.88,PT60M
2025-08-04,21,1095.67,PT60M
2025-08-04,22,691.85,PT60M
2025-08-04,23,620.53,PT60M
2025-08-04,24,450.00,PT60M
2025-08-05,1,487.34,PT60M
2025-08-05,2,80.88,PT60M
2025-08-05,3,232.62,PT60M
2025-08-05,4,126.39,PT60M
2025-08-05,5,319.09,PT60M
2025-08-05,6,450.00,PT60M
2025-08-05,7,507.19,PT60M
2025-08-05,8,478.42,PT60M
2025-08-05,9,374.78,PT60M
2025-08-05,10,19.41,PT60M
2025-08-05,11,0.00,PT60M
2025-08-05,12,-9.25,PT60M
2025-08-05,13,-25.00,PT60M
2025-08-05,14,25.92,PT60M
2025-08-05,15,-60.50,PT60M
2025-08-05,16,0.01,PT60M
2025-08-05,17,329.35,PT60M
2025-08-05,18,527.78,PT60M
2025-08-05,19,614.47,PT60M
2025-08-05,20,755.00,PT60M
2025-08-05,21,914.76,PT60M
2025-08-05,22,690.84,PT60M
2025-08-05,23,625.83,PT60M
2025-08-05,24,451.00,PT60M
2025-08-06,1,390.90,PT60M
2025-08-06,2,304.36,PT60M
2025-08-06,3,370.70,PT60M
2025-08-06,4,393.67,PT60M
2025-08-06,5,369.98,PT60M
2025-08-06,6,417.38,PT60M
2025-08-06,7,490.70,PT60M
2025-08-06,8,497.43,PT60M
2025-08-06,9,426.13,PT60M
2025-08-06,10,141.20,PT60M
2025-08-06,11,0.06,PT60M
2025-08-06,12,4.95,PT60M
2025-08-06,13,25.33,PT60M
2025-08-06,14,24.94,PT60M
2025-08-06,15,15.86,PT60M
2025-08-06,16,138.37,PT60M
2025-08-06,17,439.51,PT60M
2025-08-06,18,501.14,PT60M
2025-08-06,19,547.57,PT60M
2025-08-06,20,749.86,PT60M
2025-08-06,21,936.57,PT60M
2025-08-06,22,795.22,PT60M
2025-08-06,23,558.16,PT60M
2025-08-06,24,513.81,PT60M
2025-08-07,1,494.54,PT60M
2025-08-07,2,481.94,PT60M
2025-08-07,3,447.08,PT60M
2025-08-07,4,409.41,PT60M
2025-08-07,5,427.90,PT60M
2025-08-07,6,365.21,PT60M
2025-08-07,7,400.16,PT60M
2025-08-07,8,301.59,PT60M
2025-08-07,9,76.51,PT60M
2025-08-07,10,25.91,PT60M
2025-08-07,11,0.01,PT60M
2025-08-07,12,-0.02,PT60M
2025-08-07,13,-0.83,PT60M
2025-08-07,14,-15.74,PT60M
2025-08-07,15,-0.01,PT60M
2025-08-07,16,0.04,PT60M
2025-08-07,17,196.48,PT60M
2025-08-07,18,432.34,PT60M
2025-08-07,19,614.23,PT60M
2025-08-07,20,835.75,PT60M
2025-08-07,21,874.02,PT60M
2025-08-07,22,664.83,PT60M
2025-08-07,23,558.24,PT60M
2025-08-07,24,513.99,PT60M
2025-08-08,1,477.73,PT60M
2025-08-08,2,457.23,PT60M
2025-08-08,3,437.71,PT60M
2025-08-08,4,421.68,PT60M
2025-08-08,5,412.74,PT60M
2025-08-08,6,463.33,PT60M
2025-08-08,7,451.00,PT60M
2025-08-08,8,366.93,PT60M
2025-08-08,9,179.37,PT60M
2025-08-08,10,228.38,PT60M
2025-08-08,11,44.32,PT60M
2025-08-08,12,25.96,PT60M
2025-08-08,13,0.01,PT60M
2025-08-08,14,-0.05,PT60M
2025-08-08,15,-0.03,PT60M
2025-08-08,16,0.00,PT60M
2025-08-08,17,53.22,PT60M
2025-08-08,18,437.72,PT60M
2025-08-08,19,714.17,PT60M
2025-08-08,20,866.09,PT60M
2025-08-08,21,1141.10,PT60M
2025-08-08,22,792.49,PT60M
2025-08-08,23,638.82,PT60M
2025-08-08,24,553.94,PT60M
2025-08-09,1,521.89,PT60M
2025-08-09,2,519.15,PT60M
2025-08-09,3,515.53,PT60M
2025-08-09,4,500.76,PT60M
2025-08-09,5,500.19,PT60M
2025-08-09,6,500.52,PT60M
2025-08-09,7,497.48,PT60M
2025-08-09,8,313.64,PT60M
2025-08-09,9,347.06,PT60M
2025-08-09,10,77.82,PT60M
2025-08-09,11,-0.10,PT60M
2025-08-09,12,-5.07,PT60M
2025-08-09,13,-50.54,PT60M
2025-08-09,14,-83.13,PT60M
2025-08-09,15,-76.12,PT60M
2025-08-09,16,-14.55,PT60M
2025-08-09,17,0.29,PT60M
2025-08-09,18,388.06,PT60M
2025-08-09,19,759.70,PT60M
2025-08-09,20,815.28,PT60M
2025-08-09,21,1002.21,PT60M
2025-08-09,22,679.48,PT60M
2025-08-09,23,597.29,PT60M
2025-08-09,24,482.92,PT60M
2025-08-10,1,429.53,PT60M
2025-08-10,2,421.00,PT60M
2025-08-10,3,419.78,PT60M
2025-08-10,4,393.40,PT60M
2025-08-10,5,406.96,PT60M
2025-08-10,6,421.92,PT60M
2025-08-10,7,413.36,PT60M
2025-08-10,8,355.59,PT60M
2025-08-10,9,134.10,PT60M
2025-08-10,10,-0.04,PT60M
2025-08-10,11,-17.55,PT60M
2025-08-10,12,-79.12,PT60M
2025-08-10,13,-194.02,PT60M
2025-08-10,14,-307.17,PT60M
2025-08-10,15,-250.57,PT60M
2025-08-10,16,-101.48,PT60M
2025-08-10,17,0.00,PT60M
2025-08-10,18,186.61,PT60M
2025-08-10,19,494.03,PT60M
2025-08-10,20,618.17,PT60M
2025-08-10,21,701.42,PT60M
2025-08-10,22,613.78,PT60M
2025-08-10,23,541.34,PT60M
2025-08-10,24,498.03,PT60M
2025-08-11,1,506.16,PT60M
2025-08-11,2,464.99,PT60M
2025-08-11,3,442.60,PT60M
2025-08-11,4,430.19,PT60M
2025-08-11,5,471.10,PT60M
2025-08-11,6,527.56,PT60M
2025-08-11,7,636.29,PT60M
2025-08-11,8,363.59,PT60M
2025-08-11,9,62.22,PT60M
2025-08-11,10,64.88,PT60M
2025-08-11,11,42.77,PT60M
2025-08-11,12,12.90,PT60M
2025-08-11,13,0.00,PT60M
2025-08-11,14,0.00,PT60M
2025-08-11,15,0.01,PT60M
2025-08-11,16,45.64,PT60M
2025-08-11,17,299.05,PT60M
2025-08-11,18,492.93,PT60M
2025-08-11,19,726.15,PT60M
2025-08-11,20,980.88,PT60M
2025-08-11,21,1198.00,PT60M
2025-08-11,22,712.62,PT60M
2025-08-11,23,552.10,PT60M
2025-08-11,24,486.83,PT60M
2025-08-12,1,471.61,PT60M
2025-08-12,2,454.75,PT60M
2025-08-12,3,433.14,PT60M
2025-08-12,4,423.92,PT60M
2025-08-12,5,424.88,PT60M
2025-08-12,6,473.76,PT60M
2025-08-12,7,444.93,PT60M
2025-08-12,8,363.57,PT60M
2025-08-12,9,405.71,PT60M
2025-08-12,10,81.12,PT60M
2025-08-12,11,77.77,PT60M
2025-08-12,12,64.91,PT60M
2025-08-12,13,42.49,PT60M
2025-08-12,14,15.21,PT60M
2025-08-12,15,26.12,PT60M
2025-08-12,16,177.77,PT60M
2025-08-12,17,370.94,PT60M
2025-08-12,18,553.07,PT60M
2025-08-12,19,716.66,PT60M
2025-08-12,20,1202.08,PT60M
2025-08-12,21,1399.73,PT60M
2025-08-12,22,755.00,PT60M
2025-08-12,23,580.49,PT60M
2025-08-12,24,497.80,PT60M
2025-08-13,1,489.97,PT60M
2025-08-13,2,456.08,PT60M
2025-08-13,3,440.33,PT60M
2025-08-13,4,429.29,PT60M
2025-08-13,5,441.24,PT60M
2025-08-13,6,440.23,PT60M
2025-08-13,7,546.89,PT60M
2025-08-13,8,440.00,PT60M
2025-08-13,9,170.83,PT60M
2025-08-13,10,339.21,PT60M
2025-08-13,11,33.88,PT60M
2025-08-13,12,42.75,PT60M
2025-08-13,13,51.83,PT60M
2025-08-13,14,57.61,PT60M
2025-08-13,15,209.00,PT60M
2025-08-13,16,359.29,PT60M
2025-08-13,17,427.20,PT60M
2025-08-13,18,489.73,PT60M
2025-08-13,19,701.73,PT60M
2025-08-13,20,1262.00,PT60M
2025-08-13,21,1205.64,PT60M
2025-08-13,22,721.35,PT60M
2025-08-13,23,624.38,PT60M
2025-08-13,24,538.53,PT60M
2025-08-14,1,497.20,PT60M
2025-08-14,2,466.28,PT60M
2025-08-14,3,448.30,PT60M
2025-08-14,4,444.44,PT60M
2025-08-14,5,446.27,PT60M
2025-08-14,6,490.10,PT60M
2025-08-14,7,512.69,PT60M
2025-08-14,8,437.35,PT60M
2025-08-14,9,353.74,PT60M
2025-08-14,10,274.58,PT60M
2025-08-14,11,64.77,PT60M
2025-08-14,12,64.76,PT60M
2025-08-14,13,65.20,PT60M
2025-08-14,14,81.05,PT60M
2025-08-14,15,278.25,PT60M
2025-08-14,16,351.90,PT60M
2025-08-14,17,400.37,PT60M
2025-08-14,18,515.50,PT60M
2025-08-14,19,719.65,PT60M
2025-08-14,20,1325.00,PT60M
2025-08-14,21,1545.43,PT60M
2025-08-14,22,801.12,PT60M
2025-08-14,23,623.03,PT60M
2025-08-14,24,536.97,PT60M
2025-08-15,1,503.42,PT60M
2025-08-15,2,497.96,PT60M
2025-08-15,3,470.18,PT60M
2025-08-15,4,449.36,PT60M
2025-08-15,5,459.63,PT60M
2025-08-15,6,480.01,PT60M
2025-08-15,7,504.61,PT60M
2025-08-15,8,505.09,PT60M
2025-08-15,9,477.31,PT60M
2025-08-15,10,364.04,PT60M
2025-08-15,11,128.96,PT60M
2025-08-15,12,15.19,PT60M
2025-08-15,13,0.41,PT60M
2025-08-15,14,0.00,PT60M
2025-08-15,15,0.01,PT60M
2025-08-15,16,8.74,PT60M
2025-08-15,17,200.00,PT60M
2025-08-15,18,428.29,PT60M
2025-08-15,19,534.52,PT60M
2025-08-15,20,608.96,PT60M
2025-08-15,21,675.68,PT60M
2025-08-15,22,565.86,PT60M
2025-08-15,23,535.69,PT60M
2025-08-15,24,485.04,PT60M
2025-08-16,1,479.61,PT60M
2025-08-16,2,454.52,PT60M
2025-08-16,3,448.01,PT60M
2025-08-16,4,422.03,PT60M
2025-08-16,5,413.99,PT60M
2025-08-16,6,428.26,PT60M
2025-08-16,7,443.45,PT60M
2025-08-16,8,442.38,PT60M
2025-08-16,9,395.78,PT60M
2025-08-16,10,332.69,PT60M
2025-08-16,11,77.66,PT60M
2025-08-16,12,19.25,PT60M
2025-08-16,13,0.85,PT60M
2025-08-16,14,-0.03,PT60M
2025-08-16,15,-0.05,PT60M
2025-08-16,16,0.04,PT60M
2025-08-16,17,191.33,PT60M
2025-08-16,18,430.61,PT60M
2025-08-16,19,703.12,PT60M
2025-08-16,20,902.52,PT60M
2025-08-16,21,965.42,PT60M
2025-08-16,22,742.74,PT60M
2025-08-16,23,526.87,PT60M
2025-08-16,24,454.56,PT60M
2025-08-17,1,456.04,PT60M
2025-08-17,2,424.16,PT60M
2025-08-17,3,426.83,PT60M
2025-08-17,4,421.60,PT60M
2025-08-17,5,424.06,PT60M
2025-08-17,6,430.91,PT60M
2025-08-17,7,430.76,PT60M
2025-08-17,8,382.84,PT60M
2025-08-17,9,152.12,PT60M
2025-08-17,10,68.97,PT60M
2025-08-17,11,37.71,PT60M
2025-08-17,12,1.99,PT60M
2025-08-17,13,0.04,PT60M
2025-08-17,14,-3.50,PT60M
2025-08-17,15,-4.16,PT60M
2025-08-17,16,3.29,PT60M
2025-08-17,17,83.50,PT60M
2025-08-17,18,341.53,PT60M
2025-08-17,19,503.65,PT60M
2025-08-17,20,566.04,PT60M
2025-08-17,21,582.43,PT60M
2025-08-17,22,558.29,PT60M
2025-08-17,23,531.19,PT60M
2025-08-17,24,516.61,PT60M
2025-08-18,1,458.58,PT60M
2025-08-18,2,433.83,PT60M
2025-08-18,3,421.25,PT60M
2025-08-18,4,412.74,PT60M
2025-08-18,5,438.51,PT60M
2025-08-18,6,492.33,PT60M
2025-08-18,7,580.70,PT60M
2025-08-18,8,612.77,PT60M
2025-08-18,9,428.41,PT60M
2025-08-18,10,445.16,PT60M
2025-08-18,11,347.43,PT60M
2025-08-18,12,232.56,PT60M
2025-08-18,13,101.46,PT60M
2025-08-18,14,72.03,PT60M
2025-08-18,15,92.84,PT60M
2025-08-18,16,276.25,PT60M
2025-08-18,17,377.36,PT60M
2025-08-18,18,581.00,PT60M
2025-08-18,19,576.53,PT60M
2025-08-18,20,923.06,PT60M
2025-08-18,21,1077.25,PT60M
2025-08-18,22,633.92,PT60M
2025-08-18,23,540.76,PT60M
2025-08-18,24,505.78,PT60M
2025-08-19,1,508.82,PT60M
2025-08-19,2,474.21,PT60M
2025-08-19,3,441.19,PT60M
2025-08-19,4,430.77,PT60M
2025-08-19,5,448.13,PT60M
2025-08-19,6,510.23,PT60M
2025-08-19,7,553.97,PT60M
2025-08-19,8,550.00,PT60M
2025-08-19,9,496.43,PT60M
2025-08-19,10,448.40,PT60M
2025-08-19,11,352.56,PT60M
2025-08-19,12,218.85,PT60M
2025-08-19,13,145.36,PT60M
2025-08-19,14,177.22,PT60M
2025-08-19,15,209.00,PT60M
2025-08-19,16,366.92,PT60M
2025-08-19,17,466.23,PT60M
2025-08-19,18,550.00,PT60M
2025-08-19,19,648.21,PT60M
2025-08-19,20,898.53,PT60M
2025-08-19,21,901.60,PT60M
2025-08-19,22,593.15,PT60M
2025-08-19,23,533.13,PT60M
2025-08-19,24,498.22,PT60M
2025-08-20,1,489.38,PT60M
2025-08-20,2,465.08,PT60M
2025-08-20,3,437.40,PT60M
2025-08-20,4,427.44,PT60M
2025-08-20,5,446.75,PT60M
2025-08-20,6,491.84,PT60M
2025-08-20,7,550.00,PT60M
2025-08-20,8,545.58,PT60M
2025-08-20,9,516.07,PT60M
2025-08-20,10,278.30,PT60M
2025-08-20,11,119.58,PT60M
2025-08-20,12,299.76,PT60M
2025-08-20,13,209.00,PT60M
2025-08-20,14,177.06,PT60M
2025-08-20,15,209.00,PT60M
2025-08-20,16,353.73,PT60M
2025-08-20,17,393.47,PT60M
2025-08-20,18,521.81,PT60M
2025-08-20,19,587.74,PT60M
2025-08-20,20,673.68,PT60M
2025-08-20,21,686.94,PT60M
2025-08-20,22,592.40,PT60M
2025-08-20,23,550.00,PT60M
2025-08-20,24,506.57,PT60M
2025-08-21,1,482.37,PT60M
2025-08-21,2,429.87,PT60M
2025-08-21,3,424.49,PT60M
2025-08-21,4,437.24,PT60M
2025-08-21,5,441.72,PT60M
2025-08-21,6,517.83,PT60M
2025-08-21,7,556.49,PT60M
2025-08-21,8,561.70,PT60M
2025-08-21,9,526.61,PT60M
2025-08-21,10,510.54,PT60M
2025-08-21,11,456.64,PT60M
2025-08-21,12,408.79,PT60M
2025-08-21,13,372.55,PT60M
2025-08-21,14,357.08,PT60M
2025-08-21,15,392.51,PT60M
2025-08-21,16,425.94,PT60M
2025-08-21,17,476.27,PT60M
2025-08-21,18,550.00,PT60M
2025-08-21,19,635.45,PT60M
2025-08-21,20,700.86,PT60M
2025-08-21,21,722.70,PT60M
2025-08-21,22,585.35,PT60M
2025-08-21,23,516.00,PT60M
2025-08-21,24,465.06,PT60M
2025-08-22,1,441.11,PT60M
2025-08-22,2,400.89,PT60M
2025-08-22,3,382.85,PT60M
2025-08-22,4,374.59,PT60M
2025-08-22,5,370.00,PT60M
2025-08-22,6,423.20,PT60M
2025-08-22,7,520.93,PT60M
2025-08-22,8,528.17,PT60M
2025-08-22,9,308.48,PT60M
2025-08-22,10,101.22,PT60M
2025-08-22,11,60.49,PT60M
2025-08-22,12,209.00,PT60M
2025-08-22,13,80.72,PT60M
2025-08-22,14,26.54,PT60M
2025-08-22,15,7.69,PT60M
2025-08-22,16,29.98,PT60M
2025-08-22,17,239.82,PT60M
2025-08-22,18,362.63,PT60M
2025-08-22,19,470.24,PT60M
2025-08-22,20,525.45,PT60M
2025-08-22,21,570.58,PT60M
2025-08-22,22,543.23,PT60M
2025-08-22,23,520.94,PT60M
2025-08-22,24,477.61,PT60M
2025-08-23,1,482.16,PT60M
2025-08-23,2,451.78,PT60M
2025-08-23,3,440.76,PT60M
2025-08-23,4,427.76,PT60M
2025-08-23,5,428.39,PT60M
2025-08-23,6,429.95,PT60M
2025-08-23,7,437.14,PT60M
2025-08-23,8,438.72,PT60M
2025-08-23,9,419.70,PT60M
2025-08-23,10,219.58,PT60M
2025-08-23,11,38.59,PT60M
2025-08-23,12,16.89,PT60M
2025-08-23,13,6.82,PT60M
2025-08-23,14,0.37,PT60M
2025-08-23,15,2.06,PT60M
2025-08-23,16,17.80,PT60M
2025-08-23,17,82.63,PT60M
2025-08-23,18,476.33,PT60M
2025-08-23,19,630.48,PT60M
2025-08-23,20,681.79,PT60M
2025-08-23,21,748.28,PT60M
2025-08-23,22,607.73,PT60M
2025-08-23,23,562.23,PT60M
2025-08-23,24,535.35,PT60M
2025-08-24,1,508.00,PT60M
2025-08-24,2,480.74,PT60M
2025-08-24,3,474.30,PT60M
2025-08-24,4,462.20,PT60M
2025-08-24,5,456.93,PT60M
2025-08-24,6,457.45,PT60M
2025-08-24,7,454.91,PT60M
2025-08-24,8,428.27,PT60M
2025-08-24,9,188.08,PT60M
2025-08-24,10,7.66,PT60M
2025-08-24,11,-0.03,PT60M
2025-08-24,12,-0.35,PT60M
2025-08-24,13,-10.00,PT60M
2025-08-24,14,-37.64,PT60M
2025-08-24,15,-37.40,PT60M
2025-08-24,16,-0.51,PT60M
2025-08-24,17,0.00,PT60M
2025-08-24,18,341.74,PT60M
2025-08-24,19,516.05,PT60M
2025-08-24,20,557.73,PT60M
2025-08-24,21,592.40,PT60M
2025-08-24,22,577.83,PT60M
2025-08-24,23,543.36,PT60M
2025-08-24,24,508.08,PT60M
2025-08-25,1,481.59,PT60M
2025-08-25,2,439.89,PT60M
2025-08-25,3,418.83,PT60M
2025-08-25,4,406.09,PT60M
2025-08-25,5,410.50,PT60M
2025-08-25,6,507.03,PT60M
2025-08-25,7,569.98,PT60M
2025-08-25,8,615.39,PT60M
2025-08-25,9,546.18,PT60M
2025-08-25,10,464.86,PT60M
2025-08-25,11,337.83,PT60M
2025-08-25,12,177.02,PT60M
2025-08-25,13,50.55,PT60M
2025-08-25,14,29.99,PT60M
2025-08-25,15,34.26,PT60M
2025-08-25,16,127.37,PT60M
2025-08-25,17,341.79,PT60M
2025-08-25,18,453.60,PT60M
2025-08-25,19,565.93,PT60M
2025-08-25,20,779.26,PT60M
2025-08-25,21,1111.53,PT60M
2025-08-25,22,690.90,PT60M
2025-08-25,23,581.47,PT60M
2025-08-25,24,531.47,PT60M
2025-08-26,1,529.67,PT60M
2025-08-26,2,513.42,PT60M
2025-08-26,3,499.70,PT60M
2025-08-26,4,492.72,PT60M
2025-08-26,5,503.53,PT60M
2025-08-26,6,519.16,PT60M
2025-08-26,7,608.36,PT60M
2025-08-26,8,610.97,PT60M
2025-08-26,9,536.13,PT60M
2025-08-26,10,454.91,PT60M
2025-08-26,11,209.00,PT60M
2025-08-26,12,134.72,PT60M
2025-08-26,13,80.87,PT60M
2025-08-26,14,132.83,PT60M
2025-08-26,15,192.34,PT60M
2025-08-26,16,372.86,PT60M
2025-08-26,17,457.54,PT60M
2025-08-26,18,555.31,PT60M
2025-08-26,19,657.54,PT60M
2025-08-26,20,945.12,PT60M
2025-08-26,21,930.25,PT60M
2025-08-26,22,634.90,PT60M
2025-08-26,23,554.89,PT60M
2025-08-26,24,505.53,PT60M
2025-08-27,1,504.13,PT60M
2025-08-27,2,456.46,PT60M
2025-08-27,3,438.94,PT60M
2025-08-27,4,446.44,PT60M
2025-08-27,5,462.68,PT60M
2025-08-27,6,502.46,PT60M
2025-08-27,7,555.52,PT60M
2025-08-27,8,583.35,PT60M
2025-08-27,9,574.33,PT60M
2025-08-27,10,513.62,PT60M
2025-08-27,11,266.69,PT60M
2025-08-27,12,168.85,PT60M
2025-08-27,13,200.00,PT60M
2025-08-27,14,115.53,PT60M
2025-08-27,15,209.00,PT60M
2025-08-27,16,392.06,PT60M
2025-08-27,17,438.56,PT60M
2025-08-27,18,540.96,PT60M
2025-08-27,19,662.47,PT60M
2025-08-27,20,1061.19,PT60M
2025-08-27,21,1063.28,PT60M
2025-08-27,22,641.07,PT60M
2025-08-27,23,574.27,PT60M
2025-08-27,24,523.44,PT60M
2025-08-28,1,491.13,PT60M
2025-08-28,2,465.50,PT60M
2025-08-28,3,445.15,PT60M
2025-08-28,4,446.38,PT60M
2025-08-28,5,465.53,PT60M
2025-08-28,6,491.87,PT60M
2025-08-28,7,598.39,PT60M
2025-08-28,8,553.32,PT60M
2025-08-28,9,483.59,PT60M
2025-08-28,10,25.85,PT60M
2025-08-28,11,51.06,PT60M
2025-08-28,12,25.85,PT60M
2025-08-28,13,27.40,PT60M
2025-08-28,14,25.81,PT60M
2025-08-28,15,42.62,PT60M
2025-08-28,16,216.00,PT60M
2025-08-28,17,448.62,PT60M
2025-08-28,18,600.21,PT60M
2025-08-28,19,747.73,PT60M
2025-08-28,20,874.75,PT60M
2025-08-28,21,739.50,PT60M
2025-08-28,22,611.91,PT60M
2025-08-28,23,535.99,PT60M
2025-08-28,24,461.11,PT60M
2025-08-29,1,431.69,PT60M
2025-08-29,2,437.40,PT60M
2025-08-29,3,436.11,PT60M
2025-08-29,4,439.31,PT60M
2025-08-29,5,451.22,PT60M
2025-08-29,6,493.68,PT60M
2025-08-29,7,553.63,PT60M
2025-08-29,8,550.00,PT60M
2025-08-29,9,531.31,PT60M
2025-08-29,10,405.63,PT60M
2025-08-29,11,187.59,PT60M
2025-08-29,12,97.14,PT60M
2025-08-29,13,57.13,PT60M
2025-08-29,14,42.69,PT60M
2025-08-29,15,50.99,PT60M
2025-08-29,16,408.25,PT60M
2025-08-29,17,467.89,PT60M
2025-08-29,18,574.78,PT60M
2025-08-29,19,660.87,PT60M
2025-08-29,20,777.66,PT60M
2025-08-29,21,758.56,PT60M
2025-08-29,22,613.99,PT60M
2025-08-29,23,516.31,PT60M
2025-08-29,24,463.42,PT60M
2025-08-30,1,477.36,PT60M
2025-08-30,2,449.73,PT60M
2025-08-30,3,430.35,PT60M
2025-08-30,4,413.00,PT60M
2025-08-30,5,437.67,PT60M
2025-08-30,6,465.11,PT60M
2025-08-30,7,468.39,PT60M
2025-08-30,8,478.67,PT60M
2025-08-30,9,447.74,PT60M
2025-08-30,10,414.51,PT60M
2025-08-30,11,191.27,PT60M
2025-08-30,12,26.51,PT60M
2025-08-30,13,0.00,PT60M
2025-08-30,14,0.00,PT60M
2025-08-30,15,0.01,PT60M
2025-08-30,16,47.53,PT60M
2025-08-30,17,286.96,PT60M
2025-08-30,18,511.22,PT60M
2025-08-30,19,613.29,PT60M
2025-08-30,20,644.75,PT60M
2025-08-30,21,651.53,PT60M
2025-08-30,22,582.50,PT60M
2025-08-30,23,512.05,PT60M
2025-08-30,24,437.29,PT60M
2025-08-31,1,418.71,PT60M
2025-08-31,2,371.14,PT60M
2025-08-31,3,332.05,PT60M
2025-08-31,4,313.75,PT60M
2025-08-31,5,298.02,PT60M
2025-08-31,6,349.95,PT60M
2025-08-31,7,352.72,PT60M
2025-08-31,8,334.33,PT60M
2025-08-31,9,113.16,PT60M
2025-08-31,10,27.11,PT60M
2025-08-31,11,0.01,PT60M
2025-08-31,12,-0.06,PT60M
2025-08-31,13,-0.48,PT60M
2025-08-31,14,-4.97,PT60M
2025-08-31,15,-3.05,PT60M
2025-08-31,16,-0.01,PT60M
2025-08-31,17,138.18,PT60M
2025-08-31,18,434.62,PT60M
2025-08-31,19,586.53,PT60M
2025-08-31,20,675.88,PT60M
2025-08-31,21,662.25,PT60M
2025-08-31,22,574.71,PT60M
2025-08-31,23,516.17,PT60M
2025-08-31,24,459.06,PT60M
2025-09-01,1,448.32,PT60M
2025-09-01,2,444.67,PT60M
2025-09-01,3,439.40,PT60M
2025-09-01,4,434.46,PT60M
2025-09-01,5,443.15,PT60M
2025-09-01,6,495.39,PT60M
2025-09-01,7,593.09,PT60M
2025-09-01,8,620.02,PT60M
2025-09-01,9,550.00,PT60M
2025-09-01,10,506.39,PT60M
2025-09-01,11,283.58,PT60M
2025-09-01,12,329.14,PT60M
2025-09-01,13,202.89,PT60M
2025-09-01,14,118.49,PT60M
2025-09-01,15,201.33,PT60M
2025-09-01,16,359.29,PT60M
2025-09-01,17,423.36,PT60M
2025-09-01,18,562.20,PT60M
2025-09-01,19,839.94,PT60M
2025-09-01,20,1142.81,PT60M
2025-09-01,21,1038.09,PT60M
2025-09-01,22,700.00,PT60M
2025-09-01,23,552.80,PT60M
2025-09-01,24,504.63,PT60M
2025-09-02,1,448.98,PT60M
2025-09-02,2,432.48,PT60M
2025-09-02,3,444.27,PT60M
2025-09-02,4,446.97,PT60M
2025-09-02,5,458.84,PT60M
2025-09-02,6,505.19,PT60M
2025-09-02,7,618.04,PT60M
2025-09-02,8,706.12,PT60M
2025-09-02,9,330.00,PT60M
2025-09-02,10,213.00,PT60M
2025-09-02,11,213.00,PT60M
2025-09-02,12,151.79,PT60M
2025-09-02,13,213.00,PT60M
2025-09-02,14,227.69,PT60M
2025-09-02,15,363.10,PT60M
2025-09-02,16,391.13,PT60M
2025-09-02,17,488.73,PT60M
2025-09-02,18,587.81,PT60M
2025-09-02,19,846.78,PT60M
2025-09-02,20,1450.90,PT60M
2025-09-02,21,1231.43,PT60M
2025-09-02,22,661.32,PT60M
2025-09-02,23,562.46,PT60M
2025-09-02,24,548.20,PT60M
2025-09-03,1,522.17,PT60M
2025-09-03,2,426.41,PT60M
2025-09-03,3,410.05,PT60M
2025-09-03,4,382.39,PT60M
2025-09-03,5,402.40,PT60M
2025-09-03,6,486.86,PT60M
2025-09-03,7,593.53,PT60M
2025-09-03,8,597.53,PT60M
2025-09-03,9,533.33,PT60M
2025-09-03,10,409.54,PT60M
2025-09-03,11,184.84,PT60M
2025-09-03,12,41.75,PT60M
2025-09-03,13,31.43,PT60M
2025-09-03,14,31.06,PT60M
2025-09-03,15,50.99,PT60M
2025-09-03,16,273.37,PT60M
2025-09-03,17,464.76,PT60M
2025-09-03,18,735.26,PT60M
2025-09-03,19,876.33,PT60M
2025-09-03,20,1006.91,PT60M
2025-09-03,21,867.62,PT60M
2025-09-03,22,760.78,PT60M
2025-09-03,23,654.35,PT60M
2025-09-03,24,550.00,PT60M
2025-09-04,1,514.82,PT60M
2025-09-04,2,494.05,PT60M
2025-09-04,3,447.90,PT60M
2025-09-04,4,425.48,PT60M
2025-09-04,5,406.10,PT60M
2025-09-04,6,495.99,PT60M
2025-09-04,7,605.17,PT60M
2025-09-04,8,612.65,PT60M
2025-09-04,9,547.01,PT60M
2025-09-04,10,380.39,PT60M
2025-09-04,11,200.58,PT60M
2025-09-04,12,29.40,PT60M
2025-09-04,13,16.23,PT60M
2025-09-04,14,16.37,PT60M
2025-09-04,15,163.02,PT60M
2025-09-04,16,330.98,PT60M
2025-09-04,17,478.12,PT60M
2025-09-04,18,642.59,PT60M
2025-09-04,19,907.08,PT60M
2025-09-04,20,1606.79,PT60M
2025-09-04,21,1227.03,PT60M
2025-09-04,22,673.80,PT60M
2025-09-04,23,601.06,PT60M
2025-09-04,24,547.77,PT60M
2025-09-05,1,498.78,PT60M
2025-09-05,2,436.25,PT60M
2025-09-05,3,422.93,PT60M
2025-09-05,4,418.29,PT60M
2025-09-05,5,418.41,PT60M
2025-09-05,6,480.09,PT60M
2025-09-05,7,585.13,PT60M
2025-09-05,8,651.33,PT60M
2025-09-05,9,621.09,PT60M
2025-09-05,10,516.47,PT60M
2025-09-05,11,462.63,PT60M
2025-09-05,12,451.35,PT60M
2025-09-05,13,417.67,PT60M
2025-09-05,14,384.03,PT60M
2025-09-05,15,377.02,PT60M
2025-09-05,16,413.14,PT60M
2025-09-05,17,491.31,PT60M
2025-09-05,18,655.92,PT60M
2025-09-05,19,849.87,PT60M
2025-09-05,20,978.99,PT60M
2025-09-05,21,843.79,PT60M
2025-09-05,22,710.79,PT60M
2025-09-05,23,741.41,PT60M
2025-09-05,24,567.19,PT60M
2025-09-06,1,521.29,PT60M
2025-09-06,2,522.75,PT60M
2025-09-06,3,521.97,PT60M
2025-09-06,4,518.37,PT60M
2025-09-06,5,513.82,PT60M
2025-09-06,6,518.04,PT60M
2025-09-06,7,488.68,PT60M
2025-09-06,8,478.31,PT60M
2025-09-06,9,502.71,PT60M
2025-09-06,10,420.96,PT60M
2025-09-06,11,60.50,PT60M
2025-09-06,12,-0.02,PT60M
2025-09-06,13,-0.08,PT60M
2025-09-06,14,-4.38,PT60M
2025-09-06,15,-5.03,PT60M
2025-09-06,16,-0.04,PT60M
2025-09-06,17,233.60,PT60M
2025-09-06,18,609.05,PT60M
2025-09-06,19,907.00,PT60M
2025-09-06,20,964.72,PT60M
2025-09-06,21,899.73,PT60M
2025-09-06,22,908.26,PT60M
2025-09-06,23,761.58,PT60M
2025-09-06,24,472.53,PT60M
2025-09-07,1,436.80,PT60M
2025-09-07,2,400.84,PT60M
2025-09-07,3,380.90,PT60M
2025-09-07,4,393.28,PT60M
2025-09-07,5,390.94,PT60M
2025-09-07,6,389.87,PT60M
2025-09-07,7,382.81,PT60M
2025-09-07,8,263.09,PT60M
2025-09-07,9,0.00,PT60M
2025-09-07,10,-0.43,PT60M
2025-09-07,11,-20.31,PT60M
2025-09-07,12,-102.06,PT60M
2025-09-07,13,-203.24,PT60M
2025-09-07,14,-271.20,PT60M
2025-09-07,15,-213.32,PT60M
2025-09-07,16,-100.00,PT60M
2025-09-07,17,0.05,PT60M
2025-09-07,18,484.49,PT60M
2025-09-07,19,564.87,PT60M
2025-09-07,20,746.95,PT60M
2025-09-07,21,726.99,PT60M
2025-09-07,22,668.61,PT60M
2025-09-07,23,587.70,PT60M
2025-09-07,24,485.42,PT60M
2025-09-08,1,443.76,PT60M
2025-09-08,2,444.36,PT60M
2025-09-08,3,441.04,PT60M
2025-09-08,4,441.69,PT60M
2025-09-08,5,449.64,PT60M
2025-09-08,6,510.16,PT60M
2025-09-08,7,653.59,PT60M
2025-09-08,8,741.93,PT60M
2025-09-08,9,628.63,PT60M
2025-09-08,10,516.34,PT60M
2025-09-08,11,431.55,PT60M
2025-09-08,12,247.68,PT60M
2025-09-08,13,217.72,PT60M
2025-09-08,14,315.48,PT60M
2025-09-08,15,363.20,PT60M
2025-09-08,16,413.30,PT60M
2025-09-08,17,524.13,PT60M
2025-09-08,18,690.86,PT60M
2025-09-08,19,1119.55,PT60M
2025-09-08,20,2110.61,PT60M
2025-09-08,21,1584.45,PT60M
2025-09-08,22,754.27,PT60M
2025-09-08,23,766.33,PT60M
2025-09-08,24,691.38,PT60M
2025-09-09,1,550.00,PT60M
2025-09-09,2,530.17,PT60M
2025-09-09,3,524.01,PT60M
2025-09-09,4,520.76,PT60M
2025-09-09,5,520.59,PT60M
2025-09-09,6,560.87,PT60M
2025-09-09,7,928.74,PT60M
2025-09-09,8,1097.84,PT60M
2025-09-09,9,826.23,PT60M
2025-09-09,10,621.10,PT60M
2025-09-09,11,525.89,PT60M
2025-09-09,12,486.95,PT60M
2025-09-09,13,430.70,PT60M
2025-09-09,14,430.94,PT60M
2025-09-09,15,454.27,PT60M
2025-09-09,16,493.98,PT60M
2025-09-09,17,550.04,PT60M
2025-09-09,18,778.56,PT60M
2025-09-09,19,1237.33,PT60M
2025-09-09,20,1991.12,PT60M
2025-09-09,21,1228.18,PT60M
2025-09-09,22,766.88,PT60M
2025-09-09,23,700.00,PT60M
2025-09-09,24,656.43,PT60M
2025-09-10,1,507.74,PT60M
2025-09-10,2,487.59,PT60M
2025-09-10,3,477.62,PT60M
2025-09-10,4,479.52,PT60M
2025-09-10,5,475.59,PT60M
2025-09-10,6,518.26,PT60M
2025-09-10,7,661.31,PT60M
2025-09-10,8,1066.69,PT60M
2025-09-10,9,512.00,PT60M
2025-09-10,10,615.92,PT60M
2025-09-10,11,579.39,PT60M
2025-09-10,12,561.94,PT60M
2025-09-10,13,492.42,PT60M
2025-09-10,14,472.09,PT60M
2025-09-10,15,489.40,PT60M
2025-09-10,16,510.65,PT60M
2025-09-10,17,584.58,PT60M
2025-09-10,18,735.42,PT60M
2025-09-10,19,934.22,PT60M
2025-09-10,20,1383.83,PT60M
2025-09-10,21,883.72,PT60M
2025-09-10,22,683.90,PT60M
2025-09-10,23,550.00,PT60M
2025-09-10,24,475.59,PT60M
2025-09-11,1,445.49,PT60M
2025-09-11,2,407.82,PT60M
2025-09-11,3,362.69,PT60M
2025-09-11,4,420.00,PT60M
2025-09-11,5,465.80,PT60M
2025-09-11,6,667.88,PT60M
2025-09-11,7,775.92,PT60M
2025-09-11,8,827.06,PT60M
2025-09-11,9,601.90,PT60M
2025-09-11,10,546.61,PT60M
2025-09-11,11,397.21,PT60M
2025-09-11,12,399.96,PT60M
2025-09-11,13,427.86,PT60M
2025-09-11,14,410.40,PT60M
2025-09-11,15,388.79,PT60M
2025-09-11,16,513.26,PT60M
2025-09-11,17,777.76,PT60M
2025-09-11,18,847.92,PT60M
2025-09-11,19,1095.41,PT60M
2025-09-11,20,1181.31,PT60M
2025-09-11,21,833.12,PT60M
2025-09-11,22,754.18,PT60M
2025-09-11,23,750.55,PT60M
2025-09-11,24,655.00,PT60M
2025-09-12,1,491.70,PT60M
2025-09-12,2,453.87,PT60M
2025-09-12,3,427.56,PT60M
2025-09-12,4,423.23,PT60M
2025-09-12,5,436.39,PT60M
2025-09-12,6,701.00,PT60M
2025-09-12,7,844.00,PT60M
2025-09-12,8,841.49,PT60M
2025-09-12,9,618.49,PT60M
2025-09-12,10,479.49,PT60M
2025-09-12,11,310.47,PT60M
2025-09-12,12,258.39,PT60M
2025-09-12,13,213.00,PT60M
2025-09-12,14,253.67,PT60M
2025-09-12,15,304.40,PT60M
2025-09-12,16,424.67,PT60M
2025-09-12,17,619.58,PT60M
2025-09-12,18,807.53,PT60M
2025-09-12,19,883.04,PT60M
2025-09-12,20,1160.74,PT60M
2025-09-12,21,842.82,PT60M
2025-09-12,22,612.77,PT60M
2025-09-12,23,588.86,PT60M
2025-09-12,24,492.87,PT60M
2025-09-13,1,479.62,PT60M
2025-09-13,2,401.58,PT60M
2025-09-13,3,351.83,PT60M
2025-09-13,4,360.34,PT60M
2025-09-13,5,402.63,PT60M
2025-09-13,6,421.56,PT60M
2025-09-13,7,465.28,PT60M
2025-09-13,8,404.06,PT60M
2025-09-13,9,345.88,PT60M
2025-09-13,10,282.36,PT60M
2025-09-13,11,70.76,PT60M
2025-09-13,12,12.03,PT60M
2025-09-13,13,0.00,PT60M
2025-09-13,14,-0.01,PT60M
2025-09-13,15,0.00,PT60M
2025-09-13,16,0.05,PT60M
2025-09-13,17,354.10,PT60M
2025-09-13,18,610.11,PT60M
2025-09-13,19,650.91,PT60M
2025-09-13,20,732.08,PT60M
2025-09-13,21,650.34,PT60M
2025-09-13,22,550.59,PT60M
2025-09-13,23,510.91,PT60M
2025-09-13,24,456.03,PT60M
2025-09-14,1,421.83,PT60M
2025-09-14,2,375.18,PT60M
2025-09-14,3,382.91,PT60M
2025-09-14,4,408.22,PT60M
2025-09-14,5,417.46,PT60M
2025-09-14,6,444.24,PT60M
2025-09-14,7,465.26,PT60M
2025-09-14,8,496.12,PT60M
2025-09-14,9,82.93,PT60M
2025-09-14,10,55.00,PT60M
2025-09-14,11,51.20,PT60M
2025-09-14,12,40.51,PT60M
2025-09-14,13,0.00,PT60M
2025-09-14,14,-0.01,PT60M
2025-09-14,15,-0.05,PT60M
2025-09-14,16,-0.02,PT60M
2025-09-14,17,101.39,PT60M
2025-09-14,18,479.65,PT60M
2025-09-14,19,639.57,PT60M
2025-09-14,20,808.85,PT60M
2025-09-14,21,641.54,PT60M
2025-09-14,22,463.80,PT60M
2025-09-14,23,396.25,PT60M
2025-09-14,24,179.16,PT60M
2025-09-15,1,344.85,PT60M
2025-09-15,2,218.39,PT60M
2025-09-15,3,263.34,PT60M
2025-09-15,4,249.88,PT60M
2025-09-15,5,264.69,PT60M
2025-09-15,6,432.56,PT60M
2025-09-15,7,720.98,PT60M
2025-09-15,8,786.66,PT60M
2025-09-15,9,579.93,PT60M
2025-09-15,10,309.46,PT60M
2025-09-15,11,60.56,PT60M
2025-09-15,12,44.10,PT60M
2025-09-15,13,39.34,PT60M
2025-09-15,14,42.75,PT60M
2025-09-15,15,51.20,PT60M
2025-09-15,16,158.39,PT60M
2025-09-15,17,447.42,PT60M
2025-09-15,18,810.17,PT60M
2025-09-15,19,1113.95,PT60M
2025-09-15,20,1394.90,PT60M
2025-09-15,21,952.85,PT60M
2025-09-15,22,899.72,PT60M
2025-09-15,23,761.26,PT60M
2025-09-15,24,701.86,PT60M
2025-09-16,1,550.00,PT60M
2025-09-16,2,532.79,PT60M
2025-09-16,3,448.19,PT60M
2025-09-16,4,434.05,PT60M
2025-09-16,5,441.24,PT60M
2025-09-16,6,550.00,PT60M
2025-09-16,7,757.05,PT60M
2025-09-16,8,670.71,PT60M
2025-09-16,9,419.81,PT60M
2025-09-16,10,213.00,PT60M
2025-09-16,11,42.74,PT60M
2025-09-16,12,42.76,PT60M
2025-09-16,13,25.94,PT60M
2025-09-16,14,42.77,PT60M
2025-09-16,15,228.12,PT60M
2025-09-16,16,354.86,PT60M
2025-09-16,17,588.13,PT60M
2025-09-16,18,919.98,PT60M
2025-09-16,19,1122.23,PT60M
2025-09-16,20,1646.49,PT60M
2025-09-16,21,851.08,PT60M
2025-09-16,22,725.52,PT60M
2025-09-16,23,655.00,PT60M
2025-09-16,24,515.00,PT60M
2025-09-17,1,449.99,PT60M
2025-09-17,2,321.76,PT60M
2025-09-17,3,258.20,PT60M
2025-09-17,4,239.31,PT60M
2025-09-17,5,296.76,PT60M
2025-09-17,6,494.18,PT60M
2025-09-17,7,612.81,PT60M
2025-09-17,8,642.30,PT60M
2025-09-17,9,570.34,PT60M
2025-09-17,10,474.41,PT60M
2025-09-17,11,347.82,PT60M
2025-09-17,12,220.92,PT60M
2025-09-17,13,76.03,PT60M
2025-09-17,14,68.87,PT60M
2025-09-17,15,76.45,PT60M
2025-09-17,16,241.10,PT60M
2025-09-17,17,433.84,PT60M
2025-09-17,18,551.00,PT60M
2025-09-17,19,929.32,PT60M
2025-09-17,20,1176.17,PT60M
2025-09-17,21,809.53,PT60M
2025-09-17,22,550.00,PT60M
2025-09-17,23,516.25,PT60M
2025-09-17,24,380.36,PT60M
2025-09-18,1,293.78,PT60M
2025-09-18,2,253.47,PT60M
2025-09-18,3,198.57,PT60M
2025-09-18,4,200.00,PT60M
2025-09-18,5,254.53,PT60M
2025-09-18,6,392.72,PT60M
2025-09-18,7,580.66,PT60M
2025-09-18,8,593.61,PT60M
2025-09-18,9,71.44,PT60M
2025-09-18,10,0.10,PT60M
2025-09-18,11,0.04,PT60M
2025-09-18,12,0.03,PT60M
2025-09-18,13,0.01,PT60M
2025-09-18,14,0.00,PT60M
2025-09-18,15,0.00,PT60M
2025-09-18,16,0.10,PT60M
2025-09-18,17,287.41,PT60M
2025-09-18,18,666.55,PT60M
2025-09-18,19,790.89,PT60M
2025-09-18,20,1238.88,PT60M
2025-09-18,21,783.79,PT60M
2025-09-18,22,556.97,PT60M
2025-09-18,23,527.75,PT60M
2025-09-18,24,446.57,PT60M
2025-09-19,1,375.40,PT60M
2025-09-19,2,364.62,PT60M
2025-09-19,3,360.51,PT60M
2025-09-19,4,359.04,PT60M
2025-09-19,5,359.07,PT60M
2025-09-19,6,461.90,PT60M
2025-09-19,7,597.60,PT60M
2025-09-19,8,700.00,PT60M
2025-09-19,9,379.02,PT60M
2025-09-19,10,247.87,PT60M
2025-09-19,11,213.00,PT60M
2025-09-19,12,30.00,PT60M
2025-09-19,13,5.02,PT60M
2025-09-19,14,0.00,PT60M
2025-09-19,15,0.00,PT60M
2025-09-19,16,60.68,PT60M
2025-09-19,17,400.79,PT60M
2025-09-19,18,586.70,PT60M
2025-09-19,19,1282.90,PT60M
2025-09-19,20,2059.43,PT60M
2025-09-19,21,825.27,PT60M
2025-09-19,22,551.29,PT60M
2025-09-19,23,515.73,PT60M
2025-09-19,24,408.42,PT60M
2025-09-20,1,474.37,PT60M
2025-09-20,2,422.61,PT60M
2025-09-20,3,403.20,PT60M
2025-09-20,4,402.58,PT60M
2025-09-20,5,402.29,PT60M
2025-09-20,6,432.27,PT60M
2025-09-20,7,474.96,PT60M
2025-09-20,8,467.83,PT60M
2025-09-20,9,405.71,PT60M
2025-09-20,10,126.28,PT60M
2025-09-20,11,0.03,PT60M
2025-09-20,12,-6.54,PT60M
2025-09-20,13,-42.32,PT60M
2025-09-20,14,-49.38,PT60M
2025-09-20,15,-21.90,PT60M
2025-09-20,16,0.81,PT60M
2025-09-20,17,157.70,PT60M
2025-09-20,18,527.00,PT60M
2025-09-20,19,796.27,PT60M
2025-09-20,20,831.21,PT60M
2025-09-20,21,613.59,PT60M
2025-09-20,22,477.52,PT60M
2025-09-20,23,395.01,PT60M
2025-09-20,24,254.95,PT60M
2025-09-21,1,232.88,PT60M
2025-09-21,2,125.47,PT60M
2025-09-21,3,51.47,PT60M
2025-09-21,4,51.49,PT60M
2025-09-21,5,43.27,PT60M
2025-09-21,6,126.81,PT60M
2025-09-21,7,22.36,PT60M
2025-09-21,8,26.52,PT60M
2025-09-21,9,16.71,PT60M
2025-09-21,10,0.19,PT60M
2025-09-21,11,-1.88,PT60M
2025-09-21,12,-50.33,PT60M
2025-09-21,13,-74.34,PT60M
2025-09-21,14,-75.00,PT60M
2025-09-21,15,-16.06,PT60M
2025-09-21,16,-0.60,PT60M
2025-09-21,17,48.03,PT60M
2025-09-21,18,469.02,PT60M
2025-09-21,19,538.30,PT60M
2025-09-21,20,606.34,PT60M
2025-09-21,21,586.52,PT60M
2025-09-21,22,508.42,PT60M
2025-09-21,23,502.96,PT60M
2025-09-21,24,438.42,PT60M
2025-09-22,1,403.04,PT60M
2025-09-22,2,384.90,PT60M
2025-09-22,3,369.65,PT60M
2025-09-22,4,364.01,PT60M
2025-09-22,5,364.93,PT60M
2025-09-22,6,437.05,PT60M
2025-09-22,7,588.48,PT60M
2025-09-22,8,646.07,PT60M
2025-09-22,9,131.08,PT60M
2025-09-22,10,299.11,PT60M
2025-09-22,11,25.88,PT60M
2025-09-22,12,13.15,PT60M
2025-09-22,13,1.00,PT60M
2025-09-22,14,25.92,PT60M
2025-09-22,15,42.78,PT60M
2025-09-22,16,359.79,PT60M
2025-09-22,17,454.37,PT60M
2025-09-22,18,639.16,PT60M
2025-09-22,19,726.61,PT60M
2025-09-22,20,1254.45,PT60M
2025-09-22,21,740.13,PT60M
2025-09-22,22,578.54,PT60M
2025-09-22,23,550.00,PT60M
2025-09-22,24,473.78,PT60M
2025-09-23,1,416.05,PT60M
2025-09-23,2,411.97,PT60M
2025-09-23,3,407.18,PT60M
2025-09-23,4,406.39,PT60M
2025-09-23,5,423.94,PT60M
2025-09-23,6,508.47,PT60M
2025-09-23,7,629.22,PT60M
2025-09-23,8,851.17,PT60M
2025-09-23,9,484.11,PT60M
2025-09-23,10,213.00,PT60M
2025-09-23,11,51.84,PT60M
2025-09-23,12,50.72,PT60M
2025-09-23,13,51.23,PT60M
2025-09-23,14,60.60,PT60M
2025-09-23,15,213.00,PT60M
2025-09-23,16,469.05,PT60M
2025-09-23,17,572.13,PT60M
2025-09-23,18,821.95,PT60M
2025-09-23,19,955.00,PT60M
2025-09-23,20,1844.14,PT60M
2025-09-23,21,1025.03,PT60M
2025-09-23,22,666.22,PT60M
2025-09-23,23,613.87,PT60M
2025-09-23,24,501.52,PT60M
2025-09-24,1,439.25,PT60M
2025-09-24,2,392.55,PT60M
2025-09-24,3,389.30,PT60M
2025-09-24,4,361.71,PT60M
2025-09-24,5,455.38,PT60M
2025-09-24,6,679.38,PT60M
2025-09-24,7,761.25,PT60M
2025-09-24,8,684.73,PT60M
2025-09-24,9,512.49,PT60M
2025-09-24,10,356.48,PT60M
2025-09-24,11,319.00,PT60M
2025-09-24,12,76.42,PT60M
2025-09-24,13,64.85,PT60M
2025-09-24,14,76.60,PT60M
2025-09-24,15,227.27,PT60M
2025-09-24,16,484.09,PT60M
2025-09-24,17,545.77,PT60M
2025-09-24,18,856.85,PT60M
2025-09-24,19,1050.25,PT60M
2025-09-24,20,1350.03,PT60M
2025-09-24,21,794.73,PT60M
2025-09-24,22,573.48,PT60M
2025-09-24,23,459.81,PT60M
2025-09-24,24,397.71,PT60M
2025-09-25,1,367.89,PT60M
2025-09-25,2,358.76,PT60M
2025-09-25,3,336.06,PT60M
2025-09-25,4,330.28,PT60M
2025-09-25,5,340.68,PT60M
2025-09-25,6,406.19,PT60M
2025-09-25,7,552.87,PT60M
2025-09-25,8,654.47,PT60M
2025-09-25,9,633.26,PT60M
2025-09-25,10,247.70,PT60M
2025-09-25,11,81.22,PT60M
2025-09-25,12,213.00,PT60M
2025-09-25,13,203.10,PT60M
2025-09-25,14,215.27,PT60M
2025-09-25,15,283.96,PT60M
2025-09-25,16,469.54,PT60M
2025-09-25,17,528.48,PT60M
2025-09-25,18,618.59,PT60M
2025-09-25,19,650.78,PT60M
2025-09-25,20,720.83,PT60M
2025-09-25,21,627.28,PT60M
2025-09-25,22,558.54,PT60M
2025-09-25,23,509.60,PT60M
2025-09-25,24,411.74,PT60M
2025-09-26,1,398.57,PT60M
2025-09-26,2,381.88,PT60M
2025-09-26,3,371.63,PT60M
2025-09-26,4,372.04,PT60M
2025-09-26,5,382.93,PT60M
2025-09-26,6,420.04,PT60M
2025-09-26,7,573.91,PT60M
2025-09-26,8,617.83,PT60M
2025-09-26,9,634.98,PT60M
2025-09-26,10,589.22,PT60M
2025-09-26,11,518.98,PT60M
2025-09-26,12,501.30,PT60M
2025-09-26,13,484.79,PT60M
2025-09-26,14,451.84,PT60M
2025-09-26,15,451.73,PT60M
2025-09-26,16,477.12,PT60M
2025-09-26,17,518.95,PT60M
2025-09-26,18,570.65,PT60M
2025-09-26,19,627.68,PT60M
2025-09-26,20,672.60,PT60M
2025-09-26,21,607.42,PT60M
2025-09-26,22,539.37,PT60M
2025-09-26,23,492.10,PT60M
2025-09-26,24,456.55,PT60M
2025-09-27,1,431.69,PT60M
2025-09-27,2,429.46,PT60M
2025-09-27,3,428.63,PT60M
2025-09-27,4,428.82,PT60M
2025-09-27,5,445.61,PT60M
2025-09-27,6,465.78,PT60M
2025-09-27,7,450.30,PT60M
2025-09-27,8,519.71,PT60M
2025-09-27,9,544.83,PT60M
2025-09-27,10,496.57,PT60M
2025-09-27,11,466.05,PT60M
2025-09-27,12,406.97,PT60M
2025-09-27,13,325.64,PT60M
2025-09-27,14,190.86,PT60M
2025-09-27,15,258.92,PT60M
2025-09-27,16,418.69,PT60M
2025-09-27,17,499.00,PT60M
2025-09-27,18,564.39,PT60M
2025-09-27,19,670.40,PT60M
2025-09-27,20,748.63,PT60M
2025-09-27,21,638.49,PT60M
2025-09-27,22,572.86,PT60M
2025-09-27,23,540.15,PT60M
2025-09-27,24,510.20,PT60M
2025-09-28,1,508.18,PT60M
2025-09-28,2,497.04,PT60M
2025-09-28,3,471.10,PT60M
2025-09-28,4,466.79,PT60M
2025-09-28,5,472.10,PT60M
2025-09-28,6,475.02,PT60M
2025-09-28,7,486.98,PT60M
2025-09-28,8,513.45,PT60M
2025-09-28,9,481.14,PT60M
2025-09-28,10,465.10,PT60M
2025-09-28,11,433.96,PT60M
2025-09-28,12,193.31,PT60M
2025-09-28,13,86.89,PT60M
2025-09-28,14,43.29,PT60M
2025-09-28,15,66.03,PT60M
2025-09-28,16,436.28,PT60M
2025-09-28,17,640.16,PT60M
2025-09-28,18,822.62,PT60M
2025-09-28,19,784.63,PT60M
2025-09-28,20,986.08,PT60M
2025-09-28,21,848.48,PT60M
2025-09-28,22,747.04,PT60M
2025-09-28,23,690.83,PT60M
2025-09-28,24,498.36,PT60M
2025-09-29,1,477.70,PT60M
2025-09-29,2,467.55,PT60M
2025-09-29,3,463.60,PT60M
2025-09-29,4,465.30,PT60M
2025-09-29,5,465.18,PT60M
2025-09-29,6,517.20,PT60M
2025-09-29,7,880.27,PT60M
2025-09-29,8,1399.53,PT60M
2025-09-29,9,855.00,PT60M
2025-09-29,10,593.01,PT60M
2025-09-29,11,467.39,PT60M
2025-09-29,12,445.06,PT60M
2025-09-29,13,413.25,PT60M
2025-09-29,14,406.34,PT60M
2025-09-29,15,443.30,PT60M
2025-09-29,16,462.11,PT60M
2025-09-29,17,545.36,PT60M
2025-09-29,18,874.78,PT60M
2025-09-29,19,1769.40,PT60M
2025-09-29,20,2162.00,PT60M
2025-09-29,21,884.87,PT60M
2025-09-29,22,688.65,PT60M
2025-09-29,23,600.00,PT60M
2025-09-29,24,542.46,PT60M
2025-09-30,1,510.49,PT60M
2025-09-30,2,485.34,PT60M
2025-09-30,3,491.61,PT60M
2025-09-30,4,499.00,PT60M
2025-09-30,5,499.00,PT60M
2025-09-30,6,565.54,PT60M
2025-09-30,7,839.66,PT60M
2025-09-30,8,1350.34,PT60M
2025-09-30,9,1062.31,PT60M
2025-09-30,10,710.48,PT60M
2025-09-30,11,602.14,PT60M
2025-09-30,12,511.51,PT60M
2025-09-30,13,469.82,PT60M
2025-09-30,14,465.96,PT60M
2025-09-30,15,479.65,PT60M
2025-09-30,16,515.68,PT60M
2025-09-30,17,745.33,PT60M
2025-09-30,18,1079.02,PT60M
2025-09-30,19,1806.43,PT60M
2025-09-30,20,1867.96,PT60M
2025-09-30,21,987.70,PT60M
2025-09-30,22,725.45,PT60M
2025-09-30,23,641.23,PT60M
2025-09-30,24,550.00,PT60M
2025-10-01,1,554.91,PT15M
2025-10-01,2,494.12,PT15M
2025-10-01,3,464.21,PT15M
2025-10-01,4,462.48,PT15M
2025-10-01,5,463.39,PT15M
2025-10-01,6,452.73,PT15M
2025-10-01,7,447.50,PT15M
2025-10-01,8,444.35,PT15M
2025-10-01,9,462.58,PT15M
2025-10-01,10,461.26,PT15M
2025-10-01,11,464.36,PT15M
2025-10-01,12,465.48,PT15M
2025-10-01,13,464.26,PT15M
2025-10-01,14,464.21,PT15M
2025-10-01,15,471.37,PT15M
2025-10-01,16,483.66,PT15M
2025-10-01,17,454.46,PT15M
2025-10-01,18,462.48,PT15M
2025-10-01,19,445.27,PT15M
2025-10-01,20,484.06,PT15M
2025-10-01,21,451.26,PT15M
2025-10-01,22,485.84,PT15M
2025-10-01,23,515.24,PT15M
2025-10-01,24,580.96,PT15M
2025-10-01,25,513.87,PT15M
2025-10-01,26,614.68,PT15M
2025-10-01,27,688.92,PT15M
2025-10-01,28,772.46,PT15M
2025-10-01,29,843.76,PT15M
2025-10-01,30,927.75,PT15M
2025-10-01,31,911.15,PT15M
2025-10-01,32,871.54,PT15M
2025-10-01,33,982.80,PT15M
2025-10-01,34,720.81,PT15M
2025-10-01,35,596.45,PT15M
2025-10-01,36,483.71,PT15M
2025-10-01,37,700.40,PT15M
2025-10-01,38,533.27,PT15M
2025-10-01,39,475.38,PT15M
2025-10-01,40,416.98,PT15M
2025-10-01,41,525.15,PT15M
2025-10-01,42,481.42,PT15M
2025-10-01,43,419.52,PT15M
2025-10-01,44,345.32,PT15M
2025-10-01,45,508.08,PT15M
2025-10-01,46,435.01,PT15M
2025-10-01,47,431.66,PT15M
2025-10-01,48,431.66,PT15M
2025-10-01,49,455.27,PT15M
2025-10-01,50,433.38,PT15M
2025-10-01,51,431.66,PT15M
2025-10-01,52,433.38,PT15M
2025-10-01,53,435.67,PT15M
2025-10-01,54,451.51,PT15M
2025-10-01,55,465.32,PT15M
2025-10-01,56,476.55,PT15M
2025-10-01,57,442.37,PT15M
2025-10-01,58,465.88,PT15M
2025-10-01,59,494.73,PT15M
2025-10-01,60,507.93,PT15M
2025-10-01,61,490.16,PT15M
2025-10-01,62,499.25,PT15M
2025-10-01,63,535.76,PT15M
2025-10-01,64,567.04,PT15M
2025-10-01,65,480.76,PT15M
2025-10-01,66,515.60,PT15M
2025-10-01,67,548.00,PT15M
2025-10-01,68,772.71,PT15M
2025-10-01,69,493.36,PT15M
2025-10-01,70,672.21,PT15M
2025-10-01,71,832.69,PT15M
2025-10-01,72,1121.90,PT15M
2025-10-01,73,761.75,PT15M
2025-10-01,74,1045.88,PT15M
2025-10-01,75,1457.57,PT15M
2025-10-01,76,1859.62,PT15M
2025-10-01,77,1936.81,PT15M
2025-10-01,78,1797.16,PT15M
2025-10-01,79,1559.65,PT15M
2025-10-01,80,1237.99,PT15M
2025-10-01,81,1083.71,PT15M
2025-10-01,82,788.10,PT15M
2025-10-01,83,706.80,PT15M
2025-10-01,84,580.04,PT15M
2025-10-01,85,690.45,PT15M
2025-10-01,86,635.85,PT15M
2025-10-01,87,542.41,PT15M
2025-10-01,88,514.33,PT15M
2025-10-01,89,558.00,PT15M
2025-10-01,90,522.20,PT15M
2025-10-01,91,485.13,PT15M
2025-10-01,92,456.49,PT15M
2025-10-01,93,482.74,PT15M
2025-10-01,94,471.67,PT15M
2025-10-01,95,463.90,PT15M
2025-10-01,96,440.03,PT15M
2025-10-02,1,506.99,PT15M
2025-10-02,2,469.24,PT15M
2025-10-02,3,446.43,PT15M
2025-10-02,4,455.88,PT15M
2025-10-02,5,487.79,PT15M
2025-10-02,6,470.76,PT15M
2025-10-02,7,437.53,PT15M
2025-10-02,8,423.31,PT15M
2025-10-02,9,441.80,PT15M
2025-10-02,10,441.80,PT15M
2025-10-02,11,452.88,PT15M
2025-10-02,12,473.05,PT15M
2025-10-02,13,474.63,PT15M
2025-10-02,14,473.10,PT15M
2025-10-02,15,473.10,PT15M
2025-10-02,16,471.07,PT15M
2025-10-02,17,468.93,PT15M
2025-10-02,18,482.76,PT15M
2025-10-02,19,485.50,PT15M
2025-10-02,20,486.01,PT15M
2025-10-02,21,448.81,PT15M
2025-10-02,22,466.95,PT15M
2025-10-02,23,500.18,PT15M
2025-10-02,24,579.91,PT15M
2025-10-02,25,497.64,PT15M
2025-10-02,26,606.68,PT15M
2025-10-02,27,695.70,PT15M
2025-10-02,28,865.31,PT15M
2025-10-02,29,921.46,PT15M
2025-10-02,30,1001.59,PT15M
2025-10-02,31,972.37,PT15M
2025-10-02,32,873.85,PT15M
2025-10-02,33,967.90,PT15M
2025-10-02,34,831.98,PT15M
2025-10-02,35,714.00,PT15M
2025-10-02,36,644.99,PT15M
2025-10-02,37,781.02,PT15M
2025-10-02,38,766.74,PT15M
2025-10-02,39,619.39,PT15M
2025-10-02,40,615.02,PT15M
2025-10-02,41,766.74,PT15M
2025-10-02,42,695.70,PT15M
2025-10-02,43,646.82,PT15M
2025-10-02,44,615.02,PT15M
2025-10-02,45,586.56,PT15M
2025-10-02,46,558.01,PT15M
2025-10-02,47,529.45,PT15M
2025-10-02,48,528.23,PT15M
2025-10-02,49,528.18,PT15M
2025-10-02,50,508.21,PT15M
2025-10-02,51,501.30,PT15M
2025-10-02,52,491.80,PT15M
2025-10-02,53,487.79,PT15M
2025-10-02,54,487.79,PT15M
2025-10-02,55,487.79,PT15M
2025-10-02,56,487.79,PT15M
2025-10-02,57,467.56,PT15M
2025-10-02,58,479.81,PT15M
2025-10-02,59,481.54,PT15M
2025-10-02,60,485.55,PT15M
2025-10-02,61,488.24,PT15M
2025-10-02,62,495.20,PT15M
2025-10-02,63,528.18,PT15M
2025-10-02,64,570.76,PT15M
2025-10-02,65,528.18,PT15M
2025-10-02,66,756.78,PT15M
2025-10-02,67,792.14,PT15M
2025-10-02,68,868.36,PT15M
2025-10-02,69,560.39,PT15M
2025-10-02,70,654.90,PT15M
2025-10-02,71,778.88,PT15M
2025-10-02,72,869.78,PT15M
2025-10-02,73,642.91,PT15M
2025-10-02,74,778.93,PT15M
2025-10-02,75,967.09,PT15M
2025-10-02,76,1195.28,PT15M
2025-10-02,77,1151.22,PT15M
2025-10-02,78,1070.99,PT15M
2025-10-02,79,851.49,PT15M
2025-10-02,80,701.60,PT15M
2025-10-02,81,820.45,PT15M
2025-10-02,82,710.39,PT15M
2025-10-02,83,630.46,PT15M
2025-10-02,84,558.82,PT15M
2025-10-02,85,646.62,PT15M
2025-10-02,86,604.70,PT15M
2025-10-02,87,512.28,PT15M
2025-10-02,88,477.83,PT15M
2025-10-02,89,592.25,PT15M
2025-10-02,90,551.66,PT15M
2025-10-02,91,508.26,PT15M
2025-10-02,92,466.50,PT15M
2025-10-02,93,541.59,PT15M
2025-10-02,94,486.41,PT15M
2025-10-02,95,416.75,PT15M
2025-10-02,96,412.43,PT15M
2025-10-02,1,488.11,PT30M
2025-10-02,2,451.16,PT30M
2025-10-02,3,479.26,PT30M
2025-10-02,4,430.41,PT30M
2025-10-02,5,441.80,PT30M
2025-10-02,6,462.98,PT30M
2025-10-02,7,473.86,PT30M
2025-10-02,8,472.07,PT30M
2025-10-02,9,475.85,PT30M
2025-10-02,10,485.76,PT30M
2025-10-02,11,457.90,PT30M
2025-10-02,12,540.04,PT30M
2025-10-02,13,552.16,PT30M
2025-10-02,14,780.49,PT30M
2025-10-02,15,961.51,PT30M
2025-10-02,16,923.10,PT30M
2025-10-02,17,899.94,PT30M
2025-10-02,18,679.50,PT30M
2025-10-02,19,773.87,PT30M
2025-10-02,20,617.19,PT30M
2025-10-02,21,731.23,PT30M
2025-10-02,22,630.91,PT30M
2025-10-02,23,572.28,PT30M
2025-10-02,24,528.83,PT30M
2025-10-02,25,518.20,PT30M
2025-10-02,26,496.55,PT30M
2025-10-02,27,487.79,PT30M
2025-10-02,28,487.79,PT30M
2025-10-02,29,473.68,PT30M
2025-10-02,30,483.56,PT30M
2025-10-02,31,491.73,PT30M
2025-10-02,32,549.48,PT30M
2025-10-02,33,642.49,PT30M
2025-10-02,34,830.25,PT30M
2025-10-02,35,607.64,PT30M
2025-10-02,36,824.34,PT30M
2025-10-02,37,710.91,PT30M
2025-10-02,38,1081.20,PT30M
2025-10-02,39,1111.12,PT30M
2025-10-02,40,776.54,PT30M
2025-10-02,41,765.41,PT30M
2025-10-02,42,594.63,PT30M
2025-10-02,43,625.65,PT30M
2025-10-02,44,495.05,PT30M
2025-10-02,45,571.96,PT30M
2025-10-02,46,487.40,PT30M
2025-10-02,47,514.00,PT30M
2025-10-02,48,414.59,PT30M
2025-10-02,1,469.63,PT60M
2025-10-02,2,454.84,PT60M
2025-10-02,3,452.39,PT60M
2025-10-02,4,472.97,PT60M
2025-10-02,5,480.81,PT60M
2025-10-02,6,498.97,PT60M
2025-10-02,7,666.33,PT60M
2025-10-02,8,942.30,PT60M
2025-10-02,9,789.72,PT60M
2025-10-02,10,695.53,PT60M
2025-10-02,11,681.07,PT60M
2025-10-02,12,550.56,PT60M
2025-10-02,13,507.38,PT60M
2025-10-02,14,487.79,PT60M
2025-10-02,15,478.62,PT60M
2025-10-02,16,520.60,PT60M
2025-10-02,17,736.37,PT60M
2025-10-02,18,715.99,PT60M
2025-10-02,19,896.06,PT60M
2025-10-02,20,943.83,PT60M
2025-10-02,21,680.02,PT60M
2025-10-02,22,560.35,PT60M
2025-10-02,23,529.68,PT60M
2025-10-02,24,464.29,PT60M
2025-10-03,1,478.57,PT15M
2025-10-03,2,434.51,PT15M
2025-10-03,3,409.05,PT15M
2025-10-03,4,362.40,PT15M
2025-10-03,5,427.45,PT15M
2025-10-03,6,398.84,PT15M
2025-10-03,7,363.11,PT15M
2025-10-03,8,312.95,PT15M
2025-10-03,9,400.66,PT15M
2025-10-03,10,381.15,PT15M
2025-10-03,11,374.19,PT15M
2025-10-03,12,370.73,PT15M
2025-10-03,13,325.55,PT15M
2025-10-03,14,410.47,PT15M
2025-10-03,15,424.04,PT15M
2025-10-03,16,401.48,PT15M
2025-10-03,17,379.32,PT15M
2025-10-03,18,382.52,PT15M
2025-10-03,19,423.74,PT15M
2025-10-03,20,438.47,PT15M
2025-10-03,21,419.47,PT15M
2025-10-03,22,437.71,PT15M
2025-10-03,23,485.59,PT15M
2025-10-03,24,581.33,PT15M
2025-10-03,25,505.40,PT15M
2025-10-03,26,588.55,PT15M
2025-10-03,27,716.16,PT15M
2025-10-03,28,803.77,PT15M
2025-10-03,29,761.54,PT15M
2025-10-03,30,787.15,PT15M
2025-10-03,31,743.65,PT15M
2025-10-03,32,675.65,PT15M
2025-10-03,33,738.31,PT15M
2025-10-03,34,660.76,PT15M
2025-10-03,35,604.91,PT15M
2025-10-03,36,511.60,PT15M
2025-10-03,37,607.86,PT15M
2025-10-03,38,549.16,PT15M
2025-10-03,39,481.88,PT15M
2025-10-03,40,405.09,PT15M
2025-10-03,41,530.66,PT15M
2025-10-03,42,568.27,PT15M
2025-10-03,43,528.27,PT15M
2025-10-03,44,405.59,PT15M
2025-10-03,45,327.74,PT15M
2025-10-03,46,283.07,PT15M
2025-10-03,47,328.09,PT15M
2025-10-03,48,315.34,PT15M
2025-10-03,49,449.55,PT15M
2025-10-03,50,449.66,PT15M
2025-10-03,51,407.53,PT15M
2025-10-03,52,362.85,PT15M
2025-10-03,53,130.05,PT15M
2025-10-03,54,109.77,PT15M
2025-10-03,55,248.71,PT15M
2025-10-03,56,367.43,PT15M
2025-10-03,57,90.61,PT15M
2025-10-03,58,138.99,PT15M
2025-10-03,59,363.77,PT15M
2025-10-03,60,391.21,PT15M
2025-10-03,61,167.50,PT15M
2025-10-03,62,365.24,PT15M
2025-10-03,63,461.14,PT15M
2025-10-03,64,520.14,PT15M
2025-10-03,65,428.46,PT15M
2025-10-03,66,461.04,PT15M
2025-10-03,67,528.27,PT15M
2025-10-03,68,641.40,PT15M
2025-10-03,69,494.94,PT15M
2025-10-03,70,555.06,PT15M
2025-10-03,71,724.74,PT15M
2025-10-03,72,819.98,PT15M
2025-10-03,73,626.61,PT15M
2025-10-03,74,688.00,PT15M
2025-10-03,75,779.02,PT15M
2025-10-03,76,779.07,PT15M
2025-10-03,77,779.02,PT15M
2025-10-03,78,779.02,PT15M
2025-10-03,79,732.57,PT15M
2025-10-03,80,700.40,PT15M
2025-10-03,81,776.43,PT15M
2025-10-03,82,686.58,PT15M
2025-10-03,83,651.77,PT15M
2025-10-03,84,623.87,PT15M
2025-10-03,85,667.06,PT15M
2025-10-03,86,636.88,PT15M
2025-10-03,87,605.77,PT15M
2025-10-03,88,528.32,PT15M
2025-10-03,89,720.12,PT15M
2025-10-03,90,678.45,PT15M
2025-10-03,91,581.99,PT15M
2025-10-03,92,530.36,PT15M
2025-10-03,93,590.02,PT15M
2025-10-03,94,528.32,PT15M
2025-10-03,95,503.32,PT15M
2025-10-03,96,487.21,PT15M
2025-10-03,1,456.55,PT30M
2025-10-03,2,385.73,PT30M
2025-10-03,3,413.12,PT30M
2025-10-03,4,338.03,PT30M
2025-10-03,5,390.92,PT30M
2025-10-03,6,372.46,PT30M
2025-10-03,7,368.03,PT30M
2025-10-03,8,412.77,PT30M
2025-10-03,9,380.90,PT30M
2025-10-03,10,431.11,PT30M
2025-10-03,11,428.59,PT30M
2025-10-03,12,533.47,PT30M
2025-10-03,13,546.96,PT30M
2025-10-03,14,759.95,PT30M
2025-10-03,15,774.36,PT30M
2025-10-03,16,709.63,PT30M
2025-10-03,17,699.55,PT30M
2025-10-03,18,558.26,PT30M
2025-10-03,19,578.51,PT30M
2025-10-03,20,443.46,PT30M
2025-10-03,21,549.47,PT30M
2025-10-03,22,466.95,PT30M
2025-10-03,23,305.40,PT30M
2025-10-03,24,321.72,PT30M
2025-10-03,25,449.60,PT30M
2025-10-03,26,385.17,PT30M
2025-10-03,27,119.92,PT30M
2025-10-03,28,308.08,PT30M
2025-10-03,29,114.79,PT30M
2025-10-03,30,377.49,PT30M
2025-10-03,31,266.37,PT30M
2025-10-03,32,490.64,PT30M
2025-10-03,33,444.75,PT30M
2025-10-03,34,584.85,PT30M
2025-10-03,35,524.99,PT30M
2025-10-03,36,772.35,PT30M
2025-10-03,37,657.32,PT30M
2025-10-03,38,779.05,PT30M
2025-10-03,39,779.04,PT30M
2025-10-03,40,716.48,PT30M
2025-10-03,41,731.50,PT30M
2025-10-03,42,637.81,PT30M
2025-10-03,43,651.98,PT30M
2025-10-03,44,567.04,PT30M
2025-10-03,45,699.29,PT30M
2025-10-03,46,556.20,PT30M
2025-10-03,47,559.17,PT30M
2025-10-03,48,495.26,PT30M
2025-10-03,1,421.14,PT60M
2025-10-03,2,375.58,PT60M
2025-10-03,3,381.69,PT60M
2025-10-03,4,390.40,PT60M
2025-10-03,5,406.00,PT60M
2025-10-03,6,481.03,PT60M
2025-10-03,7,653.46,PT60M
2025-10-03,8,741.99,PT60M
2025-10-03,9,628.91,PT60M
2025-10-03,10,510.98,PT60M
2025-10-03,11,508.21,PT60M
2025-10-03,12,313.56,PT60M
2025-10-03,13,417.39,PT60M
2025-10-03,14,214.00,PT60M
2025-10-03,15,246.14,PT60M
2025-10-03,16,378.50,PT60M
2025-10-03,17,514.80,PT60M
2025-10-03,18,648.67,PT60M
2025-10-03,19,718.18,PT60M
2025-10-03,20,747.76,PT60M
2025-10-03,21,684.66,PT60M
2025-10-03,22,609.51,PT60M
2025-10-03,23,627.74,PT60M
2025-10-03,24,527.21,PT60M
2025-10-04,1,586.05,PT15M
2025-10-04,2,542.89,PT15M
2025-10-04,3,491.44,PT15M
2025-10-04,4,456.47,PT15M
2025-10-04,5,501.96,PT15M
2025-10-04,6,474.87,PT15M
2025-10-04,7,438.01,PT15M
2025-10-04,8,421.79,PT15M
2025-10-04,9,447.87,PT15M
2025-10-04,10,437.86,PT15M
2025-10-04,11,429.22,PT15M
2025-10-04,12,427.08,PT15M
2025-10-04,13,420.32,PT15M
2025-10-04,14,419.25,PT15M
2025-10-04,15,415.29,PT15M
2025-10-04,16,417.32,PT15M
2025-10-04,17,429.83,PT15M
2025-10-04,18,438.67,PT15M
2025-10-04,19,447.16,PT15M
2025-10-04,20,466.73,PT15M
2025-10-04,21,439.59,PT15M
2025-10-04,22,472.58,PT15M
2025-10-04,23,522.91,PT15M
2025-10-04,24,592.76,PT15M
2025-10-04,25,488.14,PT15M
2025-10-04,26,560.94,PT15M
2025-10-04,27,580.05,PT15M
2025-10-04,28,628.90,PT15M
2025-10-04,29,833.42,PT15M
2025-10-04,30,782.58,PT15M
2025-10-04,31,763.42,PT15M
2025-10-04,32,568.56,PT15M
2025-10-04,33,779.28,PT15M
2025-10-04,34,583.56,PT15M
2025-10-04,35,537.60,PT15M
2025-10-04,36,445.69,PT15M
2025-10-04,37,525.71,PT15M
2025-10-04,38,428.40,PT15M
2025-10-04,39,373.86,PT15M
2025-10-04,40,207.52,PT15M
2025-10-04,41,409.90,PT15M
2025-10-04,42,286.82,PT15M
2025-10-04,43,53.23,PT15M
2025-10-04,44,10.01,PT15M
2025-10-04,45,12.05,PT15M
2025-10-04,46,5.54,PT15M
2025-10-04,47,1.78,PT15M
2025-10-04,48,0.76,PT15M
2025-10-04,49,3.97,PT15M
2025-10-04,50,1.02,PT15M
2025-10-04,51,0.41,PT15M
2025-10-04,52,0.46,PT15M
2025-10-04,53,9.46,PT15M
2025-10-04,54,9.20,PT15M
2025-10-04,55,9.76,PT15M
2025-10-04,56,16.83,PT15M
2025-10-04,57,25.98,PT15M
2025-10-04,58,52.01,PT15M
2025-10-04,59,122.67,PT15M
2025-10-04,60,317.22,PT15M
2025-10-04,61,77.78,PT15M
2025-10-04,62,254.19,PT15M
2025-10-04,63,415.95,PT15M
2025-10-04,64,528.50,PT15M
2025-10-04,65,191.50,PT15M
2025-10-04,66,425.76,PT15M
2025-10-04,67,528.50,PT15M
2025-10-04,68,779.28,PT15M
2025-10-04,69,461.24,PT15M
2025-10-04,70,758.74,PT15M
2025-10-04,71,901.85,PT15M
2025-10-04,72,1055.02,PT15M
2025-10-04,73,979.22,PT15M
2025-10-04,74,1095.49,PT15M
2025-10-04,75,1208.75,PT15M
2025-10-04,76,1297.31,PT15M
2025-10-04,77,1110.99,PT15M
2025-10-04,78,1076.88,PT15M
2025-10-04,79,1052.07,PT15M
2025-10-04,80,1001.23,PT15M
2025-10-04,81,1061.58,PT15M
2025-10-04,82,998.03,PT15M
2025-10-04,83,915.93,PT15M
2025-10-04,84,786.96,PT15M
2025-10-04,85,884.26,PT15M
2025-10-04,86,779.94,PT15M
2025-10-04,87,737.75,PT15M
2025-10-04,88,594.03,PT15M
2025-10-04,89,756.00,PT15M
2025-10-04,90,622.65,PT15M
2025-10-04,91,528.50,PT15M
2025-10-04,92,499.98,PT15M
2025-10-04,93,659.61,PT15M
2025-10-04,94,578.02,PT15M
2025-10-04,95,492.97,PT15M
2025-10-04,96,443.25,PT15M
2025-10-04,1,564.46,PT30M
2025-10-04,2,473.95,PT30M
2025-10-04,3,488.41,PT30M
2025-10-04,4,429.90,PT30M
2025-10-04,5,442.87,PT30M
2025-10-04,6,428.14,PT30M
2025-10-04,7,419.78,PT30M
2025-10-04,8,416.30,PT30M
2025-10-04,9,434.25,PT30M
2025-10-04,10,456.94,PT30M
2025-10-04,11,456.08,PT30M
2025-10-04,12,557.84,PT30M
2025-10-04,13,524.54,PT30M
2025-10-04,14,604.48,PT30M
2025-10-04,15,808.00,PT30M
2025-10-04,16,665.98,PT30M
2025-10-04,17,681.43,PT30M
2025-10-04,18,491.64,PT30M
2025-10-04,19,477.06,PT30M
2025-10-04,20,290.67,PT30M
2025-10-04,21,348.34,PT30M
2025-10-04,22,31.60,PT30M
2025-10-04,23,8.80,PT30M
2025-10-04,24,1.26,PT30M
2025-10-04,25,2.50,PT30M
2025-10-04,26,0.43,PT30M
2025-10-04,27,9.32,PT30M
2025-10-04,28,13.29,PT30M
2025-10-04,29,38.98,PT30M
2025-10-04,30,219.96,PT30M
2025-10-04,31,165.99,PT30M
2025-10-04,32,472.20,PT30M
2025-10-04,33,308.64,PT30M
2025-10-04,34,653.90,PT30M
2025-10-04,35,609.98,PT30M
2025-10-04,36,978.44,PT30M
2025-10-04,37,1037.35,PT30M
2025-10-04,38,1253.03,PT30M
2025-10-04,39,1093.94,PT30M
2025-10-04,40,1026.65,PT30M
2025-10-04,41,1029.81,PT30M
2025-10-04,42,851.45,PT30M
2025-10-04,43,832.10,PT30M
2025-10-04,44,665.90,PT30M
2025-10-04,45,689.32,PT30M
2025-10-04,46,514.24,PT30M
2025-10-04,47,618.82,PT30M
2025-10-04,48,468.11,PT30M
2025-10-04,1,519.21,PT60M
2025-10-04,2,459.15,PT60M
2025-10-04,3,435.51,PT60M
2025-10-04,4,418.04,PT60M
2025-10-04,5,445.60,PT60M
2025-10-04,6,506.96,PT60M
2025-10-04,7,564.51,PT60M
2025-10-04,8,736.99,PT60M
2025-10-04,9,586.53,PT60M
2025-10-04,10,383.86,PT60M
2025-10-04,11,189.97,PT60M
2025-10-04,12,5.03,PT60M
2025-10-04,13,1.47,PT60M
2025-10-04,14,11.31,PT60M
2025-10-04,15,129.47,PT60M
2025-10-04,16,319.10,PT60M
2025-10-04,17,481.27,PT60M
2025-10-04,18,794.21,PT60M
2025-10-04,19,1145.19,PT60M
2025-10-04,20,1060.29,PT60M
2025-10-04,21,940.63,PT60M
2025-10-04,22,749.00,PT60M
2025-10-04,23,601.78,PT60M
2025-10-04,24,543.46,PT60M
2025-10-05,1,407.11,PT15M
2025-10-05,2,399.58,PT15M
2025-10-05,3,270.32,PT15M
2025-10-05,4,62.90,PT15M
2025-10-05,5,135.67,PT15M
2025-10-05,6,320.40,PT15M
2025-10-05,7,136.54,PT15M
2025-10-05,8,88.50,PT15M
2025-10-05,9,364.21,PT15M
2025-10-05,10,381.57,PT15M
2025-10-05,11,325.69,PT15M
2025-10-05,12,322.48,PT15M
2025-10-05,13,283.71,PT15M
2025-10-05,14,320.80,PT15M
2025-10-05,15,320.75,PT15M
2025-10-05,16,367.77,PT15M
2025-10-05,17,385.54,PT15M
2025-10-05,18,395.92,PT15M
2025-10-05,19,401.57,PT15M
2025-10-05,20,427.26,PT15M
2025-10-05,21,403.50,PT15M
2025-10-05,22,423.14,PT15M
2025-10-05,23,424.67,PT15M
2025-10-05,24,440.85,PT15M
2025-10-05,25,406.50,PT15M
2025-10-05,26,428.94,PT15M
2025-10-05,27,428.94,PT15M
2025-10-05,28,415.61,PT15M
2025-10-05,29,448.33,PT15M
2025-10-05,30,435.20,PT15M
2025-10-05,31,389.86,PT15M
2025-10-05,32,235.87,PT15M
2025-10-05,33,385.08,PT15M
2025-10-05,34,59.13,PT15M
2025-10-05,35,42.90,PT15M
2025-10-05,36,26.00,PT15M
2025-10-05,37,78.06,PT15M
2025-10-05,38,52.01,PT15M
2025-10-05,39,42.90,PT15M
2025-10-05,40,26.06,PT15M
2025-10-05,41,42.90,PT15M
2025-10-05,42,26.06,PT15M
2025-10-05,43,26.00,PT15M
2025-10-05,44,25.95,PT15M
2025-10-05,45,25.95,PT15M
2025-10-05,46,10.03,PT15M
2025-10-05,47,0.05,PT15M
2025-10-05,48,0.05,PT15M
2025-10-05,49,0.10,PT15M
2025-10-05,50,2.44,PT15M
2025-10-05,51,13.03,PT15M
2025-10-05,52,25.95,PT15M
2025-10-05,53,26.06,PT15M
2025-10-05,54,26.00,PT15M
2025-10-05,55,14.81,PT15M
2025-10-05,56,9.47,PT15M
2025-10-05,57,0.05,PT15M
2025-10-05,58,0.05,PT15M
2025-10-05,59,2.54,PT15M
2025-10-05,60,4.99,PT15M
2025-10-05,61,0.05,PT15M
2025-10-05,62,15.62,PT15M
2025-10-05,63,52.06,PT15M
2025-10-05,64,175.26,PT15M
2025-10-05,65,26.06,PT15M
2025-10-05,66,274.29,PT15M
2025-10-05,67,704.05,PT15M
2025-10-05,68,816.56,PT15M
2025-10-05,69,464.26,PT15M
2025-10-05,70,528.99,PT15M
2025-10-05,71,780.08,PT15M
2025-10-05,72,849.39,PT15M
2025-10-05,73,755.29,PT15M
2025-10-05,74,780.08,PT15M
2025-10-05,75,780.13,PT15M
2025-10-05,76,790.97,PT15M
2025-10-05,77,780.08,PT15M
2025-10-05,78,780.13,PT15M
2025-10-05,79,780.13,PT15M
2025-10-05,80,739.62,PT15M
2025-10-05,81,750.82,PT15M
2025-10-05,82,770.71,PT15M
2025-10-05,83,780.08,PT15M
2025-10-05,84,562.58,PT15M
2025-10-05,85,744.71,PT15M
2025-10-05,86,675.14,PT15M
2025-10-05,87,567.41,PT15M
2025-10-05,88,512.81,PT15M
2025-10-05,89,748.58,PT15M
2025-10-05,90,540.34,PT15M
2025-10-05,91,527.97,PT15M
2025-10-05,92,495.76,PT15M
2025-10-05,93,494.34,PT15M
2025-10-05,94,440.34,PT15M
2025-10-05,95,412.40,PT15M
2025-10-05,96,397.44,PT15M
2025-10-05,1,403.33,PT30M
2025-10-05,2,166.62,PT30M
2025-10-05,3,228.03,PT30M
2025-10-05,4,112.51,PT30M
2025-10-05,5,372.89,PT30M
2025-10-05,6,324.10,PT30M
2025-10-05,7,302.26,PT30M
2025-10-05,8,344.27,PT30M
2025-10-05,9,390.73,PT30M
2025-10-05,10,414.43,PT30M
2025-10-05,11,413.30,PT30M
2025-10-05,12,432.77,PT30M
2025-10-05,13,417.70,PT30M
2025-10-05,14,422.30,PT30M
2025-10-05,15,441.75,PT30M
2025-10-05,16,312.87,PT30M
2025-10-05,17,222.12,PT30M
2025-10-05,18,34.47,PT30M
2025-10-05,19,65.04,PT30M
2025-10-05,20,34.48,PT30M
2025-10-05,21,34.48,PT30M
2025-10-05,22,25.97,PT30M
2025-10-05,23,17.98,PT30M
2025-10-05,24,0.05,PT30M
2025-10-05,25,1.27,PT30M
2025-10-05,26,19.50,PT30M
2025-10-05,27,26.02,PT30M
2025-10-05,28,12.14,PT30M
2025-10-05,29,0.04,PT30M
2025-10-05,30,3.77,PT30M
2025-10-05,31,7.84,PT30M
2025-10-05,32,113.65,PT30M
2025-10-05,33,150.16,PT30M
2025-10-05,34,760.31,PT30M
2025-10-05,35,496.63,PT30M
2025-10-05,36,814.73,PT30M
2025-10-05,37,767.70,PT30M
2025-10-05,38,785.54,PT30M
2025-10-05,39,780.11,PT30M
2025-10-05,40,759.87,PT30M
2025-10-05,41,760.77,PT30M
2025-10-05,42,671.34,PT30M
2025-10-05,43,709.91,PT30M
2025-10-05,44,540.09,PT30M
2025-10-05,45,644.44,PT30M
2025-10-05,46,511.87,PT30M
2025-10-05,47,467.36,PT30M
2025-10-05,48,404.94,PT30M
2025-10-05,1,284.98,PT60M
2025-10-05,2,170.27,PT60M
2025-10-05,3,348.49,PT60M
2025-10-05,4,323.26,PT60M
2025-10-05,5,402.58,PT60M
2025-10-05,6,423.03,PT60M
2025-10-05,7,420.00,PT60M
2025-10-05,8,377.31,PT60M
2025-10-05,9,128.29,PT60M
2025-10-05,10,49.76,PT60M
2025-10-05,11,30.23,PT60M
2025-10-05,12,9.01,PT60M
2025-10-05,13,10.38,PT60M
2025-10-05,14,19.08,PT60M
2025-10-05,15,1.91,PT60M
2025-10-05,16,60.74,PT60M
2025-10-05,17,455.24,PT60M
2025-10-05,18,655.68,PT60M
2025-10-05,19,776.62,PT60M
2025-10-05,20,769.99,PT60M
2025-10-05,21,716.05,PT60M
2025-10-05,22,625.00,PT60M
2025-10-05,23,578.15,PT60M
2025-10-05,24,436.15,PT60M
2025-10-06,1,528.99,PT15M
2025-10-06,2,485.53,PT15M
2025-10-06,3,449.04,PT15M
2025-10-06,4,418.51,PT15M
2025-10-06,5,412.56,PT15M
2025-10-06,6,402.07,PT15M
2025-10-06,7,393.07,PT15M
2025-10-06,8,368.44,PT15M
2025-10-06,9,355.61,PT15M
2025-10-06,10,312.31,PT15M
2025-10-06,11,290.63,PT15M
2025-10-06,12,269.25,PT15M
2025-10-06,13,318.82,PT15M
2025-10-06,14,324.26,PT15M
2025-10-06,15,361.67,PT15M
2025-10-06,16,381.92,PT15M
2025-10-06,17,378.67,PT15M
2025-10-06,18,400.55,PT15M
2025-10-06,19,430.98,PT15M
2025-10-06,20,483.90,PT15M
2025-10-06,21,441.67,PT15M
2025-10-06,22,517.08,PT15M
2025-10-06,23,637.49,PT15M
2025-10-06,24,786.13,PT15M
2025-10-06,25,709.39,PT15M
2025-10-06,26,856.31,PT15M
2025-10-06,27,948.67,PT15M
2025-10-06,28,1031.42,PT15M
2025-10-06,29,1452.07,PT15M
2025-10-06,30,1458.07,PT15M
2025-10-06,31,1291.05,PT15M
2025-10-06,32,1169.43,PT15M
2025-10-06,33,1446.62,PT15M
2025-10-06,34,1092.03,PT15M
2025-10-06,35,991.37,PT15M
2025-10-06,36,850.36,PT15M
2025-10-06,37,850.86,PT15M
2025-10-06,38,737.89,PT15M
2025-10-06,39,631.28,PT15M
2025-10-06,40,567.67,PT15M
2025-10-06,41,584.51,PT15M
2025-10-06,42,552.04,PT15M
2025-10-06,43,528.99,PT15M
2025-10-06,44,517.44,PT15M
2025-10-06,45,528.99,PT15M
2025-10-06,46,528.99,PT15M
2025-10-06,47,508.99,PT15M
2025-10-06,48,528.99,PT15M
2025-10-06,49,458.00,PT15M
2025-10-06,50,508.99,PT15M
2025-10-06,51,520.03,PT15M
2025-10-06,52,528.99,PT15M
2025-10-06,53,666.80,PT15M
2025-10-06,54,529.04,PT15M
2025-10-06,55,585.33,PT15M
2025-10-06,56,613.82,PT15M
2025-10-06,57,528.99,PT15M
2025-10-06,58,529.04,PT15M
2025-10-06,59,548.69,PT15M
2025-10-06,60,694.23,PT15M
2025-10-06,61,529.04,PT15M
2025-10-06,62,671.02,PT15M
2025-10-06,63,780.08,PT15M
2025-10-06,64,795.40,PT15M
2025-10-06,65,780.08,PT15M
2025-10-06,66,780.13,PT15M
2025-10-06,67,1173.55,PT15M
2025-10-06,68,1500.00,PT15M
2025-10-06,69,780.08,PT15M
2025-10-06,70,780.13,PT15M
2025-10-06,71,1112.84,PT15M
2025-10-06,72,1289.99,PT15M
2025-10-06,73,780.13,PT15M
2025-10-06,74,1017.78,PT15M
2025-10-06,75,1431.61,PT15M
2025-10-06,76,1655.88,PT15M
2025-10-06,77,1446.98,PT15M
2025-10-06,78,1362.55,PT15M
2025-10-06,79,1242.76,PT15M
2025-10-06,80,814.17,PT15M
2025-10-06,81,1127.09,PT15M
2025-10-06,82,977.27,PT15M
2025-10-06,83,780.08,PT15M
2025-10-06,84,671.63,PT15M
2025-10-06,85,676.77,PT15M
2025-10-06,86,647.77,PT15M
2025-10-06,87,602.73,PT15M
2025-10-06,88,586.39,PT15M
2025-10-06,89,711.48,PT15M
2025-10-06,90,590.57,PT15M
2025-10-06,91,586.24,PT15M
2025-10-06,92,557.85,PT15M
2025-10-06,93,571.64,PT15M
2025-10-06,94,544.16,PT15M
2025-10-06,95,529.86,PT15M
2025-10-06,96,521.00,PT15M
2025-10-06,1,507.26,PT30M
2025-10-06,2,433.77,PT30M
2025-10-06,3,407.32,PT30M
2025-10-06,4,380.77,PT30M
2025-10-06,5,333.96,PT30M
2025-10-06,6,279.93,PT30M
2025-10-06,7,321.54,PT30M
2025-10-06,8,371.78,PT30M
2025-10-06,9,389.59,PT30M
2025-10-06,10,457.44,PT30M
2025-10-06,11,479.37,PT30M
2025-10-06,12,711.81,PT30M
2025-10-06,13,782.85,PT30M
2025-10-06,14,990.05,PT30M
2025-10-06,15,1455.06,PT30M
2025-10-06,16,1230.23,PT30M
2025-10-06,17,1269.32,PT30M
2025-10-06,18,920.86,PT30M
2025-10-06,19,794.38,PT30M
2025-10-06,20,599.48,PT30M
2025-10-06,21,568.29,PT30M
2025-10-06,22,523.22,PT30M
2025-10-06,23,528.99,PT30M
2025-10-06,24,518.99,PT30M
2025-10-06,25,483.49,PT30M
2025-10-06,26,524.51,PT30M
2025-10-06,27,597.91,PT30M
2025-10-06,28,599.60,PT30M
2025-10-06,29,529.01,PT30M
2025-10-06,30,621.45,PT30M
2025-10-06,31,600.03,PT30M
2025-10-06,32,787.74,PT30M
2025-10-06,33,780.11,PT30M
2025-10-06,34,1336.78,PT30M
2025-10-06,35,780.10,PT30M
2025-10-06,36,1201.41,PT30M
2025-10-06,37,898.94,PT30M
2025-10-06,38,1543.74,PT30M
2025-10-06,39,1404.77,PT30M
2025-10-06,40,1028.46,PT30M
2025-10-06,41,1052.18,PT30M
2025-10-06,42,725.86,PT30M
2025-10-06,43,662.27,PT30M
2025-10-06,44,594.56,PT30M
2025-10-06,45,651.02,PT30M
2025-10-06,46,572.04,PT30M
2025-10-06,47,557.90,PT30M
2025-10-06,48,525.43,PT30M
2025-10-06,1,470.52,PT60M
2025-10-06,2,394.05,PT60M
2025-10-06,3,306.95,PT60M
2025-10-06,4,346.66,PT60M
2025-10-06,5,423.51,PT60M
2025-10-06,6,595.59,PT60M
2025-10-06,7,886.45,PT60M
2025-10-06,8,1342.65,PT60M
2025-10-06,9,1095.09,PT60M
2025-10-06,10,696.93,PT60M
2025-10-06,11,545.75,PT60M
2025-10-06,12,523.99,PT60M
2025-10-06,13,504.00,PT60M
2025-10-06,14,598.75,PT60M
2025-10-06,15,575.23,PT60M
2025-10-06,16,693.89,PT60M
2025-10-06,17,1058.44,PT60M
2025-10-06,18,990.75,PT60M
2025-10-06,19,1221.34,PT60M
2025-10-06,20,1216.61,PT60M
2025-10-06,21,889.02,PT60M
2025-10-06,22,628.42,PT60M
2025-10-06,23,611.53,PT60M
2025-10-06,24,541.67,PT60M
2025-10-07,1,536.93,PT15M
2025-10-07,2,522.12,PT15M
2025-10-07,3,510.87,PT15M
2025-10-07,4,490.72,PT15M
2025-10-07,5,508.89,PT15M
2025-10-07,6,484.97,PT15M
2025-10-07,7,471.64,PT15M
2025-10-07,8,456.22,PT15M
2025-10-07,9,467.06,PT15M
2025-10-07,10,464.16,PT15M
2025-10-07,11,459.17,PT15M
2025-10-07,12,463.96,PT15M
2025-10-07,13,452.61,PT15M
2025-10-07,14,456.27,PT15M
2025-10-07,15,460.65,PT15M
2025-10-07,16,476.58,PT15M
2025-10-07,17,449.35,PT15M
2025-10-07,18,460.65,PT15M
2025-10-07,19,491.84,PT15M
2025-10-07,20,528.53,PT15M
2025-10-07,21,449.86,PT15M
2025-10-07,22,480.75,PT15M
2025-10-07,23,510.01,PT15M
2025-10-07,24,553.01,PT15M
2025-10-07,25,542.12,PT15M
2025-10-07,26,627.11,PT15M
2025-10-07,27,692.90,PT15M
2025-10-07,28,811.37,PT15M
2025-10-07,29,753.87,PT15M
2025-10-07,30,1059.15,PT15M
2025-10-07,31,1372.37,PT15M
2025-10-07,32,1428.86,PT15M
2025-10-07,33,1545.70,PT15M
2025-10-07,34,1481.43,PT15M
2025-10-07,35,1441.84,PT15M
2025-10-07,36,1231.77,PT15M
2025-10-07,37,1598.37,PT15M
2025-10-07,38,1480.77,PT15M
2025-10-07,39,951.98,PT15M
2025-10-07,40,780.13,PT15M
2025-10-07,41,996.36,PT15M
2025-10-07,42,883.64,PT15M
2025-10-07,43,765.68,PT15M
2025-10-07,44,659.83,PT15M
2025-10-07,45,780.13,PT15M
2025-10-07,46,722.22,PT15M
2025-10-07,47,633.72,PT15M
2025-10-07,48,595.40,PT15M
2025-10-07,49,651.79,PT15M
2025-10-07,50,580.24,PT15M
2025-10-07,51,561.87,PT15M
2025-10-07,52,561.00,PT15M
2025-10-07,53,599.32,PT15M
2025-10-07,54,564.16,PT15M
2025-10-07,55,560.29,PT15M
2025-10-07,56,545.78,PT15M
2025-10-07,57,552.40,PT15M
2025-10-07,58,562.32,PT15M
2025-10-07,59,568.18,PT15M
2025-10-07,60,576.67,PT15M
2025-10-07,61,542.07,PT15M
2025-10-07,62,565.48,PT15M
2025-10-07,63,621.30,PT15M
2025-10-07,64,693.67,PT15M
2025-10-07,65,563.90,PT15M
2025-10-07,66,599.07,PT15M
2025-10-07,67,687.15,PT15M
2025-10-07,68,780.13,PT15M
2025-10-07,69,579.78,PT15M
2025-10-07,70,650.16,PT15M
2025-10-07,71,785.27,PT15M
2025-10-07,72,1045.11,PT15M
2025-10-07,73,744.35,PT15M
2025-10-07,74,791.22,PT15M
2025-10-07,75,1135.03,PT15M
2025-10-07,76,1461.48,PT15M
2025-10-07,77,1225.25,PT15M
2025-10-07,78,1086.73,PT15M
2025-10-07,79,832.34,PT15M
2025-10-07,80,920.12,PT15M
2025-10-07,81,909.39,PT15M
2025-10-07,82,808.58,PT15M
2025-10-07,83,666.70,PT15M
2025-10-07,84,595.40,PT15M
2025-10-07,85,749.19,PT15M
2025-10-07,86,656.52,PT15M
2025-10-07,87,573.98,PT15M
2025-10-07,88,528.99,PT15M
2025-10-07,89,592.09,PT15M
2025-10-07,90,569.30,PT15M
2025-10-07,91,539.93,PT15M
2025-10-07,92,485.33,PT15M
2025-10-07,93,548.69,PT15M
2025-10-07,94,500.90,PT15M
2025-10-07,95,476.17,PT15M
2025-10-07,96,458.56,PT15M
2025-10-07,1,529.54,PT30M
2025-10-07,2,500.81,PT30M
2025-10-07,3,496.93,PT30M
2025-10-07,4,463.92,PT30M
2025-10-07,5,465.61,PT30M
2025-10-07,6,461.55,PT30M
2025-10-07,7,454.43,PT30M
2025-10-07,8,468.62,PT30M
2025-10-07,9,455.00,PT30M
2025-10-07,10,510.18,PT30M
2025-10-07,11,465.31,PT30M
2025-10-07,12,531.51,PT30M
2025-10-07,13,584.62,PT30M
2025-10-07,14,752.15,PT30M
2025-10-07,15,906.52,PT30M
2025-10-07,16,1400.61,PT30M
2025-10-07,17,1513.57,PT30M
2025-10-07,18,1336.81,PT30M
2025-10-07,19,1539.55,PT30M
2025-10-07,20,866.05,PT30M
2025-10-07,21,940.00,PT30M
2025-10-07,22,712.74,PT30M
2025-10-07,23,751.17,PT30M
2025-10-07,24,614.55,PT30M
2025-10-07,25,616.02,PT30M
2025-10-07,26,561.42,PT30M
2025-10-07,27,581.74,PT30M
2025-10-07,28,553.03,PT30M
2025-10-07,29,557.36,PT30M
2025-10-07,30,572.42,PT30M
2025-10-07,31,553.79,PT30M
2025-10-07,32,657.49,PT30M
2025-10-07,33,581.48,PT30M
2025-10-07,34,733.64,PT30M
2025-10-07,35,614.95,PT30M
2025-10-07,36,915.19,PT30M
2025-10-07,37,767.80,PT30M
2025-10-07,38,1298.27,PT30M
2025-10-07,39,1156.00,PT30M
2025-10-07,40,876.23,PT30M
2025-10-07,41,858.98,PT30M
2025-10-07,42,631.06,PT30M
2025-10-07,43,702.84,PT30M
2025-10-07,44,551.50,PT30M
2025-10-07,45,580.71,PT30M
2025-10-07,46,512.63,PT30M
2025-10-07,47,524.80,PT30M
2025-10-07,48,467.37,PT30M
2025-10-07,1,515.18,PT60M
2025-10-07,2,480.42,PT60M
2025-10-07,3,463.58,PT60M
2025-10-07,4,461.53,PT60M
2025-10-07,5,482.59,PT60M
2025-10-07,6,498.41,PT60M
2025-10-07,7,668.39,PT60M
2025-10-07,8,1153.56,PT60M
2025-10-07,9,1425.19,PT60M
2025-10-07,10,1202.80,PT60M
2025-10-07,11,826.37,PT60M
2025-10-07,12,682.86,PT60M
2025-10-07,13,588.72,PT60M
2025-10-07,14,567.39,PT60M
2025-10-07,15,564.89,PT60M
2025-10-07,16,605.64,PT60M
2025-10-07,17,657.56,PT60M
2025-10-07,18,765.07,PT60M
2025-10-07,19,1033.03,PT60M
2025-10-07,20,1016.12,PT60M
2025-10-07,21,745.02,PT60M
2025-10-07,22,627.17,PT60M
2025-10-07,23,546.67,PT60M
2025-10-07,24,496.08,PT60M
2025-10-08,1,517.69,PT15M
2025-10-08,2,465.12,PT15M
2025-10-08,3,465.47,PT15M
2025-10-08,4,453.92,PT15M
2025-10-08,5,467.40,PT15M
2025-10-08,6,453.26,PT15M
2025-10-08,7,444.39,PT15M
2025-10-08,8,435.06,PT15M
2025-10-08,9,453.94,PT15M
2025-10-08,10,448.49,PT15M
2025-10-08,11,442.68,PT15M
2025-10-08,12,437.11,PT15M
2025-10-08,13,443.27,PT15M
2025-10-08,14,449.52,PT15M
2025-10-08,15,442.62,PT15M
2025-10-08,16,445.25,PT15M
2025-10-08,17,435.91,PT15M
2025-10-08,18,455.53,PT15M
2025-10-08,19,475.31,PT15M
2025-10-08,20,485.66,PT15M
2025-10-08,21,442.59,PT15M
2025-10-08,22,474.69,PT15M
2025-10-08,23,529.21,PT15M
2025-10-08,24,575.07,PT15M
2025-10-08,25,473.20,PT15M
2025-10-08,26,570.46,PT15M
2025-10-08,27,623.74,PT15M
2025-10-08,28,705.10,PT15M
2025-10-08,29,767.27,PT15M
2025-10-08,30,821.15,PT15M
2025-10-08,31,857.05,PT15M
2025-10-08,32,869.94,PT15M
2025-10-08,33,1029.70,PT15M
2025-10-08,34,885.42,PT15M
2025-10-08,35,766.99,PT15M
2025-10-08,36,682.13,PT15M
2025-10-08,37,863.33,PT15M
2025-10-08,38,700.58,PT15M
2025-10-08,39,595.68,PT15M
2025-10-08,40,529.68,PT15M
2025-10-08,41,699.20,PT15M
2025-10-08,42,613.33,PT15M
2025-10-08,43,549.93,PT15M
2025-10-08,44,525.99,PT15M
2025-10-08,45,635.04,PT15M
2025-10-08,46,539.45,PT15M
2025-10-08,47,507.77,PT15M
2025-10-08,48,459.21,PT15M
2025-10-08,49,487.92,PT15M
2025-10-08,50,468.49,PT15M
2025-10-08,51,456.75,PT15M
2025-10-08,52,456.67,PT15M
2025-10-08,53,468.32,PT15M
2025-10-08,54,466.48,PT15M
2025-10-08,55,464.25,PT15M
2025-10-08,56,453.95,PT15M
2025-10-08,57,443.19,PT15M
2025-10-08,58,455.94,PT15M
2025-10-08,59,469.17,PT15M
2025-10-08,60,515.75,PT15M
2025-10-08,61,464.26,PT15M
2025-10-08,62,488.57,PT15M
2025-10-08,63,530.20,PT15M
2025-10-08,64,590.97,PT15M
2025-10-08,65,510.05,PT15M
2025-10-08,66,562.72,PT15M
2025-10-08,67,697.25,PT15M
2025-10-08,68,824.51,PT15M
2025-10-08,69,545.73,PT15M
2025-10-08,70,628.63,PT15M
2025-10-08,71,863.85,PT15M
2025-10-08,72,1145.39,PT15M
2025-10-08,73,768.63,PT15M
2025-10-08,74,780.07,PT15M
2025-10-08,75,1095.53,PT15M
2025-10-08,76,1347.97,PT15M
2025-10-08,77,1188.00,PT15M
2025-10-08,78,1035.95,PT15M
2025-10-08,79,918.29,PT15M
2025-10-08,80,890.51,PT15M
2025-10-08,81,884.40,PT15M
2025-10-08,82,780.04,PT15M
2025-10-08,83,733.82,PT15M
2025-10-08,84,698.97,PT15M
2025-10-08,85,696.85,PT15M
2025-10-08,86,668.66,PT15M
2025-10-08,87,615.11,PT15M
2025-10-08,88,542.10,PT15M
2025-10-08,89,599.00,PT15M
2025-10-08,90,595.88,PT15M
2025-10-08,91,542.73,PT15M
2025-10-08,92,498.30,PT15M
2025-10-08,93,569.83,PT15M
2025-10-08,94,507.77,PT15M
2025-10-08,95,485.83,PT15M
2025-10-08,96,457.97,PT15M
2025-10-08,1,491.41,PT30M
2025-10-08,2,459.70,PT30M
2025-10-08,3,460.33,PT30M
2025-10-08,4,439.73,PT30M
2025-10-08,5,451.22,PT30M
2025-10-08,6,439.89,PT30M
2025-10-08,7,446.39,PT30M
2025-10-08,8,443.94,PT30M
2025-10-08,9,445.72,PT30M
2025-10-08,10,480.48,PT30M
2025-10-08,11,458.64,PT30M
2025-10-08,12,552.14,PT30M
2025-10-08,13,521.83,PT30M
2025-10-08,14,664.42,PT30M
2025-10-08,15,794.21,PT30M
2025-10-08,16,863.49,PT30M
2025-10-08,17,957.56,PT30M
2025-10-08,18,724.56,PT30M
2025-10-08,19,781.95,PT30M
2025-10-08,20,562.68,PT30M
2025-10-08,21,656.27,PT30M
2025-10-08,22,537.96,PT30M
2025-10-08,23,587.25,PT30M
2025-10-08,24,483.49,PT30M
2025-10-08,25,478.20,PT30M
2025-10-08,26,456.71,PT30M
2025-10-08,27,467.40,PT30M
2025-10-08,28,459.10,PT30M
2025-10-08,29,449.56,PT30M
2025-10-08,30,492.46,PT30M
2025-10-08,31,476.42,PT30M
2025-10-08,32,560.58,PT30M
2025-10-08,33,536.39,PT30M
2025-10-08,34,760.88,PT30M
2025-10-08,35,587.18,PT30M
2025-10-08,36,1004.62,PT30M
2025-10-08,37,774.35,PT30M
2025-10-08,38,1221.75,PT30M
2025-10-08,39,1111.98,PT30M
2025-10-08,40,904.40,PT30M
2025-10-08,41,832.22,PT30M
2025-10-08,42,716.39,PT30M
2025-10-08,43,682.75,PT30M
2025-10-08,44,578.60,PT30M
2025-10-08,45,597.44,PT30M
2025-10-08,46,520.52,PT30M
2025-10-08,47,538.80,PT30M
2025-10-08,48,471.90,PT30M
2025-10-08,1,475.55,PT60M
2025-10-08,2,450.03,PT60M
2025-10-08,3,445.55,PT60M
2025-10-08,4,445.16,PT60M
2025-10-08,5,463.10,PT60M
2025-10-08,6,505.39,PT60M
2025-10-08,7,593.13,PT60M
2025-10-08,8,828.85,PT60M
2025-10-08,9,841.06,PT60M
2025-10-08,10,672.32,PT60M
2025-10-08,11,597.11,PT60M
2025-10-08,12,535.37,PT60M
2025-10-08,13,467.46,PT60M
2025-10-08,14,463.25,PT60M
2025-10-08,15,471.01,PT60M
2025-10-08,16,518.50,PT60M
2025-10-08,17,648.63,PT60M
2025-10-08,18,795.90,PT60M
2025-10-08,19,998.05,PT60M
2025-10-08,20,1008.19,PT60M
2025-10-08,21,774.31,PT60M
2025-10-08,22,630.68,PT60M
2025-10-08,23,558.98,PT60M
2025-10-08,24,505.35,PT60M
2025-10-09,1,559.94,PT15M
2025-10-09,2,509.21,PT15M
2025-10-09,3,463.71,PT15M
2025-10-09,4,454.75,PT15M
2025-10-09,5,468.59,PT15M
2025-10-09,6,481.17,PT15M
2025-10-09,7,474.26,PT15M
2025-10-09,8,479.66,PT15M
2025-10-09,9,493.49,PT15M
2025-10-09,10,474.26,PT15M
2025-10-09,11,474.36,PT15M
2025-10-09,12,477.45,PT15M
2025-10-09,13,484.22,PT15M
2025-10-09,14,467.49,PT15M
2025-10-09,15,468.23,PT15M
2025-10-09,16,470.71,PT15M
2025-10-09,17,453.60,PT15M
2025-10-09,18,465.28,PT15M
2025-10-09,19,485.94,PT15M
2025-10-09,20,540.25,PT15M
2025-10-09,21,464.66,PT15M
2025-10-09,22,494.83,PT15M
2025-10-09,23,556.07,PT15M
2025-10-09,24,672.07,PT15M
2025-10-09,25,536.82,PT15M
2025-10-09,26,693.96,PT15M
2025-10-09,27,704.88,PT15M
2025-10-09,28,783.60,PT15M
2025-10-09,29,925.46,PT15M
2025-10-09,30,898.46,PT15M
2025-10-09,31,819.11,PT15M
2025-10-09,32,778.24,PT15M
2025-10-09,33,878.99,PT15M
2025-10-09,34,780.50,PT15M
2025-10-09,35,733.62,PT15M
2025-10-09,36,662.00,PT15M
2025-10-09,37,847.98,PT15M
2025-10-09,38,697.02,PT15M
2025-10-09,39,636.40,PT15M
2025-10-09,40,553.40,PT15M
2025-10-09,41,675.98,PT15M
2025-10-09,42,563.10,PT15M
2025-10-09,43,499.00,PT15M
2025-10-09,44,465.92,PT15M
2025-10-09,45,542.37,PT15M
2025-10-09,46,504.42,PT15M
2025-10-09,47,480.94,PT15M
2025-10-09,48,464.64,PT15M
2025-10-09,49,510.84,PT15M
2025-10-09,50,482.78,PT15M
2025-10-09,51,479.85,PT15M
2025-10-09,52,475.80,PT15M
2025-10-09,53,501.56,PT15M
2025-10-09,54,505.93,PT15M
2025-10-09,55,503.54,PT15M
2025-10-09,56,380.33,PT15M
2025-10-09,57,395.98,PT15M
2025-10-09,58,463.46,PT15M
2025-10-09,59,494.62,PT15M
2025-10-09,60,529.28,PT15M
2025-10-09,61,476.48,PT15M
2025-10-09,62,515.71,PT15M
2025-10-09,63,530.93,PT15M
2025-10-09,64,568.88,PT15M
2025-10-09,65,518.92,PT15M
2025-10-09,66,623.02,PT15M
2025-10-09,67,780.51,PT15M
2025-10-09,68,1093.85,PT15M
2025-10-09,69,666.54,PT15M
2025-10-09,70,780.54,PT15M
2025-10-09,71,949.82,PT15M
2025-10-09,72,1060.33,PT15M
2025-10-09,73,787.84,PT15M
2025-10-09,74,788.74,PT15M
2025-10-09,75,963.89,PT15M
2025-10-09,76,1197.60,PT15M
2025-10-09,77,920.56,PT15M
2025-10-09,78,1023.41,PT15M
2025-10-09,79,1000.72,PT15M
2025-10-09,80,949.28,PT15M
2025-10-09,81,993.27,PT15M
2025-10-09,82,914.71,PT15M
2025-10-09,83,794.78,PT15M
2025-10-09,84,776.93,PT15M
2025-10-09,85,860.12,PT15M
2025-10-09,86,850.57,PT15M
2025-10-09,87,877.32,PT15M
2025-10-09,88,802.39,PT15M
2025-10-09,89,853.30,PT15M
2025-10-09,90,802.39,PT15M
2025-10-09,91,757.79,PT15M
2025-10-09,92,690.58,PT15M
2025-10-09,93,687.24,PT15M
2025-10-09,94,675.91,PT15M
2025-10-09,95,567.66,PT15M
2025-10-09,96,509.92,PT15M
2025-10-09,1,534.58,PT30M
2025-10-09,2,459.23,PT30M
2025-10-09,3,474.88,PT30M
2025-10-09,4,476.96,PT30M
2025-10-09,5,483.87,PT30M
2025-10-09,6,475.91,PT30M
2025-10-09,7,475.86,PT30M
2025-10-09,8,469.47,PT30M
2025-10-09,9,459.44,PT30M
2025-10-09,10,513.10,PT30M
2025-10-09,11,479.75,PT30M
2025-10-09,12,614.07,PT30M
2025-10-09,13,615.39,PT30M
2025-10-09,14,744.24,PT30M
2025-10-09,15,911.96,PT30M
2025-10-09,16,798.68,PT30M
2025-10-09,17,829.75,PT30M
2025-10-09,18,697.81,PT30M
2025-10-09,19,772.50,PT30M
2025-10-09,20,594.90,PT30M
2025-10-09,21,619.54,PT30M
2025-10-09,22,482.46,PT30M
2025-10-09,23,523.40,PT30M
2025-10-09,24,472.79,PT30M
2025-10-09,25,496.81,PT30M
2025-10-09,26,477.83,PT30M
2025-10-09,27,503.74,PT30M
2025-10-09,28,441.94,PT30M
2025-10-09,29,429.72,PT30M
2025-10-09,30,511.95,PT30M
2025-10-09,31,496.09,PT30M
2025-10-09,32,549.90,PT30M
2025-10-09,33,570.97,PT30M
2025-10-09,34,937.18,PT30M
2025-10-09,35,723.54,PT30M
2025-10-09,36,1005.07,PT30M
2025-10-09,37,788.29,PT30M
2025-10-09,38,1080.74,PT30M
2025-10-09,39,971.99,PT30M
2025-10-09,40,975.00,PT30M
2025-10-09,41,953.99,PT30M
2025-10-09,42,785.85,PT30M
2025-10-09,43,855.35,PT30M
2025-10-09,44,839.85,PT30M
2025-10-09,45,827.84,PT30M
2025-10-09,46,724.18,PT30M
2025-10-09,47,681.57,PT30M
2025-10-09,48,538.79,PT30M
2025-10-09,1,496.90,PT60M
2025-10-09,2,475.92,PT60M
2025-10-09,3,479.89,PT60M
2025-10-09,4,472.66,PT60M
2025-10-09,5,486.27,PT60M
2025-10-09,6,546.91,PT60M
2025-10-09,7,679.81,PT60M
2025-10-09,8,855.32,PT60M
2025-10-09,9,763.78,PT60M
2025-10-09,10,683.70,PT60M
2025-10-09,11,551.00,PT60M
2025-10-09,12,498.09,PT60M
2025-10-09,13,487.32,PT60M
2025-10-09,14,472.84,PT60M
2025-10-09,15,470.84,PT60M
2025-10-09,16,523.00,PT60M
2025-10-09,17,754.08,PT60M
2025-10-09,18,864.30,PT60M
2025-10-09,19,934.52,PT60M
2025-10-09,20,973.49,PT60M
2025-10-09,21,869.92,PT60M
2025-10-09,22,847.60,PT60M
2025-10-09,23,776.01,PT60M
2025-10-09,24,610.18,PT60M
2025-10-10,1,514.03,PT15M
2025-10-10,2,466.81,PT15M
2025-10-10,3,447.68,PT15M
2025-10-10,4,429.63,PT15M
2025-10-10,5,472.60,PT15M
2025-10-10,6,446.16,PT15M
2025-10-10,7,435.71,PT15M
2025-10-10,8,431.95,PT15M
2025-10-10,9,426.28,PT15M
2025-10-10,10,422.39,PT15M
2025-10-10,11,418.52,PT15M
2025-10-10,12,417.17,PT15M
2025-10-10,13,420.44,PT15M
2025-10-10,14,421.08,PT15M
2025-10-10,15,424.56,PT15M
2025-10-10,16,425.60,PT15M
2025-10-10,17,426.24,PT15M
2025-10-10,18,435.29,PT15M
2025-10-10,19,441.93,PT15M
2025-10-10,20,487.79,PT15M
2025-10-10,21,487.36,PT15M
2025-10-10,22,616.82,PT15M
2025-10-10,23,763.00,PT15M
2025-10-10,24,866.67,PT15M
2025-10-10,25,827.38,PT15M
2025-10-10,26,909.38,PT15M
2025-10-10,27,1027.82,PT15M
2025-10-10,28,1082.86,PT15M
2025-10-10,29,1196.15,PT15M
2025-10-10,30,1169.04,PT15M
2025-10-10,31,1006.88,PT15M
2025-10-10,32,718.06,PT15M
2025-10-10,33,941.64,PT15M
2025-10-10,34,682.81,PT15M
2025-10-10,35,557.53,PT15M
2025-10-10,36,489.29,PT15M
2025-10-10,37,732.99,PT15M
2025-10-10,38,577.48,PT15M
2025-10-10,39,492.97,PT15M
2025-10-10,40,399.97,PT15M
2025-10-10,41,637.18,PT15M
2025-10-10,42,477.24,PT15M
2025-10-10,43,430.87,PT15M
2025-10-10,44,363.41,PT15M
2025-10-10,45,490.57,PT15M
2025-10-10,46,413.52,PT15M
2025-10-10,47,406.04,PT15M
2025-10-10,48,394.02,PT15M
2025-10-10,49,448.00,PT15M
2025-10-10,50,413.03,PT15M
2025-10-10,51,383.81,PT15M
2025-10-10,52,345.22,PT15M
2025-10-10,53,399.12,PT15M
2025-10-10,54,425.16,PT15M
2025-10-10,55,420.52,PT15M
2025-10-10,56,379.47,PT15M
2025-10-10,57,329.51,PT15M
2025-10-10,58,427.78,PT15M
2025-10-10,59,451.62,PT15M
2025-10-10,60,511.97,PT15M
2025-10-10,61,416.29,PT15M
2025-10-10,62,457.46,PT15M
2025-10-10,63,490.67,PT15M
2025-10-10,64,550.21,PT15M
2025-10-10,65,444.91,PT15M
2025-10-10,66,569.10,PT15M
2025-10-10,67,848.14,PT15M
2025-10-10,68,1041.07,PT15M
2025-10-10,69,696.19,PT15M
2025-10-10,70,892.97,PT15M
2025-10-10,71,1132.24,PT15M
2025-10-10,72,1256.80,PT15M
2025-10-10,73,1060.13,PT15M
2025-10-10,74,1172.15,PT15M
2025-10-10,75,1330.34,PT15M
2025-10-10,76,1397.61,PT15M
2025-10-10,77,1240.40,PT15M
2025-10-10,78,1256.65,PT15M
2025-10-10,79,1271.63,PT15M
2025-10-10,80,1169.30,PT15M
2025-10-10,81,1176.82,PT15M
2025-10-10,82,1060.82,PT15M
2025-10-10,83,897.90,PT15M
2025-10-10,84,881.20,PT15M
2025-10-10,85,878.76,PT15M
2025-10-10,86,859.59,PT15M
2025-10-10,87,819.20,PT15M
2025-10-10,88,710.63,PT15M
2025-10-10,89,801.90,PT15M
2025-10-10,90,745.88,PT15M
2025-10-10,91,616.82,PT15M
2025-10-10,92,608.20,PT15M
2025-10-10,93,628.21,PT15M
2025-10-10,94,552.97,PT15M
2025-10-10,95,532.73,PT15M
2025-10-10,96,490.09,PT15M
2025-10-10,1,490.42,PT30M
2025-10-10,2,438.65,PT30M
2025-10-10,3,459.38,PT30M
2025-10-10,4,433.83,PT30M
2025-10-10,5,424.34,PT30M
2025-10-10,6,417.84,PT30M
2025-10-10,7,420.76,PT30M
2025-10-10,8,425.08,PT30M
2025-10-10,9,430.76,PT30M
2025-10-10,10,464.86,PT30M
2025-10-10,11,552.09,PT30M
2025-10-10,12,814.83,PT30M
2025-10-10,13,868.38,PT30M
2025-10-10,14,1055.34,PT30M
2025-10-10,15,1182.60,PT30M
2025-10-10,16,862.47,PT30M
2025-10-10,17,812.23,PT30M
2025-10-10,18,523.41,PT30M
2025-10-10,19,655.23,PT30M
2025-10-10,20,446.47,PT30M
2025-10-10,21,557.21,PT30M
2025-10-10,22,397.14,PT30M
2025-10-10,23,452.04,PT30M
2025-10-10,24,400.03,PT30M
2025-10-10,25,430.51,PT30M
2025-10-10,26,364.51,PT30M
2025-10-10,27,412.14,PT30M
2025-10-10,28,399.99,PT30M
2025-10-10,29,378.64,PT30M
2025-10-10,30,481.80,PT30M
2025-10-10,31,436.88,PT30M
2025-10-10,32,520.44,PT30M
2025-10-10,33,507.00,PT30M
2025-10-10,34,944.61,PT30M
2025-10-10,35,794.58,PT30M
2025-10-10,36,1194.52,PT30M
2025-10-10,37,1116.14,PT30M
2025-10-10,38,1363.97,PT30M
2025-10-10,39,1248.52,PT30M
2025-10-10,40,1220.46,PT30M
2025-10-10,41,1118.82,PT30M
2025-10-10,42,889.55,PT30M
2025-10-10,43,869.17,PT30M
2025-10-10,44,764.92,PT30M
2025-10-10,45,773.89,PT30M
2025-10-10,46,612.51,PT30M
2025-10-10,47,590.59,PT30M
2025-10-10,48,511.41,PT30M
2025-10-10,1,464.54,PT60M
2025-10-10,2,446.61,PT60M
2025-10-10,3,421.09,PT60M
2025-10-10,4,422.92,PT60M
2025-10-10,5,447.81,PT60M
2025-10-10,6,683.46,PT60M
2025-10-10,7,961.86,PT60M
2025-10-10,8,1022.53,PT60M
2025-10-10,9,667.82,PT60M
2025-10-10,10,550.85,PT60M
2025-10-10,11,477.18,PT60M
2025-10-10,12,426.04,PT60M
2025-10-10,13,397.51,PT60M
2025-10-10,14,406.07,PT60M
2025-10-10,15,430.22,PT60M
2025-10-10,16,478.66,PT60M
2025-10-10,17,725.81,PT60M
2025-10-10,18,994.55,PT60M
2025-10-10,19,1240.06,PT60M
2025-10-10,20,1234.49,PT60M
2025-10-10,21,1004.19,PT60M
2025-10-10,22,817.04,PT60M
2025-10-10,23,693.20,PT60M
2025-10-10,24,551.00,PT60M
2025-10-11,1,580.23,PT15M
2025-10-11,2,508.59,PT15M
2025-10-11,3,448.81,PT15M
2025-10-11,4,441.69,PT15M
2025-10-11,5,477.42,PT15M
2025-10-11,6,456.13,PT15M
2025-10-11,7,445.33,PT15M
2025-10-11,8,444.14,PT15M
2025-10-11,9,448.52,PT15M
2025-10-11,10,451.59,PT15M
2025-10-11,11,452.22,PT15M
2025-10-11,12,447.61,PT15M
2025-10-11,13,443.54,PT15M
2025-10-11,14,433.66,PT15M
2025-10-11,15,435.65,PT15M
2025-10-11,16,425.53,PT15M
2025-10-11,17,430.12,PT15M
2025-10-11,18,427.32,PT15M
2025-10-11,19,421.24,PT15M
2025-10-11,20,427.16,PT15M
2025-10-11,21,421.53,PT15M
2025-10-11,22,436.00,PT15M
2025-10-11,23,436.27,PT15M
2025-10-11,24,448.85,PT15M
2025-10-11,25,447.70,PT15M
2025-10-11,26,453.35,PT15M
2025-10-11,27,464.69,PT15M
2025-10-11,28,473.98,PT15M
2025-10-11,29,492.79,PT15M
2025-10-11,30,484.34,PT15M
2025-10-11,31,497.43,PT15M
2025-10-11,32,497.43,PT15M
2025-10-11,33,529.71,PT15M
2025-10-11,34,526.15,PT15M
2025-10-11,35,516.51,PT15M
2025-10-11,36,476.25,PT15M
2025-10-11,37,576.01,PT15M
2025-10-11,38,525.32,PT15M
2025-10-11,39,468.11,PT15M
2025-10-11,40,386.47,PT15M
2025-10-11,41,537.00,PT15M
2025-10-11,42,464.70,PT15M
2025-10-11,43,384.83,PT15M
2025-10-11,44,389.40,PT15M
2025-10-11,45,443.29,PT15M
2025-10-11,46,384.13,PT15M
2025-10-11,47,76.90,PT15M
2025-10-11,48,104.20,PT15M
2025-10-11,49,76.94,PT15M
2025-10-11,50,76.90,PT15M
2025-10-11,51,62.47,PT15M
2025-10-11,52,43.69,PT15M
2025-10-11,53,64.81,PT15M
2025-10-11,54,65.11,PT15M
2025-10-11,55,76.93,PT15M
2025-10-11,56,119.12,PT15M
2025-10-11,57,26.08,PT15M
2025-10-11,58,42.98,PT15M
2025-10-11,59,75.54,PT15M
2025-10-11,60,285.22,PT15M
2025-10-11,61,277.61,PT15M
2025-10-11,62,395.86,PT15M
2025-10-11,63,475.04,PT15M
2025-10-11,64,454.03,PT15M
2025-10-11,65,345.72,PT15M
2025-10-11,66,425.35,PT15M
2025-10-11,67,506.48,PT15M
2025-10-11,68,590.55,PT15M
2025-10-11,69,453.68,PT15M
2025-10-11,70,532.20,PT15M
2025-10-11,71,668.87,PT15M
2025-10-11,72,781.07,PT15M
2025-10-11,73,742.27,PT15M
2025-10-11,74,670.77,PT15M
2025-10-11,75,781.06,PT15M
2025-10-11,76,781.09,PT15M
2025-10-11,77,710.25,PT15M
2025-10-11,78,734.93,PT15M
2025-10-11,79,696.41,PT15M
2025-10-11,80,617.64,PT15M
2025-10-11,81,755.50,PT15M
2025-10-11,82,660.98,PT15M
2025-10-11,83,553.62,PT15M
2025-10-11,84,529.66,PT15M
2025-10-11,85,650.62,PT15M
2025-10-11,86,588.02,PT15M
2025-10-11,87,591.46,PT15M
2025-10-11,88,502.05,PT15M
2025-10-11,89,642.84,PT15M
2025-10-11,90,574.10,PT15M
2025-10-11,91,517.55,PT15M
2025-10-11,92,474.67,PT15M
2025-10-11,93,535.23,PT15M
2025-10-11,94,487.20,PT15M
2025-10-11,95,474.79,PT15M
2025-10-11,96,443.81,PT15M
2025-10-11,1,544.41,PT30M
2025-10-11,2,445.25,PT30M
2025-10-11,3,466.78,PT30M
2025-10-11,4,444.74,PT30M
2025-10-11,5,450.05,PT30M
2025-10-11,6,449.91,PT30M
2025-10-11,7,438.60,PT30M
2025-10-11,8,430.59,PT30M
2025-10-11,9,428.72,PT30M
2025-10-11,10,424.20,PT30M
2025-10-11,11,428.77,PT30M
2025-10-11,12,442.56,PT30M
2025-10-11,13,450.53,PT30M
2025-10-11,14,469.33,PT30M
2025-10-11,15,488.56,PT30M
2025-10-11,16,497.43,PT30M
2025-10-11,17,527.93,PT30M
2025-10-11,18,496.38,PT30M
2025-10-11,19,550.66,PT30M
2025-10-11,20,427.29,PT30M
2025-10-11,21,500.85,PT30M
2025-10-11,22,387.12,PT30M
2025-10-11,23,413.71,PT30M
2025-10-11,24,90.55,PT30M
2025-10-11,25,76.92,PT30M
2025-10-11,26,53.08,PT30M
2025-10-11,27,64.96,PT30M
2025-10-11,28,98.03,PT30M
2025-10-11,29,34.53,PT30M
2025-10-11,30,180.38,PT30M
2025-10-11,31,336.73,PT30M
2025-10-11,32,464.54,PT30M
2025-10-11,33,385.54,PT30M
2025-10-11,34,548.52,PT30M
2025-10-11,35,492.94,PT30M
2025-10-11,36,724.97,PT30M
2025-10-11,37,706.52,PT30M
2025-10-11,38,781.08,PT30M
2025-10-11,39,722.59,PT30M
2025-10-11,40,657.02,PT30M
2025-10-11,41,708.24,PT30M
2025-10-11,42,541.64,PT30M
2025-10-11,43,619.32,PT30M
2025-10-11,44,546.75,PT30M
2025-10-11,45,608.47,PT30M
2025-10-11,46,496.11,PT30M
2025-10-11,47,511.21,PT30M
2025-10-11,48,459.30,PT30M
2025-10-11,1,494.83,PT60M
2025-10-11,2,455.76,PT60M
2025-10-11,3,449.98,PT60M
2025-10-11,4,434.59,PT60M
2025-10-11,5,426.46,PT60M
2025-10-11,6,435.66,PT60M
2025-10-11,7,459.93,PT60M
2025-10-11,8,493.00,PT60M
2025-10-11,9,512.15,PT60M
2025-10-11,10,488.98,PT60M
2025-10-11,11,443.98,PT60M
2025-10-11,12,252.13,PT60M
2025-10-11,13,65.00,PT60M
2025-10-11,14,81.49,PT60M
2025-10-11,15,107.46,PT60M
2025-10-11,16,400.64,PT60M
2025-10-11,17,467.03,PT60M
2025-10-11,18,608.96,PT60M
2025-10-11,19,743.80,PT60M
2025-10-11,20,689.81,PT60M
2025-10-11,21,624.94,PT60M
2025-10-11,22,583.04,PT60M
2025-10-11,23,552.29,PT60M
2025-10-11,24,485.26,PT60M
2025-10-12,1,554.72,PT15M
2025-10-12,2,538.91,PT15M
2025-10-12,3,453.23,PT15M
2025-10-12,4,419.42,PT15M
2025-10-12,5,529.25,PT15M
2025-10-12,6,498.76,PT15M
2025-10-12,7,444.66,PT15M
2025-10-12,8,441.50,PT15M
2025-10-12,9,502.23,PT15M
2025-10-12,10,455.24,PT15M
2025-10-12,11,440.56,PT15M
2025-10-12,12,447.18,PT15M
2025-10-12,13,468.81,PT15M
2025-10-12,14,449.21,PT15M
2025-10-12,15,448.36,PT15M
2025-10-12,16,421.25,PT15M
2025-10-12,17,407.58,PT15M
2025-10-12,18,433.02,PT15M
2025-10-12,19,483.15,PT15M
2025-10-12,20,484.46,PT15M
2025-10-12,21,439.50,PT15M
2025-10-12,22,419.20,PT15M
2025-10-12,23,485.72,PT15M
2025-10-12,24,483.05,PT15M
2025-10-12,25,443.72,PT15M
2025-10-12,26,453.24,PT15M
2025-10-12,27,468.26,PT15M
2025-10-12,28,460.08,PT15M
2025-10-12,29,508.12,PT15M
2025-10-12,30,439.36,PT15M
2025-10-12,31,445.49,PT15M
2025-10-12,32,439.82,PT15M
2025-10-12,33,528.52,PT15M
2025-10-12,34,451.58,PT15M
2025-10-12,35,441.29,PT15M
2025-10-12,36,391.48,PT15M
2025-10-12,37,528.10,PT15M
2025-10-12,38,451.40,PT15M
2025-10-12,39,369.57,PT15M
2025-10-12,40,406.10,PT15M
2025-10-12,41,467.99,PT15M
2025-10-12,42,359.32,PT15M
2025-10-12,43,76.86,PT15M
2025-10-12,44,62.44,PT15M
2025-10-12,45,97.13,PT15M
2025-10-12,46,76.88,PT15M
2025-10-12,47,65.05,PT15M
2025-10-12,48,62.44,PT15M
2025-10-12,49,91.50,PT15M
2025-10-12,50,78.11,PT15M
2025-10-12,51,78.10,PT15M
2025-10-12,52,78.11,PT15M
2025-10-12,53,62.44,PT15M
2025-10-12,54,64.37,PT15M
2025-10-12,55,76.87,PT15M
2025-10-12,56,246.51,PT15M
2025-10-12,57,304.54,PT15M
2025-10-12,58,317.78,PT15M
2025-10-12,59,364.52,PT15M
2025-10-12,60,406.86,PT15M
2025-10-12,61,398.72,PT15M
2025-10-12,62,409.56,PT15M
2025-10-12,63,479.74,PT15M
2025-10-12,64,519.33,PT15M
2025-10-12,65,411.90,PT15M
2025-10-12,66,473.21,PT15M
2025-10-12,67,523.14,PT15M
2025-10-12,68,572.56,PT15M
2025-10-12,69,490.04,PT15M
2025-10-12,70,576.91,PT15M
2025-10-12,71,779.95,PT15M
2025-10-12,72,990.43,PT15M
2025-10-12,73,766.36,PT15M
2025-10-12,74,758.63,PT15M
2025-10-12,75,866.49,PT15M
2025-10-12,76,1116.93,PT15M
2025-10-12,77,950.41,PT15M
2025-10-12,78,892.70,PT15M
2025-10-12,79,949.84,PT15M
2025-10-12,80,854.40,PT15M
2025-10-12,81,889.19,PT15M
2025-10-12,82,895.49,PT15M
2025-10-12,83,866.57,PT15M
2025-10-12,84,806.38,PT15M
2025-10-12,85,729.94,PT15M
2025-10-12,86,766.08,PT15M
2025-10-12,87,570.38,PT15M
2025-10-12,88,529.39,PT15M
2025-10-12,89,628.88,PT15M
2025-10-12,90,586.03,PT15M
2025-10-12,91,529.63,PT15M
2025-10-12,92,495.74,PT15M
2025-10-12,93,528.11,PT15M
2025-10-12,94,485.63,PT15M
2025-10-12,95,474.04,PT15M
2025-10-12,96,439.85,PT15M
2025-10-12,1,546.82,PT30M
2025-10-12,2,436.33,PT30M
2025-10-12,3,514.00,PT30M
2025-10-12,4,443.08,PT30M
2025-10-12,5,478.74,PT30M
2025-10-12,6,443.87,PT30M
2025-10-12,7,459.01,PT30M
2025-10-12,8,434.80,PT30M
2025-10-12,9,420.30,PT30M
2025-10-12,10,483.81,PT30M
2025-10-12,11,429.35,PT30M
2025-10-12,12,484.38,PT30M
2025-10-12,13,448.48,PT30M
2025-10-12,14,464.17,PT30M
2025-10-12,15,473.74,PT30M
2025-10-12,16,442.66,PT30M
2025-10-12,17,490.05,PT30M
2025-10-12,18,416.38,PT30M
2025-10-12,19,489.75,PT30M
2025-10-12,20,387.84,PT30M
2025-10-12,21,413.65,PT30M
2025-10-12,22,69.65,PT30M
2025-10-12,23,87.01,PT30M
2025-10-12,24,63.74,PT30M
2025-10-12,25,84.81,PT30M
2025-10-12,26,78.11,PT30M
2025-10-12,27,63.40,PT30M
2025-10-12,28,161.69,PT30M
2025-10-12,29,311.16,PT30M
2025-10-12,30,385.69,PT30M
2025-10-12,31,404.14,PT30M
2025-10-12,32,499.53,PT30M
2025-10-12,33,442.56,PT30M
2025-10-12,34,547.85,PT30M
2025-10-12,35,533.48,PT30M
2025-10-12,36,885.19,PT30M
2025-10-12,37,762.50,PT30M
2025-10-12,38,991.71,PT30M
2025-10-12,39,921.56,PT30M
2025-10-12,40,902.12,PT30M
2025-10-12,41,892.34,PT30M
2025-10-12,42,836.48,PT30M
2025-10-12,43,748.01,PT30M
2025-10-12,44,549.89,PT30M
2025-10-12,45,607.46,PT30M
2025-10-12,46,512.68,PT30M
2025-10-12,47,506.87,PT30M
2025-10-12,48,456.94,PT30M
2025-10-12,1,491.57,PT60M
2025-10-12,2,478.54,PT60M
2025-10-12,3,461.31,PT60M
2025-10-12,4,446.91,PT60M
2025-10-12,5,452.05,PT60M
2025-10-12,6,456.87,PT60M
2025-10-12,7,456.32,PT60M
2025-10-12,8,458.20,PT60M
2025-10-12,9,453.22,PT60M
2025-10-12,10,438.79,PT60M
2025-10-12,11,241.65,PT60M
2025-10-12,12,75.38,PT60M
2025-10-12,13,81.46,PT60M
2025-10-12,14,112.55,PT60M
2025-10-12,15,348.42,PT60M
2025-10-12,16,451.83,PT60M
2025-10-12,17,495.20,PT60M
2025-10-12,18,709.33,PT60M
2025-10-12,19,877.10,PT60M
2025-10-12,20,911.84,PT60M
2025-10-12,21,864.41,PT60M
2025-10-12,22,648.95,PT60M
2025-10-12,23,560.07,PT60M
2025-10-12,24,481.91,PT60M
2025-10-13,1,540.70,PT15M
2025-10-13,2,482.29,PT15M
2025-10-13,3,473.74,PT15M
2025-10-13,4,467.45,PT15M
2025-10-13,5,472.00,PT15M
2025-10-13,6,461.32,PT15M
2025-10-13,7,479.59,PT15M
2025-10-13,8,478.08,PT15M
2025-10-13,9,483.17,PT15M
2025-10-13,10,480.45,PT15M
2025-10-13,11,470.26,PT15M
2025-10-13,12,475.10,PT15M
2025-10-13,13,477.07,PT15M
2025-10-13,14,476.05,PT15M
2025-10-13,15,476.61,PT15M
2025-10-13,16,500.87,PT15M
2025-10-13,17,505.89,PT15M
2025-10-13,18,489.63,PT15M
2025-10-13,19,506.68,PT15M
2025-10-13,20,535.92,PT15M
2025-10-13,21,501.56,PT15M
2025-10-13,22,527.78,PT15M
2025-10-13,23,529.82,PT15M
2025-10-13,24,629.84,PT15M
2025-10-13,25,696.12,PT15M
2025-10-13,26,891.60,PT15M
2025-10-13,27,1047.03,PT15M
2025-10-13,28,1166.23,PT15M
2025-10-13,29,1365.25,PT15M
2025-10-13,30,1375.44,PT15M
2025-10-13,31,1367.85,PT15M
2025-10-13,32,1250.30,PT15M
2025-10-13,33,1247.15,PT15M
2025-10-13,34,1127.78,PT15M
2025-10-13,35,879.41,PT15M
2025-10-13,36,692.30,PT15M
2025-10-13,37,991.95,PT15M
2025-10-13,38,759.76,PT15M
2025-10-13,39,680.53,PT15M
2025-10-13,40,544.02,PT15M
2025-10-13,41,735.95,PT15M
2025-10-13,42,690.19,PT15M
2025-10-13,43,617.13,PT15M
2025-10-13,44,562.95,PT15M
2025-10-13,45,677.38,PT15M
2025-10-13,46,581.33,PT15M
2025-10-13,47,538.65,PT15M
2025-10-13,48,511.33,PT15M
2025-10-13,49,538.52,PT15M
2025-10-13,50,497.12,PT15M
2025-10-13,51,478.18,PT15M
2025-10-13,52,456.80,PT15M
2025-10-13,53,494.75,PT15M
2025-10-13,54,480.43,PT15M
2025-10-13,55,465.53,PT15M
2025-10-13,56,448.79,PT15M
2025-10-13,57,431.90,PT15M
2025-10-13,58,462.61,PT15M
2025-10-13,59,520.45,PT15M
2025-10-13,60,552.16,PT15M
2025-10-13,61,478.72,PT15M
2025-10-13,62,508.89,PT15M
2025-10-13,63,566.36,PT15M
2025-10-13,64,648.07,PT15M
2025-10-13,65,616.41,PT15M
2025-10-13,66,855.59,PT15M
2025-10-13,67,1281.73,PT15M
2025-10-13,68,1551.65,PT15M
2025-10-13,69,897.16,PT15M
2025-10-13,70,1230.92,PT15M
2025-10-13,71,1564.69,PT15M
2025-10-13,72,1800.00,PT15M
2025-10-13,73,1350.25,PT15M
2025-10-13,74,1621.99,PT15M
2025-10-13,75,2300.00,PT15M
2025-10-13,76,2337.65,PT15M
2025-10-13,77,2337.98,PT15M
2025-10-13,78,2238.62,PT15M
2025-10-13,79,1858.63,PT15M
2025-10-13,80,1305.53,PT15M
2025-10-13,81,2118.00,PT15M
2025-10-13,82,1952.42,PT15M
2025-10-13,83,1392.50,PT15M
2025-10-13,84,1015.13,PT15M
2025-10-13,85,1343.30,PT15M
2025-10-13,86,1205.06,PT15M
2025-10-13,87,1089.69,PT15M
2025-10-13,88,950.81,PT15M
2025-10-13,89,890.52,PT15M
2025-10-13,90,721.38,PT15M
2025-10-13,91,616.39,PT15M
2025-10-13,92,597.44,PT15M
2025-10-13,93,649.84,PT15M
2025-10-13,94,675.00,PT15M
2025-10-13,95,591.33,PT15M
2025-10-13,96,542.44,PT15M
2025-10-13,1,511.49,PT30M
2025-10-13,2,470.60,PT30M
2025-10-13,3,466.66,PT30M
2025-10-13,4,478.84,PT30M
2025-10-13,5,481.81,PT30M
2025-10-13,6,472.68,PT30M
2025-10-13,7,476.56,PT30M
2025-10-13,8,488.74,PT30M
2025-10-13,9,497.76,PT30M
2025-10-13,10,521.30,PT30M
2025-10-13,11,514.67,PT30M
2025-10-13,12,579.83,PT30M
2025-10-13,13,793.86,PT30M
2025-10-13,14,1106.63,PT30M
2025-10-13,15,1370.35,PT30M
2025-10-13,16,1309.07,PT30M
2025-10-13,17,1187.46,PT30M
2025-10-13,18,785.86,PT30M
2025-10-13,19,875.85,PT30M
2025-10-13,20,612.27,PT30M
2025-10-13,21,713.07,PT30M
2025-10-13,22,590.04,PT30M
2025-10-13,23,629.36,PT30M
2025-10-13,24,524.99,PT30M
2025-10-13,25,517.82,PT30M
2025-10-13,26,467.49,PT30M
2025-10-13,27,487.59,PT30M
2025-10-13,28,457.16,PT30M
2025-10-13,29,447.26,PT30M
2025-10-13,30,536.31,PT30M
2025-10-13,31,493.80,PT30M
2025-10-13,32,607.21,PT30M
2025-10-13,33,736.00,PT30M
2025-10-13,34,1416.69,PT30M
2025-10-13,35,1064.04,PT30M
2025-10-13,36,1682.34,PT30M
2025-10-13,37,1486.12,PT30M
2025-10-13,38,2318.83,PT30M
2025-10-13,39,2288.30,PT30M
2025-10-13,40,1582.08,PT30M
2025-10-13,41,2035.21,PT30M
2025-10-13,42,1203.81,PT30M
2025-10-13,43,1274.18,PT30M
2025-10-13,44,1020.25,PT30M
2025-10-13,45,805.95,PT30M
2025-10-13,46,606.92,PT30M
2025-10-13,47,662.42,PT30M
2025-10-13,48,566.89,PT30M
2025-10-13,1,491.05,PT60M
2025-10-13,2,472.75,PT60M
2025-10-13,3,477.24,PT60M
2025-10-13,4,482.65,PT60M
2025-10-13,5,509.53,PT60M
2025-10-13,6,547.25,PT60M
2025-10-13,7,950.25,PT60M
2025-10-13,8,1339.71,PT60M
2025-10-13,9,986.66,PT60M
2025-10-13,10,744.06,PT60M
2025-10-13,11,651.56,PT60M
2025-10-13,12,577.17,PT60M
2025-10-13,13,492.66,PT60M
2025-10-13,14,472.37,PT60M
2025-10-13,15,491.78,PT60M
2025-10-13,16,550.51,PT60M
2025-10-13,17,1076.35,PT60M
2025-10-13,18,1373.19,PT60M
2025-10-13,19,1902.47,PT60M
2025-10-13,20,1935.19,PT60M
2025-10-13,21,1619.51,PT60M
2025-10-13,22,1147.21,PT60M
2025-10-13,23,706.43,PT60M
2025-10-13,24,614.65,PT60M
2025-10-14,1,585.30,PT15M
2025-10-14,2,593.45,PT15M
2025-10-14,3,549.27,PT15M
2025-10-14,4,523.27,PT15M
2025-10-14,5,547.85,PT15M
2025-10-14,6,538.00,PT15M
2025-10-14,7,530.60,PT15M
2025-10-14,8,519.72,PT15M
2025-10-14,9,533.98,PT15M
2025-10-14,10,517.00,PT15M
2025-10-14,11,510.46,PT15M
2025-10-14,12,501.48,PT15M
2025-10-14,13,520.52,PT15M
2025-10-14,14,517.57,PT15M
2025-10-14,15,513.03,PT15M
2025-10-14,16,521.03,PT15M
2025-10-14,17,510.79,PT15M
2025-10-14,18,520.94,PT15M
2025-10-14,19,522.43,PT15M
2025-10-14,20,554.01,PT15M
2025-10-14,21,527.52,PT15M
2025-10-14,22,563.83,PT15M
2025-10-14,23,576.17,PT15M
2025-10-14,24,667.94,PT15M
2025-10-14,25,654.39,PT15M
2025-10-14,26,838.36,PT15M
2025-10-14,27,1232.82,PT15M
2025-10-14,28,1482.13,PT15M
2025-10-14,29,1795.18,PT15M
2025-10-14,30,1800.68,PT15M
2025-10-14,31,1477.37,PT15M
2025-10-14,32,977.35,PT15M
2025-10-14,33,1199.58,PT15M
2025-10-14,34,1161.78,PT15M
2025-10-14,35,860.57,PT15M
2025-10-14,36,728.45,PT15M
2025-10-14,37,1105.93,PT15M
2025-10-14,38,787.72,PT15M
2025-10-14,39,680.69,PT15M
2025-10-14,40,623.66,PT15M
2025-10-14,41,879.97,PT15M
2025-10-14,42,664.12,PT15M
2025-10-14,43,584.55,PT15M
2025-10-14,44,545.96,PT15M
2025-10-14,45,707.55,PT15M
2025-10-14,46,635.80,PT15M
2025-10-14,47,609.07,PT15M
2025-10-14,48,562.13,PT15M
2025-10-14,49,593.32,PT15M
2025-10-14,50,586.58,PT15M
2025-10-14,51,564.09,PT15M
2025-10-14,52,528.34,PT15M
2025-10-14,53,557.79,PT15M
2025-10-14,54,550.58,PT15M
2025-10-14,55,561.56,PT15M
2025-10-14,56,555.21,PT15M
2025-10-14,57,508.29,PT15M
2025-10-14,58,579.43,PT15M
2025-10-14,59,633.04,PT15M
2025-10-14,60,714.02,PT15M
2025-10-14,61,577.00,PT15M
2025-10-14,62,613.68,PT15M
2025-10-14,63,703.59,PT15M
2025-10-14,64,868.91,PT15M
2025-10-14,65,595.88,PT15M
2025-10-14,66,675.36,PT15M
2025-10-14,67,1156.31,PT15M
2025-10-14,68,2408.46,PT15M
2025-10-14,69,679.21,PT15M
2025-10-14,70,1300.27,PT15M
2025-10-14,71,1890.00,PT15M
2025-10-14,72,2241.86,PT15M
2025-10-14,73,1810.81,PT15M
2025-10-14,74,2056.94,PT15M
2025-10-14,75,2700.01,PT15M
2025-10-14,76,2857.77,PT15M
2025-10-14,77,2788.66,PT15M
2025-10-14,78,2645.35,PT15M
2025-10-14,79,2389.01,PT15M
2025-10-14,80,1932.83,PT15M
2025-10-14,81,2068.24,PT15M
2025-10-14,82,1634.30,PT15M
2025-10-14,83,1279.53,PT15M
2025-10-14,84,931.11,PT15M
2025-10-14,85,1572.47,PT15M
2025-10-14,86,1283.21,PT15M
2025-10-14,87,1126.61,PT15M
2025-10-14,88,959.97,PT15M
2025-10-14,89,987.12,PT15M
2025-10-14,90,799.27,PT15M
2025-10-14,91,673.26,PT15M
2025-10-14,92,652.41,PT15M
2025-10-14,93,723.15,PT15M
2025-10-14,94,671.57,PT15M
2025-10-14,95,616.40,PT15M
2025-10-14,96,596.86,PT15M
2025-10-14,1,589.38,PT30M
2025-10-14,2,536.27,PT30M
2025-10-14,3,542.92,PT30M
2025-10-14,4,525.16,PT30M
2025-10-14,5,525.49,PT30M
2025-10-14,6,505.97,PT30M
2025-10-14,7,519.04,PT30M
2025-10-14,8,517.03,PT30M
2025-10-14,9,515.87,PT30M
2025-10-14,10,538.22,PT30M
2025-10-14,11,545.68,PT30M
2025-10-14,12,622.06,PT30M
2025-10-14,13,746.37,PT30M
2025-10-14,14,1357.48,PT30M
2025-10-14,15,1797.93,PT30M
2025-10-14,16,1227.36,PT30M
2025-10-14,17,1180.68,PT30M
2025-10-14,18,794.51,PT30M
2025-10-14,19,946.83,PT30M
2025-10-14,20,652.17,PT30M
2025-10-14,21,772.05,PT30M
2025-10-14,22,565.26,PT30M
2025-10-14,23,671.68,PT30M
2025-10-14,24,585.60,PT30M
2025-10-14,25,589.95,PT30M
2025-10-14,26,546.22,PT30M
2025-10-14,27,554.18,PT30M
2025-10-14,28,558.39,PT30M
2025-10-14,29,543.86,PT30M
2025-10-14,30,673.53,PT30M
2025-10-14,31,595.34,PT30M
2025-10-14,32,786.25,PT30M
2025-10-14,33,635.62,PT30M
2025-10-14,34,1782.38,PT30M
2025-10-14,35,989.74,PT30M
2025-10-14,36,2065.93,PT30M
2025-10-14,37,1933.88,PT30M
2025-10-14,38,2778.89,PT30M
2025-10-14,39,2717.01,PT30M
2025-10-14,40,2160.92,PT30M
2025-10-14,41,1851.27,PT30M
2025-10-14,42,1105.32,PT30M
2025-10-14,43,1427.84,PT30M
2025-10-14,44,1043.29,PT30M
2025-10-14,45,893.19,PT30M
2025-10-14,46,662.83,PT30M
2025-10-14,47,697.36,PT30M
2025-10-14,48,606.63,PT30M
2025-10-14,1,562.82,PT60M
2025-10-14,2,534.04,PT60M
2025-10-14,3,515.73,PT60M
2025-10-14,4,518.04,PT60M
2025-10-14,5,527.04,PT60M
2025-10-14,6,583.87,PT60M
2025-10-14,7,1051.92,PT60M
2025-10-14,8,1512.64,PT60M
2025-10-14,9,987.60,PT60M
2025-10-14,10,799.50,PT60M
2025-10-14,11,668.65,PT60M
2025-10-14,12,628.64,PT60M
2025-10-14,13,568.08,PT60M
2025-10-14,14,556.28,PT60M
2025-10-14,15,608.69,PT60M
2025-10-14,16,690.80,PT60M
2025-10-14,17,1209.00,PT60M
2025-10-14,18,1527.84,PT60M
2025-10-14,19,2356.38,PT60M
2025-10-14,20,2438.96,PT60M
2025-10-14,21,1478.30,PT60M
2025-10-14,22,1235.57,PT60M
2025-10-14,23,778.01,PT60M
2025-10-14,24,651.99,PT60M
2025-10-15,1,657.88,PT15M
2025-10-15,2,592.87,PT15M
2025-10-15,3,612.66,PT15M
2025-10-15,4,607.81,PT15M
2025-10-15,5,622.07,PT15M
2025-10-15,6,595.53,PT15M
2025-10-15,7,578.27,PT15M
2025-10-15,8,571.42,PT15M
2025-10-15,9,575.10,PT15M
2025-10-15,10,574.41,PT15M
2025-10-15,11,560.55,PT15M
2025-10-15,12,552.37,PT15M
2025-10-15,13,554.92,PT15M
2025-10-15,14,549.75,PT15M
2025-10-15,15,543.51,PT15M
2025-10-15,16,544.65,PT15M
2025-10-15,17,544.96,PT15M
2025-10-15,18,555.64,PT15M
2025-10-15,19,569.31,PT15M
2025-10-15,20,593.31,PT15M
2025-10-15,21,574.59,PT15M
2025-10-15,22,609.99,PT15M
2025-10-15,23,639.59,PT15M
2025-10-15,24,906.89,PT15M
2025-10-15,25,602.68,PT15M
2025-10-15,26,719.99,PT15M
2025-10-15,27,1282.76,PT15M
2025-10-15,28,1475.17,PT15M
2025-10-15,29,1672.67,PT15M
2025-10-15,30,1758.19,PT15M
2025-10-15,31,1657.45,PT15M
2025-10-15,32,1541.38,PT15M
2025-10-15,33,1778.79,PT15M
2025-10-15,34,1533.01,PT15M
2025-10-15,35,1253.75,PT15M
2025-10-15,36,1000.63,PT15M
2025-10-15,37,1254.26,PT15M
2025-10-15,38,982.79,PT15M
2025-10-15,39,719.71,PT15M
2025-10-15,40,666.39,PT15M
2025-10-15,41,886.74,PT15M
2025-10-15,42,706.11,PT15M
2025-10-15,43,661.73,PT15M
2025-10-15,44,564.67,PT15M
2025-10-15,45,773.88,PT15M
2025-10-15,46,689.09,PT15M
2025-10-15,47,616.54,PT15M
2025-10-15,48,582.95,PT15M
2025-10-15,49,678.86,PT15M
2025-10-15,50,660.90,PT15M
2025-10-15,51,616.09,PT15M
2025-10-15,52,581.65,PT15M
2025-10-15,53,627.97,PT15M
2025-10-15,54,616.09,PT15M
2025-10-15,55,594.62,PT15M
2025-10-15,56,578.69,PT15M
2025-10-15,57,572.94,PT15M
2025-10-15,58,586.94,PT15M
2025-10-15,59,648.16,PT15M
2025-10-15,60,706.26,PT15M
2025-10-15,61,574.95,PT15M
2025-10-15,62,580.49,PT15M
2025-10-15,63,685.88,PT15M
2025-10-15,64,855.49,PT15M
2025-10-15,65,588.69,PT15M
2025-10-15,66,726.16,PT15M
2025-10-15,67,1200.25,PT15M
2025-10-15,68,2600.00,PT15M
2025-10-15,69,699.97,PT15M
2025-10-15,70,1150.10,PT15M
2025-10-15,71,1742.41,PT15M
2025-10-15,72,1943.88,PT15M
2025-10-15,73,1064.31,PT15M
2025-10-15,74,1411.39,PT15M
2025-10-15,75,2071.02,PT15M
2025-10-15,76,2499.97,PT15M
2025-10-15,77,2097.69,PT15M
2025-10-15,78,1713.83,PT15M
2025-10-15,79,1527.52,PT15M
2025-10-15,80,1001.90,PT15M
2025-10-15,81,1778.35,PT15M
2025-10-15,82,1682.19,PT15M
2025-10-15,83,1151.52,PT15M
2025-10-15,84,980.57,PT15M
2025-10-15,85,1487.54,PT15M
2025-10-15,86,1327.93,PT15M
2025-10-15,87,1166.91,PT15M
2025-10-15,88,784.09,PT15M
2025-10-15,89,738.61,PT15M
2025-10-15,90,657.57,PT15M
2025-10-15,91,616.13,PT15M
2025-10-15,92,616.09,PT15M
2025-10-15,93,574.99,PT15M
2025-10-15,94,561.33,PT15M
2025-10-15,95,536.50,PT15M
2025-10-15,96,527.18,PT15M
2025-10-15,1,625.37,PT30M
2025-10-15,2,610.24,PT30M
2025-10-15,3,608.80,PT30M
2025-10-15,4,574.84,PT30M
2025-10-15,5,574.76,PT30M
2025-10-15,6,556.46,PT30M
2025-10-15,7,552.34,PT30M
2025-10-15,8,544.08,PT30M
2025-10-15,9,550.30,PT30M
2025-10-15,10,581.31,PT30M
2025-10-15,11,592.29,PT30M
2025-10-15,12,773.24,PT30M
2025-10-15,13,661.34,PT30M
2025-10-15,14,1378.96,PT30M
2025-10-15,15,1715.43,PT30M
2025-10-15,16,1599.41,PT30M
2025-10-15,17,1655.90,PT30M
2025-10-15,18,1127.19,PT30M
2025-10-15,19,1118.52,PT30M
2025-10-15,20,693.05,PT30M
2025-10-15,21,796.42,PT30M
2025-10-15,22,613.20,PT30M
2025-10-15,23,731.48,PT30M
2025-10-15,24,599.75,PT30M
2025-10-15,25,669.88,PT30M
2025-10-15,26,598.87,PT30M
2025-10-15,27,622.03,PT30M
2025-10-15,28,586.66,PT30M
2025-10-15,29,579.94,PT30M
2025-10-15,30,677.21,PT30M
2025-10-15,31,577.72,PT30M
2025-10-15,32,770.68,PT30M
2025-10-15,33,657.43,PT30M
2025-10-15,34,1900.13,PT30M
2025-10-15,35,925.03,PT30M
2025-10-15,36,1843.15,PT30M
2025-10-15,37,1237.85,PT30M
2025-10-15,38,2285.50,PT30M
2025-10-15,39,1905.76,PT30M
2025-10-15,40,1264.71,PT30M
2025-10-15,41,1730.27,PT30M
2025-10-15,42,1066.04,PT30M
2025-10-15,43,1407.73,PT30M
2025-10-15,44,975.50,PT30M
2025-10-15,45,698.09,PT30M
2025-10-15,46,616.11,PT30M
2025-10-15,47,568.16,PT30M
2025-10-15,48,531.84,PT30M
2025-10-15,1,617.81,PT60M
2025-10-15,2,591.82,PT60M
2025-10-15,3,565.61,PT60M
2025-10-15,4,548.21,PT60M
2025-10-15,5,565.81,PT60M
2025-10-15,6,682.77,PT60M
2025-10-15,7,1020.15,PT60M
2025-10-15,8,1657.42,PT60M
2025-10-15,9,1391.54,PT60M
2025-10-15,10,905.79,PT60M
2025-10-15,11,704.81,PT60M
2025-10-15,12,665.62,PT60M
2025-10-15,13,634.38,PT60M
2025-10-15,14,604.34,PT60M
2025-10-15,15,628.58,PT60M
2025-10-15,16,674.20,PT60M
2025-10-15,17,1278.78,PT60M
2025-10-15,18,1384.09,PT60M
2025-10-15,19,1761.67,PT60M
2025-10-15,20,1585.23,PT60M
2025-10-15,21,1398.16,PT60M
2025-10-15,22,1191.62,PT60M
2025-10-15,23,657.10,PT60M
2025-10-15,24,550.00,PT60M
2025-10-16,1,589.99,PT15M
2025-10-16,2,590.24,PT15M
2025-10-16,3,538.85,PT15M
2025-10-16,4,499.47,PT15M
2025-10-16,5,548.52,PT15M
2025-10-16,6,529.09,PT15M
2025-10-16,7,520.32,PT15M
2025-10-16,8,509.29,PT15M
2025-10-16,9,491.11,PT15M
2025-10-16,10,487.92,PT15M
2025-10-16,11,488.33,PT15M
2025-10-16,12,482.88,PT15M
2025-10-16,13,492.13,PT15M
2025-10-16,14,490.97,PT15M
2025-10-16,15,492.35,PT15M
2025-10-16,16,486.93,PT15M
2025-10-16,17,490.31,PT15M
2025-10-16,18,502.86,PT15M
2025-10-16,19,500.01,PT15M
2025-10-16,20,512.30,PT15M
2025-10-16,21,501.63,PT15M
2025-10-16,22,585.97,PT15M
2025-10-16,23,615.79,PT15M
2025-10-16,24,613.00,PT15M
2025-10-16,25,583.28,PT15M
2025-10-16,26,673.25,PT15M
2025-10-16,27,917.96,PT15M
2025-10-16,28,1223.59,PT15M
2025-10-16,29,1709.38,PT15M
2025-10-16,30,1742.40,PT15M
2025-10-16,31,1388.26,PT15M
2025-10-16,32,983.72,PT15M
2025-10-16,33,1090.10,PT15M
2025-10-16,34,859.04,PT15M
2025-10-16,35,676.77,PT15M
2025-10-16,36,528.94,PT15M
2025-10-16,37,750.47,PT15M
2025-10-16,38,677.80,PT15M
2025-10-16,39,541.27,PT15M
2025-10-16,40,480.95,PT15M
2025-10-16,41,614.86,PT15M
2025-10-16,42,490.66,PT15M
2025-10-16,43,445.08,PT15M
2025-10-16,44,386.71,PT15M
2025-10-16,45,536.19,PT15M
2025-10-16,46,443.83,PT15M
2025-10-16,47,449.46,PT15M
2025-10-16,48,422.29,PT15M
2025-10-16,49,468.76,PT15M
2025-10-16,50,448.23,PT15M
2025-10-16,51,439.89,PT15M
2025-10-16,52,427.38,PT15M
2025-10-16,53,443.34,PT15M
2025-10-16,54,443.84,PT15M
2025-10-16,55,460.43,PT15M
2025-10-16,56,454.09,PT15M
2025-10-16,57,400.65,PT15M
2025-10-16,58,427.95,PT15M
2025-10-16,59,468.16,PT15M
2025-10-16,60,525.66,PT15M
2025-10-16,61,445.45,PT15M
2025-10-16,62,471.41,PT15M
2025-10-16,63,550.97,PT15M
2025-10-16,64,602.27,PT15M
2025-10-16,65,535.14,PT15M
2025-10-16,66,579.66,PT15M
2025-10-16,67,668.93,PT15M
2025-10-16,68,1125.95,PT15M
2025-10-16,69,866.00,PT15M
2025-10-16,70,800.79,PT15M
2025-10-16,71,981.88,PT15M
2025-10-16,72,1500.98,PT15M
2025-10-16,73,807.69,PT15M
2025-10-16,74,837.28,PT15M
2025-10-16,75,1068.63,PT15M
2025-10-16,76,1285.72,PT15M
2025-10-16,77,1025.14,PT15M
2025-10-16,78,939.18,PT15M
2025-10-16,79,961.61,PT15M
2025-10-16,80,796.47,PT15M
2025-10-16,81,993.67,PT15M
2025-10-16,82,1014.04,PT15M
2025-10-16,83,832.72,PT15M
2025-10-16,84,798.85,PT15M
2025-10-16,85,781.18,PT15M
2025-10-16,86,760.17,PT15M
2025-10-16,87,661.85,PT15M
2025-10-16,88,559.90,PT15M
2025-10-16,89,684.21,PT15M
2025-10-16,90,629.55,PT15M
2025-10-16,91,622.43,PT15M
2025-10-16,92,615.81,PT15M
2025-10-16,93,594.65,PT15M
2025-10-16,94,563.85,PT15M
2025-10-16,95,500.92,PT15M
2025-10-16,96,490.97,PT15M
2025-10-16,1,590.12,PT30M
2025-10-16,2,519.16,PT30M
2025-10-16,3,538.81,PT30M
2025-10-16,4,514.80,PT30M
2025-10-16,5,489.51,PT30M
2025-10-16,6,485.60,PT30M
2025-10-16,7,491.55,PT30M
2025-10-16,8,489.64,PT30M
2025-10-16,9,496.59,PT30M
2025-10-16,10,506.16,PT30M
2025-10-16,11,543.80,PT30M
2025-10-16,12,614.40,PT30M
2025-10-16,13,628.27,PT30M
2025-10-16,14,1070.77,PT30M
2025-10-16,15,1725.89,PT30M
2025-10-16,16,1185.99,PT30M
2025-10-16,17,974.57,PT30M
2025-10-16,18,602.86,PT30M
2025-10-16,19,714.13,PT30M
2025-10-16,20,511.11,PT30M
2025-10-16,21,552.76,PT30M
2025-10-16,22,415.89,PT30M
2025-10-16,23,490.01,PT30M
2025-10-16,24,435.88,PT30M
2025-10-16,25,458.50,PT30M
2025-10-16,26,433.64,PT30M
2025-10-16,27,443.59,PT30M
2025-10-16,28,457.26,PT30M
2025-10-16,29,414.30,PT30M
2025-10-16,30,496.91,PT30M
2025-10-16,31,458.43,PT30M
2025-10-16,32,576.62,PT30M
2025-10-16,33,557.40,PT30M
2025-10-16,34,897.44,PT30M
2025-10-16,35,833.39,PT30M
2025-10-16,36,1241.43,PT30M
2025-10-16,37,822.49,PT30M
2025-10-16,38,1177.17,PT30M
2025-10-16,39,982.16,PT30M
2025-10-16,40,879.04,PT30M
2025-10-16,41,1003.85,PT30M
2025-10-16,42,815.78,PT30M
2025-10-16,43,770.68,PT30M
2025-10-16,44,610.88,PT30M
2025-10-16,45,656.88,PT30M
2025-10-16,46,619.12,PT30M
2025-10-16,47,579.25,PT30M
2025-10-16,48,495.94,PT30M
2025-10-16,1,554.64,PT60M
2025-10-16,2,526.80,PT60M
2025-10-16,3,487.56,PT60M
2025-10-16,4,490.60,PT60M
2025-10-16,5,501.37,PT60M
2025-10-16,6,579.10,PT60M
2025-10-16,7,849.52,PT60M
2025-10-16,8,1455.94,PT60M
2025-10-16,9,788.71,PT60M
2025-10-16,10,612.62,PT60M
2025-10-16,11,484.33,PT60M
2025-10-16,12,462.94,PT60M
2025-10-16,13,446.07,PT60M
2025-10-16,14,450.42,PT60M
2025-10-16,15,455.60,PT60M
2025-10-16,16,517.52,PT60M
2025-10-16,17,727.42,PT60M
2025-10-16,18,1037.41,PT60M
2025-10-16,19,999.83,PT60M
2025-10-16,20,930.60,PT60M
2025-10-16,21,909.82,PT60M
2025-10-16,22,690.78,PT60M
2025-10-16,23,638.00,PT60M
2025-10-16,24,537.60,PT60M
2025-10-17,1,521.48,PT15M
2025-10-17,2,511.94,PT15M
2025-10-17,3,499.06,PT15M
2025-10-17,4,494.70,PT15M
2025-10-17,5,471.13,PT15M
2025-10-17,6,473.44,PT15M
2025-10-17,7,469.05,PT15M
2025-10-17,8,476.54,PT15M
2025-10-17,9,476.85,PT15M
2025-10-17,10,463.34,PT15M
2025-10-17,11,470.54,PT15M
2025-10-17,12,469.62,PT15M
2025-10-17,13,468.04,PT15M
2025-10-17,14,471.38,PT15M
2025-10-17,15,463.88,PT15M
2025-10-17,16,468.96,PT15M
2025-10-17,17,453.46,PT15M
2025-10-17,18,471.46,PT15M
2025-10-17,19,483.61,PT15M
2025-10-17,20,502.47,PT15M
2025-10-17,21,468.10,PT15M
2025-10-17,22,508.09,PT15M
2025-10-17,23,552.91,PT15M
2025-10-17,24,624.04,PT15M
2025-10-17,25,615.88,PT15M
2025-10-17,26,692.38,PT15M
2025-10-17,27,776.00,PT15M
2025-10-17,28,711.75,PT15M
2025-10-17,29,720.70,PT15M
2025-10-17,30,781.41,PT15M
2025-10-17,31,761.64,PT15M
2025-10-17,32,753.41,PT15M
2025-10-17,33,1052.56,PT15M
2025-10-17,34,814.11,PT15M
2025-10-17,35,716.56,PT15M
2025-10-17,36,615.89,PT15M
2025-10-17,37,819.35,PT15M
2025-10-17,38,676.78,PT15M
2025-10-17,39,610.62,PT15M
2025-10-17,40,519.32,PT15M
2025-10-17,41,669.75,PT15M
2025-10-17,42,638.97,PT15M
2025-10-17,43,585.10,PT15M
2025-10-17,44,532.00,PT15M
2025-10-17,45,595.59,PT15M
2025-10-17,46,538.14,PT15M
2025-10-17,47,472.90,PT15M
2025-10-17,48,440.52,PT15M
2025-10-17,49,496.91,PT15M
2025-10-17,50,463.44,PT15M
2025-10-17,51,457.38,PT15M
2025-10-17,52,453.24,PT15M
2025-10-17,53,465.70,PT15M
2025-10-17,54,476.91,PT15M
2025-10-17,55,484.35,PT15M
2025-10-17,56,459.50,PT15M
2025-10-17,57,446.11,PT15M
2025-10-17,58,498.95,PT15M
2025-10-17,59,534.29,PT15M
2025-10-17,60,545.95,PT15M
2025-10-17,61,525.83,PT15M
2025-10-17,62,605.02,PT15M
2025-10-17,63,678.36,PT15M
2025-10-17,64,836.85,PT15M
2025-10-17,65,574.52,PT15M
2025-10-17,66,645.40,PT15M
2025-10-17,67,916.22,PT15M
2025-10-17,68,1168.57,PT15M
2025-10-17,69,707.44,PT15M
2025-10-17,70,811.41,PT15M
2025-10-17,71,846.62,PT15M
2025-10-17,72,1009.10,PT15M
2025-10-17,73,780.06,PT15M
2025-10-17,74,904.99,PT15M
2025-10-17,75,999.26,PT15M
2025-10-17,76,1270.75,PT15M
2025-10-17,77,1009.50,PT15M
2025-10-17,78,959.48,PT15M
2025-10-17,79,824.84,PT15M
2025-10-17,80,803.96,PT15M
2025-10-17,81,830.23,PT15M
2025-10-17,82,836.88,PT15M
2025-10-17,83,781.61,PT15M
2025-10-17,84,853.22,PT15M
2025-10-17,85,838.33,PT15M
2025-10-17,86,785.97,PT15M
2025-10-17,87,748.26,PT15M
2025-10-17,88,680.74,PT15M
2025-10-17,89,785.97,PT15M
2025-10-17,90,694.82,PT15M
2025-10-17,91,670.27,PT15M
2025-10-17,92,631.31,PT15M
2025-10-17,93,622.74,PT15M
2025-10-17,94,564.57,PT15M
2025-10-17,95,521.55,PT15M
2025-10-17,96,495.55,PT15M
2025-10-17,1,516.71,PT30M
2025-10-17,2,496.88,PT30M
2025-10-17,3,472.28,PT30M
2025-10-17,4,472.79,PT30M
2025-10-17,5,470.10,PT30M
2025-10-17,6,470.08,PT30M
2025-10-17,7,469.71,PT30M
2025-10-17,8,466.42,PT30M
2025-10-17,9,462.46,PT30M
2025-10-17,10,493.04,PT30M
2025-10-17,11,488.09,PT30M
2025-10-17,12,588.48,PT30M
2025-10-17,13,654.13,PT30M
2025-10-17,14,743.87,PT30M
2025-10-17,15,751.05,PT30M
2025-10-17,16,757.52,PT30M
2025-10-17,17,933.33,PT30M
2025-10-17,18,666.22,PT30M
2025-10-17,19,748.07,PT30M
2025-10-17,20,564.97,PT30M
2025-10-17,21,654.36,PT30M
2025-10-17,22,558.55,PT30M
2025-10-17,23,566.86,PT30M
2025-10-17,24,456.71,PT30M
2025-10-17,25,480.17,PT30M
2025-10-17,26,455.31,PT30M
2025-10-17,27,471.30,PT30M
2025-10-17,28,471.92,PT30M
2025-10-17,29,472.53,PT30M
2025-10-17,30,540.12,PT30M
2025-10-17,31,565.43,PT30M
2025-10-17,32,757.61,PT30M
2025-10-17,33,609.96,PT30M
2025-10-17,34,1042.39,PT30M
2025-10-17,35,759.42,PT30M
2025-10-17,36,927.86,PT30M
2025-10-17,37,842.52,PT30M
2025-10-17,38,1135.01,PT30M
2025-10-17,39,984.49,PT30M
2025-10-17,40,814.40,PT30M
2025-10-17,41,833.56,PT30M
2025-10-17,42,817.41,PT30M
2025-10-17,43,812.15,PT30M
2025-10-17,44,714.50,PT30M
2025-10-17,45,740.40,PT30M
2025-10-17,46,650.79,PT30M
2025-10-17,47,593.66,PT30M
2025-10-17,48,508.55,PT30M
2025-10-17,1,506.79,PT60M
2025-10-17,2,472.54,PT60M
2025-10-17,3,470.09,PT60M
2025-10-17,4,468.07,PT60M
2025-10-17,5,477.75,PT60M
2025-10-17,6,538.28,PT60M
2025-10-17,7,699.00,PT60M
2025-10-17,8,754.29,PT60M
2025-10-17,9,799.78,PT60M
2025-10-17,10,656.52,PT60M
2025-10-17,11,606.46,PT60M
2025-10-17,12,511.79,PT60M
2025-10-17,13,467.74,PT60M
2025-10-17,14,471.61,PT60M
2025-10-17,15,506.32,PT60M
2025-10-17,16,661.52,PT60M
2025-10-17,17,826.18,PT60M
2025-10-17,18,843.64,PT60M
2025-10-17,19,988.76,PT60M
2025-10-17,20,899.44,PT60M
2025-10-17,21,825.48,PT60M
2025-10-17,22,763.32,PT60M
2025-10-17,23,695.59,PT60M
2025-10-17,24,551.10,PT60M
2025-10-18,1,544.08,PT15M
2025-10-18,2,581.73,PT15M
2025-10-18,3,555.63,PT15M
2025-10-18,4,518.57,PT15M
2025-10-18,5,554.61,PT15M
2025-10-18,6,523.67,PT15M
2025-10-18,7,487.56,PT15M
2025-10-18,8,475.24,PT15M
2025-10-18,9,522.92,PT15M
2025-10-18,10,494.13,PT15M
2025-10-18,11,470.53,PT15M
2025-10-18,12,461.86,PT15M
2025-10-18,13,464.75,PT15M
2025-10-18,14,466.29,PT15M
2025-10-18,15,476.57,PT15M
2025-10-18,16,470.53,PT15M
2025-10-18,17,449.72,PT15M
2025-10-18,18,454.21,PT15M
2025-10-18,19,473.27,PT15M
2025-10-18,20,488.52,PT15M
2025-10-18,21,451.44,PT15M
2025-10-18,22,484.96,PT15M
2025-10-18,23,541.20,PT15M
2025-10-18,24,615.89,PT15M
2025-10-18,25,615.85,PT15M
2025-10-18,26,734.35,PT15M
2025-10-18,27,815.96,PT15M
2025-10-18,28,811.30,PT15M
2025-10-18,29,807.75,PT15M
2025-10-18,30,893.01,PT15M
2025-10-18,31,861.84,PT15M
2025-10-18,32,813.18,PT15M
2025-10-18,33,893.01,PT15M
2025-10-18,34,807.10,PT15M
2025-10-18,35,667.84,PT15M
2025-10-18,36,533.20,PT15M
2025-10-18,37,663.14,PT15M
2025-10-18,38,615.52,PT15M
2025-10-18,39,472.58,PT15M
2025-10-18,40,448.77,PT15M
2025-10-18,41,615.54,PT15M
2025-10-18,42,470.77,PT15M
2025-10-18,43,440.67,PT15M
2025-10-18,44,419.43,PT15M
2025-10-18,45,471.36,PT15M
2025-10-18,46,461.60,PT15M
2025-10-18,47,445.40,PT15M
2025-10-18,48,404.94,PT15M
2025-10-18,49,425.18,PT15M
2025-10-18,50,430.10,PT15M
2025-10-18,51,398.52,PT15M
2025-10-18,52,380.00,PT15M
2025-10-18,53,411.79,PT15M
2025-10-18,54,411.93,PT15M
2025-10-18,55,372.43,PT15M
2025-10-18,56,389.83,PT15M
2025-10-18,57,389.47,PT15M
2025-10-18,58,411.54,PT15M
2025-10-18,59,418.12,PT15M
2025-10-18,60,454.21,PT15M
2025-10-18,61,397.99,PT15M
2025-10-18,62,447.62,PT15M
2025-10-18,63,481.27,PT15M
2025-10-18,64,528.95,PT15M
2025-10-18,65,504.87,PT15M
2025-10-18,66,531.70,PT15M
2025-10-18,67,816.69,PT15M
2025-10-18,68,1068.59,PT15M
2025-10-18,69,716.30,PT15M
2025-10-18,70,842.13,PT15M
2025-10-18,71,867.57,PT15M
2025-10-18,72,915.81,PT15M
2025-10-18,73,890.62,PT15M
2025-10-18,74,903.50,PT15M
2025-10-18,75,976.62,PT15M
2025-10-18,76,1011.93,PT15M
2025-10-18,77,965.12,PT15M
2025-10-18,78,933.57,PT15M
2025-10-18,79,950.41,PT15M
2025-10-18,80,929.70,PT15M
2025-10-18,81,803.08,PT15M
2025-10-18,82,921.20,PT15M
2025-10-18,83,924.42,PT15M
2025-10-18,84,704.28,PT15M
2025-10-18,85,804.62,PT15M
2025-10-18,86,655.54,PT15M
2025-10-18,87,554.13,PT15M
2025-10-18,88,508.90,PT15M
2025-10-18,89,610.20,PT15M
2025-10-18,90,573.86,PT15M
2025-10-18,91,528.97,PT15M
2025-10-18,92,494.31,PT15M
2025-10-18,93,551.75,PT15M
2025-10-18,94,490.28,PT15M
2025-10-18,95,454.44,PT15M
2025-10-18,96,437.03,PT15M
2025-10-18,1,562.90,PT30M
2025-10-18,2,537.10,PT30M
2025-10-18,3,539.14,PT30M
2025-10-18,4,481.40,PT30M
2025-10-18,5,508.52,PT30M
2025-10-18,6,466.20,PT30M
2025-10-18,7,465.52,PT30M
2025-10-18,8,473.55,PT30M
2025-10-18,9,451.97,PT30M
2025-10-18,10,480.89,PT30M
2025-10-18,11,468.20,PT30M
2025-10-18,12,578.54,PT30M
2025-10-18,13,675.10,PT30M
2025-10-18,14,813.63,PT30M
2025-10-18,15,850.38,PT30M
2025-10-18,16,837.51,PT30M
2025-10-18,17,850.06,PT30M
2025-10-18,18,600.52,PT30M
2025-10-18,19,639.33,PT30M
2025-10-18,20,460.67,PT30M
2025-10-18,21,543.15,PT30M
2025-10-18,22,430.05,PT30M
2025-10-18,23,466.48,PT30M
2025-10-18,24,425.17,PT30M
2025-10-18,25,427.64,PT30M
2025-10-18,26,389.26,PT30M
2025-10-18,27,411.86,PT30M
2025-10-18,28,381.13,PT30M
2025-10-18,29,400.50,PT30M
2025-10-18,30,436.17,PT30M
2025-10-18,31,422.80,PT30M
2025-10-18,32,505.11,PT30M
2025-10-18,33,518.28,PT30M
2025-10-18,34,942.64,PT30M
2025-10-18,35,779.22,PT30M
2025-10-18,36,891.69,PT30M
2025-10-18,37,897.06,PT30M
2025-10-18,38,994.27,PT30M
2025-10-18,39,949.34,PT30M
2025-10-18,40,940.06,PT30M
2025-10-18,41,862.14,PT30M
2025-10-18,42,814.35,PT30M
2025-10-18,43,730.08,PT30M
2025-10-18,44,531.52,PT30M
2025-10-18,45,592.03,PT30M
2025-10-18,46,511.64,PT30M
2025-10-18,47,521.01,PT30M
2025-10-18,48,445.74,PT30M
2025-10-18,1,550.00,PT60M
2025-10-18,2,510.27,PT60M
2025-10-18,3,487.36,PT60M
2025-10-18,4,469.54,PT60M
2025-10-18,5,466.43,PT60M
2025-10-18,6,523.37,PT60M
2025-10-18,7,744.37,PT60M
2025-10-18,8,843.95,PT60M
2025-10-18,9,725.29,PT60M
2025-10-18,10,550.00,PT60M
2025-10-18,11,486.60,PT60M
2025-10-18,12,445.82,PT60M
2025-10-18,13,408.45,PT60M
2025-10-18,14,396.50,PT60M
2025-10-18,15,418.34,PT60M
2025-10-18,16,463.96,PT60M
2025-10-18,17,730.46,PT60M
2025-10-18,18,835.45,PT60M
2025-10-18,19,945.66,PT60M
2025-10-18,20,944.70,PT60M
2025-10-18,21,838.24,PT60M
2025-10-18,22,630.80,PT60M
2025-10-18,23,551.84,PT60M
2025-10-18,24,483.38,PT60M
2025-10-19,1,528.03,PT15M
2025-10-19,2,468.18,PT15M
2025-10-19,3,447.99,PT15M
2025-10-19,4,448.06,PT15M
2025-10-19,5,494.08,PT15M
2025-10-19,6,460.86,PT15M
2025-10-19,7,449.24,PT15M
2025-10-19,8,431.39,PT15M
2025-10-19,9,459.86,PT15M
2025-10-19,10,449.84,PT15M
2025-10-19,11,443.13,PT15M
2025-10-19,12,431.54,PT15M
2025-10-19,13,452.64,PT15M
2025-10-19,14,443.96,PT15M
2025-10-19,15,442.46,PT15M
2025-10-19,16,446.30,PT15M
2025-10-19,17,449.58,PT15M
2025-10-19,18,451.20,PT15M
2025-10-19,19,460.00,PT15M
2025-10-19,20,449.97,PT15M
2025-10-19,21,447.15,PT15M
2025-10-19,22,449.37,PT15M
2025-10-19,23,473.65,PT15M
2025-10-19,24,473.06,PT15M
2025-10-19,25,465.74,PT15M
2025-10-19,26,480.10,PT15M
2025-10-19,27,510.54,PT15M
2025-10-19,28,550.75,PT15M
2025-10-19,29,529.01,PT15M
2025-10-19,30,560.52,PT15M
2025-10-19,31,553.45,PT15M
2025-10-19,32,510.97,PT15M
2025-10-19,33,592.39,PT15M
2025-10-19,34,552.28,PT15M
2025-10-19,35,447.82,PT15M
2025-10-19,36,386.39,PT15M
2025-10-19,37,524.85,PT15M
2025-10-19,38,443.51,PT15M
2025-10-19,39,398.10,PT15M
2025-10-19,40,327.32,PT15M
2025-10-19,41,441.20,PT15M
2025-10-19,42,386.23,PT15M
2025-10-19,43,367.20,PT15M
2025-10-19,44,326.27,PT15M
2025-10-19,45,405.56,PT15M
2025-10-19,46,363.18,PT15M
2025-10-19,47,320.50,PT15M
2025-10-19,48,218.71,PT15M
2025-10-19,49,288.10,PT15M
2025-10-19,50,205.34,PT15M
2025-10-19,51,142.49,PT15M
2025-10-19,52,80.71,PT15M
2025-10-19,53,122.54,PT15M
2025-10-19,54,112.87,PT15M
2025-10-19,55,107.57,PT15M
2025-10-19,56,84.39,PT15M
2025-10-19,57,61.53,PT15M
2025-10-19,58,120.30,PT15M
2025-10-19,59,242.05,PT15M
2025-10-19,60,353.26,PT15M
2025-10-19,61,217.82,PT15M
2025-10-19,62,380.35,PT15M
2025-10-19,63,407.93,PT15M
2025-10-19,64,474.63,PT15M
2025-10-19,65,321.10,PT15M
2025-10-19,66,437.89,PT15M
2025-10-19,67,550.11,PT15M
2025-10-19,68,890.89,PT15M
2025-10-19,69,521.61,PT15M
2025-10-19,70,663.59,PT15M
2025-10-19,71,867.35,PT15M
2025-10-19,72,971.62,PT15M
2025-10-19,73,824.22,PT15M
2025-10-19,74,863.79,PT15M
2025-10-19,75,952.03,PT15M
2025-10-19,76,1039.05,PT15M
2025-10-19,77,1036.90,PT15M
2025-10-19,78,1050.29,PT15M
2025-10-19,79,995.54,PT15M
2025-10-19,80,996.00,PT15M
2025-10-19,81,900.53,PT15M
2025-10-19,82,960.28,PT15M
2025-10-19,83,934.65,PT15M
2025-10-19,84,916.27,PT15M
2025-10-19,85,834.46,PT15M
2025-10-19,86,776.36,PT15M
2025-10-19,87,667.20,PT15M
2025-10-19,88,535.13,PT15M
2025-10-19,89,816.46,PT15M
2025-10-19,90,707.50,PT15M
2025-10-19,91,572.82,PT15M
2025-10-19,92,537.13,PT15M
2025-10-19,93,623.87,PT15M
2025-10-19,94,532.89,PT15M
2025-10-19,95,468.14,PT15M
2025-10-19,96,439.91,PT15M
2025-10-19,1,498.10,PT30M
2025-10-19,2,448.02,PT30M
2025-10-19,3,477.47,PT30M
2025-10-19,4,440.31,PT30M
2025-10-19,5,454.85,PT30M
2025-10-19,6,437.34,PT30M
2025-10-19,7,448.30,PT30M
2025-10-19,8,444.38,PT30M
2025-10-19,9,450.39,PT30M
2025-10-19,10,454.99,PT30M
2025-10-19,11,448.26,PT30M
2025-10-19,12,473.36,PT30M
2025-10-19,13,472.92,PT30M
2025-10-19,14,530.65,PT30M
2025-10-19,15,544.76,PT30M
2025-10-19,16,532.21,PT30M
2025-10-19,17,572.33,PT30M
2025-10-19,18,417.11,PT30M
2025-10-19,19,484.18,PT30M
2025-10-19,20,362.71,PT30M
2025-10-19,21,413.71,PT30M
2025-10-19,22,346.73,PT30M
2025-10-19,23,384.37,PT30M
2025-10-19,24,269.61,PT30M
2025-10-19,25,246.72,PT30M
2025-10-19,26,111.60,PT30M
2025-10-19,27,117.70,PT30M
2025-10-19,28,95.98,PT30M
2025-10-19,29,90.92,PT30M
2025-10-19,30,297.65,PT30M
2025-10-19,31,299.09,PT30M
2025-10-19,32,441.28,PT30M
2025-10-19,33,379.50,PT30M
2025-10-19,34,720.50,PT30M
2025-10-19,35,592.60,PT30M
2025-10-19,36,919.49,PT30M
2025-10-19,37,844.00,PT30M
2025-10-19,38,995.54,PT30M
2025-10-19,39,1043.60,PT30M
2025-10-19,40,995.77,PT30M
2025-10-19,41,930.40,PT30M
2025-10-19,42,925.46,PT30M
2025-10-19,43,805.41,PT30M
2025-10-19,44,601.16,PT30M
2025-10-19,45,761.98,PT30M
2025-10-19,46,554.98,PT30M
2025-10-19,47,578.38,PT30M
2025-10-19,48,454.02,PT30M
2025-10-19,1,473.06,PT60M
2025-10-19,2,458.89,PT60M
2025-10-19,3,446.09,PT60M
2025-10-19,4,446.34,PT60M
2025-10-19,5,452.69,PT60M
2025-10-19,6,460.81,PT60M
2025-10-19,7,501.78,PT60M
2025-10-19,8,538.49,PT60M
2025-10-19,9,494.72,PT60M
2025-10-19,10,423.44,PT60M
2025-10-19,11,380.22,PT60M
2025-10-19,12,326.99,PT60M
2025-10-19,13,179.16,PT60M
2025-10-19,14,106.84,PT60M
2025-10-19,15,194.28,PT60M
2025-10-19,16,370.18,PT60M
2025-10-19,17,550.00,PT60M
2025-10-19,18,756.05,PT60M
2025-10-19,19,919.77,PT60M
2025-10-19,20,1019.68,PT60M
2025-10-19,21,927.93,PT60M
2025-10-19,22,703.29,PT60M
2025-10-19,23,658.48,PT60M
2025-10-19,24,516.20,PT60M
2025-10-20,1,485.60,PT15M
2025-10-20,2,454.40,PT15M
2025-10-20,3,444.39,PT15M
2025-10-20,4,430.50,PT15M
2025-10-20,5,432.22,PT15M
2025-10-20,6,411.54,PT15M
2025-10-20,7,411.51,PT15M
2025-10-20,8,407.11,PT15M
2025-10-20,9,413.11,PT15M
2025-10-20,10,407.17,PT15M
2025-10-20,11,403.22,PT15M
2025-10-20,12,405.23,PT15M
2025-10-20,13,407.87,PT15M
2025-10-20,14,411.03,PT15M
2025-10-20,15,400.82,PT15M
2025-10-20,16,408.29,PT15M
2025-10-20,17,420.66,PT15M
2025-10-20,18,433.63,PT15M
2025-10-20,19,446.29,PT15M
2025-10-20,20,484.49,PT15M
2025-10-20,21,457.62,PT15M
2025-10-20,22,550.44,PT15M
2025-10-20,23,634.61,PT15M
2025-10-20,24,880.79,PT15M
2025-10-20,25,964.55,PT15M
2025-10-20,26,1095.54,PT15M
2025-10-20,27,1253.85,PT15M
2025-10-20,28,1375.43,PT15M
2025-10-20,29,1627.33,PT15M
2025-10-20,30,1585.50,PT15M
2025-10-20,31,1498.02,PT15M
2025-10-20,32,1253.55,PT15M
2025-10-20,33,1088.72,PT15M
2025-10-20,34,738.11,PT15M
2025-10-20,35,639.32,PT15M
2025-10-20,36,506.71,PT15M
2025-10-20,37,691.51,PT15M
2025-10-20,38,616.55,PT15M
2025-10-20,39,517.39,PT15M
2025-10-20,40,419.51,PT15M
2025-10-20,41,524.20,PT15M
2025-10-20,42,433.73,PT15M
2025-10-20,43,430.02,PT15M
2025-10-20,44,397.99,PT15M
2025-10-20,45,440.12,PT15M
2025-10-20,46,406.91,PT15M
2025-10-20,47,401.63,PT15M
2025-10-20,48,398.80,PT15M
2025-10-20,49,400.73,PT15M
2025-10-20,50,400.57,PT15M
2025-10-20,51,399.72,PT15M
2025-10-20,52,393.15,PT15M
2025-10-20,53,426.02,PT15M
2025-10-20,54,425.68,PT15M
2025-10-20,55,426.51,PT15M
2025-10-20,56,421.95,PT15M
2025-10-20,57,402.23,PT15M
2025-10-20,58,424.32,PT15M
2025-10-20,59,445.09,PT15M
2025-10-20,60,512.22,PT15M
2025-10-20,61,415.67,PT15M
2025-10-20,62,474.70,PT15M
2025-10-20,63,614.53,PT15M
2025-10-20,64,674.79,PT15M
2025-10-20,65,479.53,PT15M
2025-10-20,66,780.66,PT15M
2025-10-20,67,1116.86,PT15M
2025-10-20,68,1354.67,PT15M
2025-10-20,69,1171.21,PT15M
2025-10-20,70,1366.99,PT15M
2025-10-20,71,1489.94,PT15M
2025-10-20,72,1594.30,PT15M
2025-10-20,73,1650.18,PT15M
2025-10-20,74,1741.32,PT15M
2025-10-20,75,1923.20,PT15M
2025-10-20,76,2027.62,PT15M
2025-10-20,77,1797.70,PT15M
2025-10-20,78,1753.84,PT15M
2025-10-20,79,1700.35,PT15M
2025-10-20,80,1589.37,PT15M
2025-10-20,81,1614.86,PT15M
2025-10-20,82,1645.85,PT15M
2025-10-20,83,1365.66,PT15M
2025-10-20,84,1228.71,PT15M
2025-10-20,85,1230.75,PT15M
2025-10-20,86,1166.22,PT15M
2025-10-20,87,1069.89,PT15M
2025-10-20,88,1033.91,PT15M
2025-10-20,89,952.55,PT15M
2025-10-20,90,868.99,PT15M
2025-10-20,91,735.16,PT15M
2025-10-20,92,658.05,PT15M
2025-10-20,93,781.50,PT15M
2025-10-20,94,658.87,PT15M
2025-10-20,95,615.92,PT15M
2025-10-20,96,539.70,PT15M
2025-10-20,1,470.00,PT30M
2025-10-20,2,437.45,PT30M
2025-10-20,3,421.88,PT30M
2025-10-20,4,409.31,PT30M
2025-10-20,5,410.14,PT30M
2025-10-20,6,404.22,PT30M
2025-10-20,7,409.45,PT30M
2025-10-20,8,404.55,PT30M
2025-10-20,9,427.15,PT30M
2025-10-20,10,465.39,PT30M
2025-10-20,11,504.03,PT30M
2025-10-20,12,757.70,PT30M
2025-10-20,13,1030.04,PT30M
2025-10-20,14,1314.64,PT30M
2025-10-20,15,1606.41,PT30M
2025-10-20,16,1375.78,PT30M
2025-10-20,17,913.42,PT30M
2025-10-20,18,573.01,PT30M
2025-10-20,19,654.03,PT30M
2025-10-20,20,468.45,PT30M
2025-10-20,21,478.96,PT30M
2025-10-20,22,414.01,PT30M
2025-10-20,23,423.52,PT30M
2025-10-20,24,400.22,PT30M
2025-10-20,25,400.65,PT30M
2025-10-20,26,396.44,PT30M
2025-10-20,27,425.85,PT30M
2025-10-20,28,424.23,PT30M
2025-10-20,29,413.28,PT30M
2025-10-20,30,478.65,PT30M
2025-10-20,31,445.18,PT30M
2025-10-20,32,644.66,PT30M
2025-10-20,33,630.09,PT30M
2025-10-20,34,1235.76,PT30M
2025-10-20,35,1269.10,PT30M
2025-10-20,36,1542.12,PT30M
2025-10-20,37,1695.75,PT30M
2025-10-20,38,1975.41,PT30M
2025-10-20,39,1775.77,PT30M
2025-10-20,40,1644.86,PT30M
2025-10-20,41,1630.36,PT30M
2025-10-20,42,1297.19,PT30M
2025-10-20,43,1198.49,PT30M
2025-10-20,44,1051.90,PT30M
2025-10-20,45,910.77,PT30M
2025-10-20,46,696.60,PT30M
2025-10-20,47,720.19,PT30M
2025-10-20,48,577.81,PT30M
2025-10-20,1,453.72,PT60M
2025-10-20,2,415.59,PT60M
2025-10-20,3,407.18,PT60M
2025-10-20,4,407.00,PT60M
2025-10-20,5,446.27,PT60M
2025-10-20,6,630.86,PT60M
2025-10-20,7,1172.34,PT60M
2025-10-20,8,1491.10,PT60M
2025-10-20,9,743.22,PT60M
2025-10-20,10,561.24,PT60M
2025-10-20,11,446.48,PT60M
2025-10-20,12,411.87,PT60M
2025-10-20,13,398.54,PT60M
2025-10-20,14,425.04,PT60M
2025-10-20,15,445.96,PT60M
2025-10-20,16,544.92,PT60M
2025-10-20,17,932.93,PT60M
2025-10-20,18,1405.61,PT60M
2025-10-20,19,1835.58,PT60M
2025-10-20,20,1710.32,PT60M
2025-10-20,21,1463.77,PT60M
2025-10-20,22,1125.19,PT60M
2025-10-20,23,803.69,PT60M
2025-10-20,24,649.00,PT60M
2025-10-21,1,665.90,PT15M
2025-10-21,2,615.94,PT15M
2025-10-21,3,610.76,PT15M
2025-10-21,4,530.05,PT15M
2025-10-21,5,500.28,PT15M
2025-10-21,6,455.86,PT15M
2025-10-21,7,452.40,PT15M
2025-10-21,8,446.98,PT15M
2025-10-21,9,450.81,PT15M
2025-10-21,10,447.85,PT15M
2025-10-21,11,448.11,PT15M
2025-10-21,12,445.84,PT15M
2025-10-21,13,441.86,PT15M
2025-10-21,14,440.95,PT15M
2025-10-21,15,435.94,PT15M
2025-10-21,16,437.41,PT15M
2025-10-21,17,439.91,PT15M
2025-10-21,18,444.84,PT15M
2025-10-21,19,450.01,PT15M
2025-10-21,20,508.89,PT15M
2025-10-21,21,509.90,PT15M
2025-10-21,22,599.58,PT15M
2025-10-21,23,658.87,PT15M
2025-10-21,24,863.54,PT15M
2025-10-21,25,924.90,PT15M
2025-10-21,26,1171.50,PT15M
2025-10-21,27,1366.22,PT15M
2025-10-21,28,1461.38,PT15M
2025-10-21,29,1427.24,PT15M
2025-10-21,30,1631.40,PT15M
2025-10-21,31,1338.11,PT15M
2025-10-21,32,1096.13,PT15M
2025-10-21,33,1370.85,PT15M
2025-10-21,34,1229.21,PT15M
2025-10-21,35,1091.72,PT15M
2025-10-21,36,916.41,PT15M
2025-10-21,37,888.73,PT15M
2025-10-21,38,839.78,PT15M
2025-10-21,39,730.56,PT15M
2025-10-21,40,688.65,PT15M
2025-10-21,41,768.01,PT15M
2025-10-21,42,648.03,PT15M
2025-10-21,43,615.92,PT15M
2025-10-21,44,585.22,PT15M
2025-10-21,45,585.22,PT15M
2025-10-21,46,585.22,PT15M
2025-10-21,47,585.22,PT15M
2025-10-21,48,549.84,PT15M
2025-10-21,49,585.22,PT15M
2025-10-21,50,516.19,PT15M
2025-10-21,51,510.76,PT15M
2025-10-21,52,493.62,PT15M
2025-10-21,53,508.82,PT15M
2025-10-21,54,501.57,PT15M
2025-10-21,55,447.72,PT15M
2025-10-21,56,447.21,PT15M
2025-10-21,57,454.24,PT15M
2025-10-21,58,520.26,PT15M
2025-10-21,59,538.91,PT15M
2025-10-21,60,585.22,PT15M
2025-10-21,61,522.49,PT15M
2025-10-21,62,626.44,PT15M
2025-10-21,63,772.79,PT15M
2025-10-21,64,803.79,PT15M
2025-10-21,65,656.32,PT15M
2025-10-21,66,778.70,PT15M
2025-10-21,67,1087.20,PT15M
2025-10-21,68,1260.29,PT15M
2025-10-21,69,982.73,PT15M
2025-10-21,70,1073.49,PT15M
2025-10-21,71,1177.08,PT15M
2025-10-21,72,1387.59,PT15M
2025-10-21,73,1310.02,PT15M
2025-10-21,74,1465.68,PT15M
2025-10-21,75,1091.89,PT15M
2025-10-21,76,1150.63,PT15M
2025-10-21,77,1192.07,PT15M
2025-10-21,78,1072.55,PT15M
2025-10-21,79,1064.79,PT15M
2025-10-21,80,1046.24,PT15M
2025-10-21,81,886.19,PT15M
2025-10-21,82,908.53,PT15M
2025-10-21,83,904.85,PT15M
2025-10-21,84,800.99,PT15M
2025-10-21,85,852.00,PT15M
2025-10-21,86,854.86,PT15M
2025-10-21,87,678.41,PT15M
2025-10-21,88,615.20,PT15M
2025-10-21,89,766.70,PT15M
2025-10-21,90,704.78,PT15M
2025-10-21,91,599.76,PT15M
2025-10-21,92,529.32,PT15M
2025-10-21,93,615.92,PT15M
2025-10-21,94,505.49,PT15M
2025-10-21,95,458.62,PT15M
2025-10-21,96,446.00,PT15M
2025-10-21,1,640.92,PT30M
2025-10-21,2,570.41,PT30M
2025-10-21,3,478.07,PT30M
2025-10-21,4,449.69,PT30M
2025-10-21,5,449.33,PT30M
2025-10-21,6,446.98,PT30M
2025-10-21,7,441.41,PT30M
2025-10-21,8,436.67,PT30M
2025-10-21,9,442.37,PT30M
2025-10-21,10,479.45,PT30M
2025-10-21,11,554.74,PT30M
2025-10-21,12,761.20,PT30M
2025-10-21,13,1048.20,PT30M
2025-10-21,14,1413.80,PT30M
2025-10-21,15,1529.32,PT30M
2025-10-21,16,1217.12,PT30M
2025-10-21,17,1300.03,PT30M
2025-10-21,18,1004.06,PT30M
2025-10-21,19,864.25,PT30M
2025-10-21,20,709.61,PT30M
2025-10-21,21,708.02,PT30M
2025-10-21,22,600.57,PT30M
2025-10-21,23,585.22,PT30M
2025-10-21,24,567.53,PT30M
2025-10-21,25,550.71,PT30M
2025-10-21,26,502.19,PT30M
2025-10-21,27,505.20,PT30M
2025-10-21,28,447.47,PT30M
2025-10-21,29,487.25,PT30M
2025-10-21,30,562.07,PT30M
2025-10-21,31,574.47,PT30M
2025-10-21,32,788.29,PT30M
2025-10-21,33,717.51,PT30M
2025-10-21,34,1173.75,PT30M
2025-10-21,35,1028.11,PT30M
2025-10-21,36,1282.34,PT30M
2025-10-21,37,1387.85,PT30M
2025-10-21,38,1121.26,PT30M
2025-10-21,39,1132.31,PT30M
2025-10-21,40,1055.52,PT30M
2025-10-21,41,897.36,PT30M
2025-10-21,42,852.92,PT30M
2025-10-21,43,853.43,PT30M
2025-10-21,44,646.80,PT30M
2025-10-21,45,735.74,PT30M
2025-10-21,46,564.54,PT30M
2025-10-21,47,560.71,PT30M
2025-10-21,48,452.31,PT30M
2025-10-21,1,605.66,PT60M
2025-10-21,2,463.88,PT60M
2025-10-21,3,448.15,PT60M
2025-10-21,4,439.04,PT60M
2025-10-21,5,460.91,PT60M
2025-10-21,6,657.97,PT60M
2025-10-21,7,1231.00,PT60M
2025-10-21,8,1373.22,PT60M
2025-10-21,9,1152.04,PT60M
2025-10-21,10,786.93,PT60M
2025-10-21,11,654.29,PT60M
2025-10-21,12,576.38,PT60M
2025-10-21,13,526.45,PT60M
2025-10-21,14,476.33,PT60M
2025-10-21,15,524.66,PT60M
2025-10-21,16,681.38,PT60M
2025-10-21,17,945.63,PT60M
2025-10-21,18,1155.22,PT60M
2025-10-21,19,1254.56,PT60M
2025-10-21,20,1093.91,PT60M
2025-10-21,21,875.14,PT60M
2025-10-21,22,750.12,PT60M
2025-10-21,23,650.14,PT60M
2025-10-21,24,506.51,PT60M
2025-10-22,1,538.15,PT15M
2025-10-22,2,510.15,PT15M
2025-10-22,3,458.65,PT15M
2025-10-22,4,454.44,PT15M
2025-10-22,5,514.05,PT15M
2025-10-22,6,498.72,PT15M
2025-10-22,7,482.49,PT15M
2025-10-22,8,459.32,PT15M
2025-10-22,9,504.42,PT15M
2025-10-22,10,498.72,PT15M
2025-10-22,11,489.84,PT15M
2025-10-22,12,478.73,PT15M
2025-10-22,13,483.47,PT15M
2025-10-22,14,493.17,PT15M
2025-10-22,15,495.68,PT15M
2025-10-22,16,478.21,PT15M
2025-10-22,17,462.08,PT15M
2025-10-22,18,476.45,PT15M
2025-10-22,19,500.50,PT15M
2025-10-22,20,503.67,PT15M
2025-10-22,21,454.20,PT15M
2025-10-22,22,525.23,PT15M
2025-10-22,23,536.35,PT15M
2025-10-22,24,688.22,PT15M
2025-10-22,25,529.03,PT15M
2025-10-22,26,788.22,PT15M
2025-10-22,27,1007.55,PT15M
2025-10-22,28,971.95,PT15M
2025-10-22,29,933.27,PT15M
2025-10-22,30,1046.23,PT15M
2025-10-22,31,923.29,PT15M
2025-10-22,32,800.29,PT15M
2025-10-22,33,862.10,PT15M
2025-10-22,34,781.52,PT15M
2025-10-22,35,721.77,PT15M
2025-10-22,36,571.73,PT15M
2025-10-22,37,753.20,PT15M
2025-10-22,38,712.39,PT15M
2025-10-22,39,588.51,PT15M
2025-10-22,40,533.69,PT15M
2025-10-22,41,664.29,PT15M
2025-10-22,42,560.97,PT15M
2025-10-22,43,512.09,PT15M
2025-10-22,44,473.91,PT15M
2025-10-22,45,524.47,PT15M
2025-10-22,46,508.81,PT15M
2025-10-22,47,485.50,PT15M
2025-10-22,48,438.93,PT15M
2025-10-22,49,511.49,PT15M
2025-10-22,50,449.36,PT15M
2025-10-22,51,460.12,PT15M
2025-10-22,52,478.98,PT15M
2025-10-22,53,498.72,PT15M
2025-10-22,54,483.61,PT15M
2025-10-22,55,449.74,PT15M
2025-10-22,56,442.25,PT15M
2025-10-22,57,425.21,PT15M
2025-10-22,58,513.99,PT15M
2025-10-22,59,564.88,PT15M
2025-10-22,60,601.90,PT15M
2025-10-22,61,500.04,PT15M
2025-10-22,62,561.84,PT15M
2025-10-22,63,656.82,PT15M
2025-10-22,64,719.40,PT15M
2025-10-22,65,507.98,PT15M
2025-10-22,66,685.27,PT15M
2025-10-22,67,806.02,PT15M
2025-10-22,68,1202.17,PT15M
2025-10-22,69,730.81,PT15M
2025-10-22,70,837.12,PT15M
2025-10-22,71,1126.69,PT15M
2025-10-22,72,1390.00,PT15M
2025-10-22,73,1107.68,PT15M
2025-10-22,74,1349.45,PT15M
2025-10-22,75,1639.07,PT15M
2025-10-22,76,1674.61,PT15M
2025-10-22,77,1601.36,PT15M
2025-10-22,78,1478.20,PT15M
2025-10-22,79,1267.36,PT15M
2025-10-22,80,1147.10,PT15M
2025-10-22,81,1301.76,PT15M
2025-10-22,82,986.43,PT15M
2025-10-22,83,771.69,PT15M
2025-10-22,84,697.42,PT15M
2025-10-22,85,943.43,PT15M
2025-10-22,86,744.37,PT15M
2025-10-22,87,628.76,PT15M
2025-10-22,88,550.36,PT15M
2025-10-22,89,763.41,PT15M
2025-10-22,90,687.05,PT15M
2025-10-22,91,612.22,PT15M
2025-10-22,92,575.70,PT15M
2025-10-22,93,614.99,PT15M
2025-10-22,94,603.64,PT15M
2025-10-22,95,582.56,PT15M
2025-10-22,96,541.49,PT15M
2025-10-22,1,524.15,PT30M
2025-10-22,2,456.55,PT30M
2025-10-22,3,506.39,PT30M
2025-10-22,4,470.91,PT30M
2025-10-22,5,501.57,PT30M
2025-10-22,6,484.29,PT30M
2025-10-22,7,488.32,PT30M
2025-10-22,8,486.94,PT30M
2025-10-22,9,469.26,PT30M
2025-10-22,10,502.09,PT30M
2025-10-22,11,489.71,PT30M
2025-10-22,12,612.29,PT30M
2025-10-22,13,658.63,PT30M
2025-10-22,14,989.75,PT30M
2025-10-22,15,989.75,PT30M
2025-10-22,16,861.79,PT30M
2025-10-22,17,821.81,PT30M
2025-10-22,18,646.75,PT30M
2025-10-22,19,732.79,PT30M
2025-10-22,20,561.10,PT30M
2025-10-22,21,612.63,PT30M
2025-10-22,22,493.00,PT30M
2025-10-22,23,516.64,PT30M
2025-10-22,24,462.21,PT30M
2025-10-22,25,480.43,PT30M
2025-10-22,26,469.55,PT30M
2025-10-22,27,491.17,PT30M
2025-10-22,28,446.00,PT30M
2025-10-22,29,469.60,PT30M
2025-10-22,30,583.39,PT30M
2025-10-22,31,530.94,PT30M
2025-10-22,32,688.11,PT30M
2025-10-22,33,596.62,PT30M
2025-10-22,34,1004.10,PT30M
2025-10-22,35,783.97,PT30M
2025-10-22,36,1258.34,PT30M
2025-10-22,37,1228.56,PT30M
2025-10-22,38,1656.84,PT30M
2025-10-22,39,1539.78,PT30M
2025-10-22,40,1207.23,PT30M
2025-10-22,41,1144.10,PT30M
2025-10-22,42,734.55,PT30M
2025-10-22,43,843.90,PT30M
2025-10-22,44,589.56,PT30M
2025-10-22,45,725.23,PT30M
2025-10-22,46,593.96,PT30M
2025-10-22,47,609.31,PT30M
2025-10-22,48,562.03,PT30M
2025-10-22,1,490.35,PT60M
2025-10-22,2,488.65,PT60M
2025-10-22,3,492.93,PT60M
2025-10-22,4,487.63,PT60M
2025-10-22,5,485.68,PT60M
2025-10-22,6,551.00,PT60M
2025-10-22,7,824.19,PT60M
2025-10-22,8,925.77,PT60M
2025-10-22,9,734.28,PT60M
2025-10-22,10,646.95,PT60M
2025-10-22,11,552.82,PT60M
2025-10-22,12,489.43,PT60M
2025-10-22,13,474.99,PT60M
2025-10-22,14,468.58,PT60M
2025-10-22,15,526.49,PT60M
2025-10-22,16,609.52,PT60M
2025-10-22,17,800.36,PT60M
2025-10-22,18,1021.16,PT60M
2025-10-22,19,1442.70,PT60M
2025-10-22,20,1373.51,PT60M
2025-10-22,21,939.33,PT60M
2025-10-22,22,716.73,PT60M
2025-10-22,23,659.60,PT60M
2025-10-22,24,585.67,PT60M
2025-10-23,1,599.50,PT15M
2025-10-23,2,567.06,PT15M
2025-10-23,3,528.80,PT15M
2025-10-23,4,511.81,PT15M
2025-10-23,5,585.67,PT15M
2025-10-23,6,573.87,PT15M
2025-10-23,7,522.72,PT15M
2025-10-23,8,501.28,PT15M
2025-10-23,9,557.43,PT15M
2025-10-23,10,522.73,PT15M
2025-10-23,11,491.16,PT15M
2025-10-23,12,474.17,PT15M
2025-10-23,13,515.98,PT15M
2025-10-23,14,482.49,PT15M
2025-10-23,15,456.84,PT15M
2025-10-23,16,449.87,PT15M
2025-10-23,17,464.94,PT15M
2025-10-23,18,460.31,PT15M
2025-10-23,19,459.24,PT15M
2025-10-23,20,492.97,PT15M
2025-10-23,21,501.22,PT15M
2025-10-23,22,532.44,PT15M
2025-10-23,23,615.22,PT15M
2025-10-23,24,783.17,PT15M
2025-10-23,25,615.23,PT15M
2025-10-23,26,672.81,PT15M
2025-10-23,27,725.14,PT15M
2025-10-23,28,782.81,PT15M
2025-10-23,29,682.01,PT15M
2025-10-23,30,807.73,PT15M
2025-10-23,31,743.73,PT15M
2025-10-23,32,724.48,PT15M
2025-10-23,33,795.73,PT15M
2025-10-23,34,757.99,PT15M
2025-10-23,35,638.62,PT15M
2025-10-23,36,585.50,PT15M
2025-10-23,37,721.25,PT15M
2025-10-23,38,669.22,PT15M
2025-10-23,39,606.87,PT15M
2025-10-23,40,510.13,PT15M
2025-10-23,41,615.24,PT15M
2025-10-23,42,463.66,PT15M
2025-10-23,43,400.17,PT15M
2025-10-23,44,365.32,PT15M
2025-10-23,45,508.22,PT15M
2025-10-23,46,385.66,PT15M
2025-10-23,47,374.07,PT15M
2025-10-23,48,366.13,PT15M
2025-10-23,49,373.50,PT15M
2025-10-23,50,364.13,PT15M
2025-10-23,51,360.63,PT15M
2025-10-23,52,351.64,PT15M
2025-10-23,53,364.58,PT15M
2025-10-23,54,353.86,PT15M
2025-10-23,55,351.51,PT15M
2025-10-23,56,348.04,PT15M
2025-10-23,57,325.70,PT15M
2025-10-23,58,349.21,PT15M
2025-10-23,59,512.80,PT15M
2025-10-23,60,557.25,PT15M
2025-10-23,61,357.94,PT15M
2025-10-23,62,552.79,PT15M
2025-10-23,63,583.53,PT15M
2025-10-23,64,643.05,PT15M
2025-10-23,65,549.65,PT15M
2025-10-23,66,609.14,PT15M
2025-10-23,67,646.82,PT15M
2025-10-23,68,1023.45,PT15M
2025-10-23,69,615.23,PT15M
2025-10-23,70,624.67,PT15M
2025-10-23,71,658.49,PT15M
2025-10-23,72,878.89,PT15M
2025-10-23,73,648.16,PT15M
2025-10-23,74,795.34,PT15M
2025-10-23,75,749.30,PT15M
2025-10-23,76,779.21,PT15M
2025-10-23,77,692.95,PT15M
2025-10-23,78,677.74,PT15M
2025-10-23,79,699.24,PT15M
2025-10-23,80,726.08,PT15M
2025-10-23,81,945.34,PT15M
2025-10-23,82,718.48,PT15M
2025-10-23,83,623.63,PT15M
2025-10-23,84,553.12,PT15M
2025-10-23,85,859.42,PT15M
2025-10-23,86,783.17,PT15M
2025-10-23,87,623.81,PT15M
2025-10-23,88,615.25,PT15M
2025-10-23,89,601.64,PT15M
2025-10-23,90,528.40,PT15M
2025-10-23,91,468.86,PT15M
2025-10-23,92,439.74,PT15M
2025-10-23,93,457.55,PT15M
2025-10-23,94,421.88,PT15M
2025-10-23,95,407.66,PT15M
2025-10-23,96,358.53,PT15M
2025-10-23,1,583.28,PT30M
2025-10-23,2,520.31,PT30M
2025-10-23,3,579.77,PT30M
2025-10-23,4,512.00,PT30M
2025-10-23,5,540.08,PT30M
2025-10-23,6,482.67,PT30M
2025-10-23,7,499.24,PT30M
2025-10-23,8,453.35,PT30M
2025-10-23,9,462.62,PT30M
2025-10-23,10,476.11,PT30M
2025-10-23,11,516.83,PT30M
2025-10-23,12,699.20,PT30M
2025-10-23,13,644.02,PT30M
2025-10-23,14,753.98,PT30M
2025-10-23,15,744.87,PT30M
2025-10-23,16,734.10,PT30M
2025-10-23,17,776.86,PT30M
2025-10-23,18,612.06,PT30M
2025-10-23,19,695.24,PT30M
2025-10-23,20,558.50,PT30M
2025-10-23,21,539.45,PT30M
2025-10-23,22,382.75,PT30M
2025-10-23,23,446.94,PT30M
2025-10-23,24,370.10,PT30M
2025-10-23,25,368.82,PT30M
2025-10-23,26,356.14,PT30M
2025-10-23,27,359.22,PT30M
2025-10-23,28,349.77,PT30M
2025-10-23,29,337.46,PT30M
2025-10-23,30,535.02,PT30M
2025-10-23,31,455.36,PT30M
2025-10-23,32,613.29,PT30M
2025-10-23,33,579.40,PT30M
2025-10-23,34,835.14,PT30M
2025-10-23,35,619.95,PT30M
2025-10-23,36,768.69,PT30M
2025-10-23,37,721.75,PT30M
2025-10-23,38,764.25,PT30M
2025-10-23,39,685.34,PT30M
2025-10-23,40,712.66,PT30M
2025-10-23,41,831.91,PT30M
2025-10-23,42,588.37,PT30M
2025-10-23,43,821.29,PT30M
2025-10-23,44,619.53,PT30M
2025-10-23,45,565.02,PT30M
2025-10-23,46,454.30,PT30M
2025-10-23,47,439.71,PT30M
2025-10-23,48,383.09,PT30M
2025-10-23,1,551.79,PT60M
2025-10-23,2,545.89,PT60M
2025-10-23,3,511.37,PT60M
2025-10-23,4,476.30,PT60M
2025-10-23,5,469.36,PT60M
2025-10-23,6,608.01,PT60M
2025-10-23,7,699.00,PT60M
2025-10-23,8,739.48,PT60M
2025-10-23,9,694.46,PT60M
2025-10-23,10,626.87,PT60M
2025-10-23,11,461.10,PT60M
2025-10-23,12,408.52,PT60M
2025-10-23,13,362.48,PT60M
2025-10-23,14,354.50,PT60M
2025-10-23,15,436.24,PT60M
2025-10-23,16,534.32,PT60M
2025-10-23,17,707.27,PT60M
2025-10-23,18,694.32,PT60M
2025-10-23,19,743.00,PT60M
2025-10-23,20,699.00,PT60M
2025-10-23,21,710.14,PT60M
2025-10-23,22,720.41,PT60M
2025-10-23,23,509.66,PT60M
2025-10-23,24,411.40,PT60M
2025-10-24,1,385.50,PT15M
2025-10-24,2,333.19,PT15M
2025-10-24,3,311.41,PT15M
2025-10-24,4,249.88,PT15M
2025-10-24,5,317.08,PT15M
2025-10-24,6,294.12,PT15M
2025-10-24,7,238.35,PT15M
2025-10-24,8,179.65,PT15M
2025-10-24,9,268.00,PT15M
2025-10-24,10,258.45,PT15M
2025-10-24,11,179.66,PT15M
2025-10-24,12,151.36,PT15M
2025-10-24,13,305.57,PT15M
2025-10-24,14,302.79,PT15M
2025-10-24,15,179.68,PT15M
2025-10-24,16,179.65,PT15M
2025-10-24,17,179.68,PT15M
2025-10-24,18,289.27,PT15M
2025-10-24,19,321.94,PT15M
2025-10-24,20,336.26,PT15M
2025-10-24,21,213.75,PT15M
2025-10-24,22,384.30,PT15M
2025-10-24,23,410.62,PT15M
2025-10-24,24,490.85,PT15M
2025-10-24,25,437.49,PT15M
2025-10-24,26,515.64,PT15M
2025-10-24,27,596.44,PT15M
2025-10-24,28,662.76,PT15M
2025-10-24,29,658.12,PT15M
2025-10-24,30,717.11,PT15M
2025-10-24,31,742.64,PT15M
2025-10-24,32,750.70,PT15M
2025-10-24,33,799.13,PT15M
2025-10-24,34,782.29,PT15M
2025-10-24,35,737.76,PT15M
2025-10-24,36,721.96,PT15M
2025-10-24,37,792.10,PT15M
2025-10-24,38,729.79,PT15M
2025-10-24,39,716.01,PT15M
2025-10-24,40,530.34,PT15M
2025-10-24,41,707.96,PT15M
2025-10-24,42,615.22,PT15M
2025-10-24,43,466.52,PT15M
2025-10-24,44,387.75,PT15M
2025-10-24,45,539.31,PT15M
2025-10-24,46,511.53,PT15M
2025-10-24,47,518.09,PT15M
2025-10-24,48,484.49,PT15M
2025-10-24,49,485.54,PT15M
2025-10-24,50,434.33,PT15M
2025-10-24,51,432.05,PT15M
2025-10-24,52,405.34,PT15M
2025-10-24,53,405.47,PT15M
2025-10-24,54,386.50,PT15M
2025-10-24,55,293.08,PT15M
2025-10-24,56,282.22,PT15M
2025-10-24,57,321.57,PT15M
2025-10-24,58,340.44,PT15M
2025-10-24,59,361.24,PT15M
2025-10-24,60,440.01,PT15M
2025-10-24,61,400.64,PT15M
2025-10-24,62,433.86,PT15M
2025-10-24,63,481.68,PT15M
2025-10-24,64,526.66,PT15M
2025-10-24,65,300.89,PT15M
2025-10-24,66,465.63,PT15M
2025-10-24,67,586.58,PT15M
2025-10-24,68,729.81,PT15M
2025-10-24,69,444.95,PT15M
2025-10-24,70,571.82,PT15M
2025-10-24,71,712.87,PT15M
2025-10-24,72,740.10,PT15M
2025-10-24,73,567.53,PT15M
2025-10-24,74,699.03,PT15M
2025-10-24,75,718.83,PT15M
2025-10-24,76,813.21,PT15M
2025-10-24,77,742.99,PT15M
2025-10-24,78,796.27,PT15M
2025-10-24,79,763.53,PT15M
2025-10-24,80,649.87,PT15M
2025-10-24,81,746.42,PT15M
2025-10-24,82,644.95,PT15M
2025-10-24,83,559.63,PT15M
2025-10-24,84,516.07,PT15M
2025-10-24,85,650.03,PT15M
2025-10-24,86,541.28,PT15M
2025-10-24,87,518.46,PT15M
2025-10-24,88,494.23,PT15M
2025-10-24,89,615.24,PT15M
2025-10-24,90,585.23,PT15M
2025-10-24,91,508.24,PT15M
2025-10-24,92,485.39,PT15M
2025-10-24,93,498.32,PT15M
2025-10-24,94,453.95,PT15M
2025-10-24,95,437.22,PT15M
2025-10-24,96,408.12,PT15M
2025-10-24,1,359.35,PT30M
2025-10-24,2,280.64,PT30M
2025-10-24,3,305.60,PT30M
2025-10-24,4,209.00,PT30M
2025-10-24,5,263.22,PT30M
2025-10-24,6,165.51,PT30M
2025-10-24,7,304.18,PT30M
2025-10-24,8,179.67,PT30M
2025-10-24,9,234.48,PT30M
2025-10-24,10,329.10,PT30M
2025-10-24,11,299.03,PT30M
2025-10-24,12,450.74,PT30M
2025-10-24,13,476.57,PT30M
2025-10-24,14,629.60,PT30M
2025-10-24,15,687.62,PT30M
2025-10-24,16,746.67,PT30M
2025-10-24,17,790.71,PT30M
2025-10-24,18,729.86,PT30M
2025-10-24,19,760.94,PT30M
2025-10-24,20,623.17,PT30M
2025-10-24,21,661.59,PT30M
2025-10-24,22,427.13,PT30M
2025-10-24,23,525.42,PT30M
2025-10-24,24,501.29,PT30M
2025-10-24,25,459.94,PT30M
2025-10-24,26,418.70,PT30M
2025-10-24,27,395.98,PT30M
2025-10-24,28,287.65,PT30M
2025-10-24,29,331.01,PT30M
2025-10-24,30,400.63,PT30M
2025-10-24,31,417.25,PT30M
2025-10-24,32,504.17,PT30M
2025-10-24,33,383.26,PT30M
2025-10-24,34,658.20,PT30M
2025-10-24,35,508.38,PT30M
2025-10-24,36,726.48,PT30M
2025-10-24,37,633.28,PT30M
2025-10-24,38,766.02,PT30M
2025-10-24,39,769.63,PT30M
2025-10-24,40,706.70,PT30M
2025-10-24,41,695.68,PT30M
2025-10-24,42,537.85,PT30M
2025-10-24,43,595.66,PT30M
2025-10-24,44,506.34,PT30M
2025-10-24,45,600.24,PT30M
2025-10-24,46,496.81,PT30M
2025-10-24,47,476.13,PT30M
2025-10-24,48,422.67,PT30M
2025-10-24,1,319.99,PT60M
2025-10-24,2,257.30,PT60M
2025-10-24,3,214.37,PT60M
2025-10-24,4,241.92,PT60M
2025-10-24,5,281.79,PT60M
2025-10-24,6,374.88,PT60M
2025-10-24,7,553.08,PT60M
2025-10-24,8,717.15,PT60M
2025-10-24,9,760.28,PT60M
2025-10-24,10,692.06,PT60M
2025-10-24,11,544.36,PT60M
2025-10-24,12,513.36,PT60M
2025-10-24,13,439.32,PT60M
2025-10-24,14,341.82,PT60M
2025-10-24,15,365.82,PT60M
2025-10-24,16,460.71,PT60M
2025-10-24,17,520.73,PT60M
2025-10-24,18,617.43,PT60M
2025-10-24,19,699.65,PT60M
2025-10-24,20,738.17,PT60M
2025-10-24,21,616.77,PT60M
2025-10-24,22,551.00,PT60M
2025-10-24,23,548.53,PT60M
2025-10-24,24,449.40,PT60M
2025-10-25,1,418.64,PT15M
2025-10-25,2,418.37,PT15M
2025-10-25,3,417.40,PT15M
2025-10-25,4,410.70,PT15M
2025-10-25,5,384.88,PT15M
2025-10-25,6,377.27,PT15M
2025-10-25,7,395.21,PT15M
2025-10-25,8,400.00,PT15M
2025-10-25,9,384.94,PT15M
2025-10-25,10,383.14,PT15M
2025-10-25,11,382.65,PT15M
2025-10-25,12,367.84,PT15M
2025-10-25,13,406.38,PT15M
2025-10-25,14,403.96,PT15M
2025-10-25,15,400.95,PT15M
2025-10-25,16,400.00,PT15M
2025-10-25,17,421.16,PT15M
2025-10-25,18,422.91,PT15M
2025-10-25,19,421.30,PT15M
2025-10-25,20,426.76,PT15M
2025-10-25,21,425.55,PT15M
2025-10-25,22,444.93,PT15M
2025-10-25,23,478.76,PT15M
2025-10-25,24,578.90,PT15M
2025-10-25,25,477.25,PT15M
2025-10-25,26,572.03,PT15M
2025-10-25,27,615.14,PT15M
2025-10-25,28,731.58,PT15M
2025-10-25,29,787.45,PT15M
2025-10-25,30,724.74,PT15M
2025-10-25,31,552.38,PT15M
2025-10-25,32,477.90,PT15M
2025-10-25,33,676.28,PT15M
2025-10-25,34,535.19,PT15M
2025-10-25,35,462.24,PT15M
2025-10-25,36,385.82,PT15M
2025-10-25,37,527.73,PT15M
2025-10-25,38,425.91,PT15M
2025-10-25,39,344.28,PT15M
2025-10-25,40,128.27,PT15M
2025-10-25,41,427.47,PT15M
2025-10-25,42,351.12,PT15M
2025-10-25,43,324.07,PT15M
2025-10-25,44,178.77,PT15M
2025-10-25,45,309.41,PT15M
2025-10-25,46,238.23,PT15M
2025-10-25,47,218.14,PT15M
2025-10-25,48,65.95,PT15M
2025-10-25,49,135.64,PT15M
2025-10-25,50,77.93,PT15M
2025-10-25,51,68.96,PT15M
2025-10-25,52,62.34,PT15M
2025-10-25,53,111.89,PT15M
2025-10-25,54,111.56,PT15M
2025-10-25,55,103.91,PT15M
2025-10-25,56,118.87,PT15M
2025-10-25,57,76.73,PT15M
2025-10-25,58,146.65,PT15M
2025-10-25,59,175.12,PT15M
2025-10-25,60,261.10,PT15M
2025-10-25,61,238.24,PT15M
2025-10-25,62,354.02,PT15M
2025-10-25,63,431.97,PT15M
2025-10-25,64,501.01,PT15M
2025-10-25,65,253.61,PT15M
2025-10-25,66,447.24,PT15M
2025-10-25,67,614.05,PT15M
2025-10-25,68,889.10,PT15M
2025-10-25,69,528.35,PT15M
2025-10-25,70,620.77,PT15M
2025-10-25,71,850.38,PT15M
2025-10-25,72,1101.84,PT15M
2025-10-25,73,978.03,PT15M
2025-10-25,74,1151.14,PT15M
2025-10-25,75,1076.75,PT15M
2025-10-25,76,1189.16,PT15M
2025-10-25,77,1013.33,PT15M
2025-10-25,78,967.27,PT15M
2025-10-25,79,1019.76,PT15M
2025-10-25,80,970.75,PT15M
2025-10-25,81,924.47,PT15M
2025-10-25,82,816.01,PT15M
2025-10-25,83,783.10,PT15M
2025-10-25,84,672.40,PT15M
2025-10-25,85,908.52,PT15M
2025-10-25,86,889.10,PT15M
2025-10-25,87,731.34,PT15M
2025-10-25,88,528.35,PT15M
2025-10-25,89,747.77,PT15M
2025-10-25,90,615.12,PT15M
2025-10-25,91,528.34,PT15M
2025-10-25,92,504.76,PT15M
2025-10-25,93,615.11,PT15M
2025-10-25,94,534.32,PT15M
2025-10-25,95,489.57,PT15M
2025-10-25,96,465.43,PT15M
2025-10-25,1,418.50,PT30M
2025-10-25,2,414.05,PT30M
2025-10-25,3,381.08,PT30M
2025-10-25,4,397.61,PT30M
2025-10-25,5,384.04,PT30M
2025-10-25,6,375.24,PT30M
2025-10-25,7,405.17,PT30M
2025-10-25,8,400.48,PT30M
2025-10-25,9,422.04,PT30M
2025-10-25,10,424.03,PT30M
2025-10-25,11,435.24,PT30M
2025-10-25,12,528.83,PT30M
2025-10-25,13,524.64,PT30M
2025-10-25,14,673.36,PT30M
2025-10-25,15,756.09,PT30M
2025-10-25,16,515.14,PT30M
2025-10-25,17,605.73,PT30M
2025-10-25,18,424.03,PT30M
2025-10-25,19,476.82,PT30M
2025-10-25,20,236.27,PT30M
2025-10-25,21,389.29,PT30M
2025-10-25,22,251.42,PT30M
2025-10-25,23,273.82,PT30M
2025-10-25,24,142.04,PT30M
2025-10-25,25,106.79,PT30M
2025-10-25,26,65.65,PT30M
2025-10-25,27,111.73,PT30M
2025-10-25,28,111.39,PT30M
2025-10-25,29,111.69,PT30M
2025-10-25,30,218.11,PT30M
2025-10-25,31,296.13,PT30M
2025-10-25,32,466.49,PT30M
2025-10-25,33,350.42,PT30M
2025-10-25,34,751.58,PT30M
2025-10-25,35,574.56,PT30M
2025-10-25,36,976.11,PT30M
2025-10-25,37,1064.58,PT30M
2025-10-25,38,1132.95,PT30M
2025-10-25,39,990.30,PT30M
2025-10-25,40,995.26,PT30M
2025-10-25,41,870.24,PT30M
2025-10-25,42,727.75,PT30M
2025-10-25,43,898.81,PT30M
2025-10-25,44,629.85,PT30M
2025-10-25,45,681.45,PT30M
2025-10-25,46,516.55,PT30M
2025-10-25,47,574.72,PT30M
2025-10-25,48,477.50,PT30M
2025-10-25,1,416.28,PT60M
2025-10-25,2,389.34,PT60M
2025-10-25,3,379.64,PT60M
2025-10-25,4,402.82,PT60M
2025-10-25,5,423.03,PT60M
2025-10-25,6,482.04,PT60M
2025-10-25,7,599.00,PT60M
2025-10-25,8,635.62,PT60M
2025-10-25,9,514.88,PT60M
2025-10-25,10,356.55,PT60M
2025-10-25,11,320.36,PT60M
2025-10-25,12,207.93,PT60M
2025-10-25,13,86.22,PT60M
2025-10-25,14,111.56,PT60M
2025-10-25,15,164.90,PT60M
2025-10-25,16,381.31,PT60M
2025-10-25,17,551.00,PT60M
2025-10-25,18,775.34,PT60M
2025-10-25,19,1098.77,PT60M
2025-10-25,20,992.78,PT60M
2025-10-25,21,799.00,PT60M
2025-10-25,22,764.33,PT60M
2025-10-25,23,599.00,PT60M
2025-10-25,24,526.11,PT60M
2025-10-26,1,476.56,PT15M
2025-10-26,2,454.04,PT15M
2025-10-26,3,468.69,PT15M
2025-10-26,4,442.51,PT15M
2025-10-26,5,406.46,PT15M
2025-10-26,6,389.39,PT15M
2025-10-26,7,373.67,PT15M
2025-10-26,8,289.28,PT15M
2025-10-26,9,368.75,PT15M
2025-10-26,10,347.20,PT15M
2025-10-26,11,287.78,PT15M
2025-10-26,12,257.26,PT15M
2025-10-26,13,321.39,PT15M
2025-10-26,14,326.69,PT15M
2025-10-26,15,307.47,PT15M
2025-10-26,16,282.98,PT15M
2025-10-26,17,280.79,PT15M
2025-10-26,18,268.94,PT15M
2025-10-26,19,283.56,PT15M
2025-10-26,20,306.45,PT15M
2025-10-26,21,285.27,PT15M
2025-10-26,22,277.99,PT15M
2025-10-26,23,317.68,PT15M
2025-10-26,24,368.82,PT15M
2025-10-26,25,256.84,PT15M
2025-10-26,26,308.36,PT15M
2025-10-26,27,336.78,PT15M
2025-10-26,28,386.92,PT15M
2025-10-26,29,301.40,PT15M
2025-10-26,30,333.29,PT15M
2025-10-26,31,330.32,PT15M
2025-10-26,32,330.03,PT15M
2025-10-26,33,388.23,PT15M
2025-10-26,34,351.12,PT15M
2025-10-26,35,333.62,PT15M
2025-10-26,36,225.48,PT15M
2025-10-26,37,423.15,PT15M
2025-10-26,38,284.99,PT15M
2025-10-26,39,212.97,PT15M
2025-10-26,40,143.68,PT15M
2025-10-26,41,335.69,PT15M
2025-10-26,42,268.46,PT15M
2025-10-26,43,192.60,PT15M
2025-10-26,44,130.73,PT15M
2025-10-26,45,281.36,PT15M
2025-10-26,46,121.12,PT15M
2025-10-26,47,26.02,PT15M
2025-10-26,48,10.12,PT15M
2025-10-26,49,94.20,PT15M
2025-10-26,50,75.06,PT15M
2025-10-26,51,46.38,PT15M
2025-10-26,52,27.65,PT15M
2025-10-26,53,52.28,PT15M
2025-10-26,54,42.89,PT15M
2025-10-26,55,42.85,PT15M
2025-10-26,56,42.87,PT15M
2025-10-26,57,39.21,PT15M
2025-10-26,58,46.85,PT15M
2025-10-26,59,100.46,PT15M
2025-10-26,60,115.20,PT15M
2025-10-26,61,170.53,PT15M
2025-10-26,62,363.80,PT15M
2025-10-26,63,427.93,PT15M
2025-10-26,64,528.43,PT15M
2025-10-26,65,360.27,PT15M
2025-10-26,66,487.30,PT15M
2025-10-26,67,673.78,PT15M
2025-10-26,68,802.94,PT15M
2025-10-26,69,528.44,PT15M
2025-10-26,70,655.17,PT15M
2025-10-26,71,809.53,PT15M
2025-10-26,72,853.77,PT15M
2025-10-26,73,647.94,PT15M
2025-10-26,74,732.91,PT15M
2025-10-26,75,791.35,PT15M
2025-10-26,76,809.24,PT15M
2025-10-26,77,581.18,PT15M
2025-10-26,78,671.56,PT15M
2025-10-26,79,754.23,PT15M
2025-10-26,80,777.03,PT15M
2025-10-26,81,698.98,PT15M
2025-10-26,82,684.02,PT15M
2025-10-26,83,587.87,PT15M
2025-10-26,84,508.45,PT15M
2025-10-26,85,699.09,PT15M
2025-10-26,86,653.91,PT15M
2025-10-26,87,528.45,PT15M
2025-10-26,88,462.09,PT15M
2025-10-26,89,564.57,PT15M
2025-10-26,90,495.64,PT15M
2025-10-26,91,455.22,PT15M
2025-10-26,92,434.73,PT15M
2025-10-26,93,443.79,PT15M
2025-10-26,94,415.10,PT15M
2025-10-26,95,352.48,PT15M
2025-10-26,96,150.51,PT15M
2025-10-26,97,487.70,PT15M
2025-10-26,98,185.29,PT15M
2025-10-26,99,82.44,PT15M
2025-10-26,100,17.65,PT15M
2025-10-26,1,465.30,PT30M
2025-10-26,2,455.60,PT30M
2025-10-26,3,397.93,PT30M
2025-10-26,4,331.47,PT30M
2025-10-26,5,357.97,PT30M
2025-10-26,6,272.52,PT30M
2025-10-26,7,324.04,PT30M
2025-10-26,8,295.22,PT30M
2025-10-26,9,274.86,PT30M
2025-10-26,10,295.00,PT30M
2025-10-26,11,281.63,PT30M
2025-10-26,12,343.25,PT30M
2025-10-26,13,282.60,PT30M
2025-10-26,14,361.85,PT30M
2025-10-26,15,317.34,PT30M
2025-10-26,16,330.17,PT30M
2025-10-26,17,369.67,PT30M
2025-10-26,18,279.55,PT30M
2025-10-26,19,354.07,PT30M
2025-10-26,20,178.33,PT30M
2025-10-26,21,302.07,PT30M
2025-10-26,22,161.66,PT30M
2025-10-26,23,201.24,PT30M
2025-10-26,24,18.07,PT30M
2025-10-26,25,84.63,PT30M
2025-10-26,26,37.01,PT30M
2025-10-26,27,47.58,PT30M
2025-10-26,28,42.86,PT30M
2025-10-26,29,43.03,PT30M
2025-10-26,30,107.83,PT30M
2025-10-26,31,267.16,PT30M
2025-10-26,32,478.18,PT30M
2025-10-26,33,423.78,PT30M
2025-10-26,34,738.36,PT30M
2025-10-26,35,591.81,PT30M
2025-10-26,36,831.65,PT30M
2025-10-26,37,690.43,PT30M
2025-10-26,38,800.30,PT30M
2025-10-26,39,626.37,PT30M
2025-10-26,40,765.63,PT30M
2025-10-26,41,691.50,PT30M
2025-10-26,42,548.16,PT30M
2025-10-26,43,676.50,PT30M
2025-10-26,44,495.27,PT30M
2025-10-26,45,530.11,PT30M
2025-10-26,46,444.97,PT30M
2025-10-26,47,429.44,PT30M
2025-10-26,48,251.49,PT30M
2025-10-26,49,336.49,PT30M
2025-10-26,50,50.05,PT30M
2025-10-26,1,460.45,PT60M
2025-10-26,2,364.70,PT60M
2025-10-26,3,315.25,PT60M
2025-10-26,4,309.63,PT60M
2025-10-26,5,284.93,PT60M
2025-10-26,6,312.44,PT60M
2025-10-26,7,322.22,PT60M
2025-10-26,8,323.76,PT60M
2025-10-26,9,324.61,PT60M
2025-10-26,10,266.20,PT60M
2025-10-26,11,231.87,PT60M
2025-10-26,12,109.66,PT60M
2025-10-26,13,60.82,PT60M
2025-10-26,14,45.22,PT60M
2025-10-26,15,75.43,PT60M
2025-10-26,16,372.67,PT60M
2025-10-26,17,581.07,PT60M
2025-10-26,18,711.73,PT60M
2025-10-26,19,745.36,PT60M
2025-10-26,20,696.00,PT60M
2025-10-26,21,619.83,PT60M
2025-10-26,22,585.88,PT60M
2025-10-26,23,487.54,PT60M
2025-10-26,24,340.47,PT60M
2025-10-26,25,193.27,PT60M
2025-10-27,1,365.37,PT15M
2025-10-27,2,379.45,PT15M
2025-10-27,3,370.74,PT15M
2025-10-27,4,153.03,PT15M
2025-10-27,5,226.49,PT15M
2025-10-27,6,184.55,PT15M
2025-10-27,7,146.16,PT15M
2025-10-27,8,143.80,PT15M
2025-10-27,9,156.67,PT15M
2025-10-27,10,154.27,PT15M
2025-10-27,11,167.23,PT15M
2025-10-27,12,184.02,PT15M
2025-10-27,13,167.38,PT15M
2025-10-27,14,192.78,PT15M
2025-10-27,15,198.76,PT15M
2025-10-27,16,197.63,PT15M
2025-10-27,17,173.78,PT15M
2025-10-27,18,167.20,PT15M
2025-10-27,19,291.37,PT15M
2025-10-27,20,398.69,PT15M
2025-10-27,21,428.52,PT15M
2025-10-27,22,450.58,PT15M
2025-10-27,23,528.46,PT15M
2025-10-27,24,698.76,PT15M
2025-10-27,25,528.46,PT15M
2025-10-27,26,574.98,PT15M
2025-10-27,27,591.11,PT15M
2025-10-27,28,671.89,PT15M
2025-10-27,29,600.02,PT15M
2025-10-27,30,597.62,PT15M
2025-10-27,31,599.75,PT15M
2025-10-27,32,568.76,PT15M
2025-10-27,33,621.55,PT15M
2025-10-27,34,610.47,PT15M
2025-10-27,35,559.28,PT15M
2025-10-27,36,496.86,PT15M
2025-10-27,37,621.01,PT15M
2025-10-27,38,555.31,PT15M
2025-10-27,39,527.21,PT15M
2025-10-27,40,500.46,PT15M
2025-10-27,41,551.06,PT15M
2025-10-27,42,528.47,PT15M
2025-10-27,43,510.02,PT15M
2025-10-27,44,468.68,PT15M
2025-10-27,45,535.22,PT15M
2025-10-27,46,528.43,PT15M
2025-10-27,47,504.95,PT15M
2025-10-27,48,482.12,PT15M
2025-10-27,49,498.22,PT15M
2025-10-27,50,478.54,PT15M
2025-10-27,51,475.66,PT15M
2025-10-27,52,495.72,PT15M
2025-10-27,53,493.81,PT15M
2025-10-27,54,513.72,PT15M
2025-10-27,55,549.77,PT15M
2025-10-27,56,568.92,PT15M
2025-10-27,57,536.13,PT15M
2025-10-27,58,585.61,PT15M
2025-10-27,59,599.31,PT15M
2025-10-27,60,666.82,PT15M
2025-10-27,61,546.35,PT15M
2025-10-27,62,649.32,PT15M
2025-10-27,63,711.52,PT15M
2025-10-27,64,762.57,PT15M
2025-10-27,65,742.63,PT15M
2025-10-27,66,787.35,PT15M
2025-10-27,67,1257.20,PT15M
2025-10-27,68,1376.83,PT15M
2025-10-27,69,881.91,PT15M
2025-10-27,70,1103.31,PT15M
2025-10-27,71,1220.04,PT15M
2025-10-27,72,1357.90,PT15M
2025-10-27,73,1040.83,PT15M
2025-10-27,74,1087.11,PT15M
2025-10-27,75,782.27,PT15M
2025-10-27,76,800.35,PT15M
2025-10-27,77,825.53,PT15M
2025-10-27,78,861.72,PT15M
2025-10-27,79,1178.55,PT15M
2025-10-27,80,971.13,PT15M
2025-10-27,81,1205.65,PT15M
2025-10-27,82,817.11,PT15M
2025-10-27,83,749.61,PT15M
2025-10-27,84,778.51,PT15M
2025-10-27,85,797.33,PT15M
2025-10-27,86,779.27,PT15M
2025-10-27,87,588.01,PT15M
2025-10-27,88,528.44,PT15M
2025-10-27,89,637.93,PT15M
2025-10-27,90,546.09,PT15M
2025-10-27,91,516.66,PT15M
2025-10-27,92,503.31,PT15M
2025-10-27,93,528.48,PT15M
2025-10-27,94,528.47,PT15M
2025-10-27,95,514.99,PT15M
2025-10-27,96,483.24,PT15M
2025-10-27,1,372.41,PT30M
2025-10-27,2,261.88,PT30M
2025-10-27,3,205.52,PT30M
2025-10-27,4,144.98,PT30M
2025-10-27,5,155.47,PT30M
2025-10-27,6,175.62,PT30M
2025-10-27,7,180.08,PT30M
2025-10-27,8,198.20,PT30M
2025-10-27,9,170.49,PT30M
2025-10-27,10,345.03,PT30M
2025-10-27,11,439.55,PT30M
2025-10-27,12,613.61,PT30M
2025-10-27,13,551.72,PT30M
2025-10-27,14,631.50,PT30M
2025-10-27,15,598.82,PT30M
2025-10-27,16,584.25,PT30M
2025-10-27,17,616.01,PT30M
2025-10-27,18,528.07,PT30M
2025-10-27,19,588.16,PT30M
2025-10-27,20,513.84,PT30M
2025-10-27,21,539.76,PT30M
2025-10-27,22,489.35,PT30M
2025-10-27,23,531.83,PT30M
2025-10-27,24,493.54,PT30M
2025-10-27,25,488.38,PT30M
2025-10-27,26,485.69,PT30M
2025-10-27,27,503.77,PT30M
2025-10-27,28,559.34,PT30M
2025-10-27,29,560.87,PT30M
2025-10-27,30,633.07,PT30M
2025-10-27,31,597.83,PT30M
2025-10-27,32,737.04,PT30M
2025-10-27,33,764.99,PT30M
2025-10-27,34,1317.01,PT30M
2025-10-27,35,992.61,PT30M
2025-10-27,36,1288.97,PT30M
2025-10-27,37,1063.97,PT30M
2025-10-27,38,791.31,PT30M
2025-10-27,39,843.63,PT30M
2025-10-27,40,1074.84,PT30M
2025-10-27,41,1011.38,PT30M
2025-10-27,42,764.06,PT30M
2025-10-27,43,788.30,PT30M
2025-10-27,44,558.23,PT30M
2025-10-27,45,592.01,PT30M
2025-10-27,46,509.99,PT30M
2025-10-27,47,528.47,PT30M
2025-10-27,48,499.11,PT30M
2025-10-27,1,317.15,PT60M
2025-10-27,2,175.25,PT60M
2025-10-27,3,165.55,PT60M
2025-10-27,4,189.14,PT60M
2025-10-27,5,257.76,PT60M
2025-10-27,6,526.58,PT60M
2025-10-27,7,591.61,PT60M
2025-10-27,8,591.54,PT60M
2025-10-27,9,572.04,PT60M
2025-10-27,10,551.00,PT60M
2025-10-27,11,514.56,PT60M
2025-10-27,12,512.68,PT60M
2025-10-27,13,487.03,PT60M
2025-10-27,14,531.56,PT60M
2025-10-27,15,596.97,PT60M
2025-10-27,16,667.44,PT60M
2025-10-27,17,1041.00,PT60M
2025-10-27,18,1140.79,PT60M
2025-10-27,19,927.64,PT60M
2025-10-27,20,959.23,PT60M
2025-10-27,21,887.72,PT60M
2025-10-27,22,673.26,PT60M
2025-10-27,23,551.00,PT60M
2025-10-27,24,513.79,PT60M
2025-10-28,1,583.77,PT15M
2025-10-28,2,477.36,PT15M
2025-10-28,3,446.32,PT15M
2025-10-28,4,430.09,PT15M
2025-10-28,5,434.09,PT15M
2025-10-28,6,432.18,PT15M
2025-10-28,7,428.52,PT15M
2025-10-28,8,420.70,PT15M
2025-10-28,9,421.17,PT15M
2025-10-28,10,416.05,PT15M
2025-10-28,11,415.15,PT15M
2025-10-28,12,414.98,PT15M
2025-10-28,13,410.22,PT15M
2025-10-28,14,411.23,PT15M
2025-10-28,15,409.91,PT15M
2025-10-28,16,416.37,PT15M
2025-10-28,17,404.59,PT15M
2025-10-28,18,422.37,PT15M
2025-10-28,19,419.25,PT15M
2025-10-28,20,439.32,PT15M
2025-10-28,21,434.53,PT15M
2025-10-28,22,494.92,PT15M
2025-10-28,23,528.43,PT15M
2025-10-28,24,742.12,PT15M
2025-10-28,25,590.51,PT15M
2025-10-28,26,696.13,PT15M
2025-10-28,27,698.59,PT15M
2025-10-28,28,648.08,PT15M
2025-10-28,29,708.99,PT15M
2025-10-28,30,670.52,PT15M
2025-10-28,31,528.47,PT15M
2025-10-28,32,410.11,PT15M
2025-10-28,33,605.84,PT15M
2025-10-28,34,457.81,PT15M
2025-10-28,35,428.94,PT15M
2025-10-28,36,412.73,PT15M
2025-10-28,37,500.63,PT15M
2025-10-28,38,451.35,PT15M
2025-10-28,39,422.38,PT15M
2025-10-28,40,379.93,PT15M
2025-10-28,41,483.32,PT15M
2025-10-28,42,429.89,PT15M
2025-10-28,43,406.23,PT15M
2025-10-28,44,379.26,PT15M
2025-10-28,45,411.42,PT15M
2025-10-28,46,395.08,PT15M
2025-10-28,47,392.82,PT15M
2025-10-28,48,397.81,PT15M
2025-10-28,49,388.43,PT15M
2025-10-28,50,388.66,PT15M
2025-10-28,51,385.54,PT15M
2025-10-28,52,401.67,PT15M
2025-10-28,53,406.04,PT15M
2025-10-28,54,424.78,PT15M
2025-10-28,55,457.92,PT15M
2025-10-28,56,478.62,PT15M
2025-10-28,57,399.02,PT15M
2025-10-28,58,482.10,PT15M
2025-10-28,59,551.10,PT15M
2025-10-28,60,659.86,PT15M
2025-10-28,61,562.19,PT15M
2025-10-28,62,779.28,PT15M
2025-10-28,63,817.86,PT15M
2025-10-28,64,1038.49,PT15M
2025-10-28,65,712.56,PT15M
2025-10-28,66,786.60,PT15M
2025-10-28,67,877.77,PT15M
2025-10-28,68,1176.77,PT15M
2025-10-28,69,882.90,PT15M
2025-10-28,70,909.39,PT15M
2025-10-28,71,988.94,PT15M
2025-10-28,72,1214.70,PT15M
2025-10-28,73,1060.00,PT15M
2025-10-28,74,1120.53,PT15M
2025-10-28,75,1049.44,PT15M
2025-10-28,76,1067.54,PT15M
2025-10-28,77,982.42,PT15M
2025-10-28,78,976.72,PT15M
2025-10-28,79,1022.04,PT15M
2025-10-28,80,937.05,PT15M
2025-10-28,81,943.19,PT15M
2025-10-28,82,886.21,PT15M
2025-10-28,83,678.15,PT15M
2025-10-28,84,546.23,PT15M
2025-10-28,85,779.26,PT15M
2025-10-28,86,698.27,PT15M
2025-10-28,87,544.86,PT15M
2025-10-28,88,527.16,PT15M
2025-10-28,89,668.73,PT15M
2025-10-28,90,555.55,PT15M
2025-10-28,91,528.46,PT15M
2025-10-28,92,499.78,PT15M
2025-10-28,93,603.01,PT15M
2025-10-28,94,554.44,PT15M
2025-10-28,95,528.44,PT15M
2025-10-28,96,479.30,PT15M
2025-10-28,1,530.57,PT30M
2025-10-28,2,438.21,PT30M
2025-10-28,3,433.14,PT30M
2025-10-28,4,424.61,PT30M
2025-10-28,5,418.61,PT30M
2025-10-28,6,415.06,PT30M
2025-10-28,7,410.72,PT30M
2025-10-28,8,413.14,PT30M
2025-10-28,9,413.48,PT30M
2025-10-28,10,429.29,PT30M
2025-10-28,11,464.73,PT30M
2025-10-28,12,635.27,PT30M
2025-10-28,13,643.32,PT30M
2025-10-28,14,673.33,PT30M
2025-10-28,15,689.76,PT30M
2025-10-28,16,469.29,PT30M
2025-10-28,17,531.82,PT30M
2025-10-28,18,420.83,PT30M
2025-10-28,19,475.99,PT30M
2025-10-28,20,401.15,PT30M
2025-10-28,21,456.61,PT30M
2025-10-28,22,392.74,PT30M
2025-10-28,23,403.25,PT30M
2025-10-28,24,395.31,PT30M
2025-10-28,25,388.54,PT30M
2025-10-28,26,393.60,PT30M
2025-10-28,27,415.41,PT30M
2025-10-28,28,468.27,PT30M
2025-10-28,29,440.56,PT30M
2025-10-28,30,605.48,PT30M
2025-10-28,31,670.73,PT30M
2025-10-28,32,928.17,PT30M
2025-10-28,33,749.58,PT30M
2025-10-28,34,1027.27,PT30M
2025-10-28,35,896.14,PT30M
2025-10-28,36,1101.82,PT30M
2025-10-28,37,1090.26,PT30M
2025-10-28,38,1058.49,PT30M
2025-10-28,39,979.57,PT30M
2025-10-28,40,979.55,PT30M
2025-10-28,41,914.70,PT30M
2025-10-28,42,612.19,PT30M
2025-10-28,43,738.77,PT30M
2025-10-28,44,536.01,PT30M
2025-10-28,45,612.14,PT30M
2025-10-28,46,514.12,PT30M
2025-10-28,47,578.73,PT30M
2025-10-28,48,503.87,PT30M
2025-10-28,1,484.39,PT60M
2025-10-28,2,428.87,PT60M
2025-10-28,3,416.84,PT60M
2025-10-28,4,411.93,PT60M
2025-10-28,5,421.38,PT60M
2025-10-28,6,550.00,PT60M
2025-10-28,7,658.33,PT60M
2025-10-28,8,579.52,PT60M
2025-10-28,9,476.33,PT60M
2025-10-28,10,438.57,PT60M
2025-10-28,11,424.68,PT60M
2025-10-28,12,399.28,PT60M
2025-10-28,13,391.07,PT60M
2025-10-28,14,441.84,PT60M
2025-10-28,15,523.02,PT60M
2025-10-28,16,799.45,PT60M
2025-10-28,17,888.43,PT60M
2025-10-28,18,998.98,PT60M
2025-10-28,19,1074.38,PT60M
2025-10-28,20,979.56,PT60M
2025-10-28,21,763.44,PT60M
2025-10-28,22,637.39,PT60M
2025-10-28,23,563.13,PT60M
2025-10-28,24,541.30,PT60M
2025-10-29,1,437.41,PT15M
2025-10-29,2,425.24,PT15M
2025-10-29,3,417.57,PT15M
2025-10-29,4,413.74,PT15M
2025-10-29,5,442.34,PT15M
2025-10-29,6,426.21,PT15M
2025-10-29,7,414.40,PT15M
2025-10-29,8,407.94,PT15M
2025-10-29,9,405.79,PT15M
2025-10-29,10,397.39,PT15M
2025-10-29,11,392.11,PT15M
2025-10-29,12,394.98,PT15M
2025-10-29,13,381.36,PT15M
2025-10-29,14,381.36,PT15M
2025-10-29,15,381.36,PT15M
2025-10-29,16,395.32,PT15M
2025-10-29,17,401.57,PT15M
2025-10-29,18,419.22,PT15M
2025-10-29,19,451.85,PT15M
2025-10-29,20,478.09,PT15M
2025-10-29,21,450.51,PT15M
2025-10-29,22,498.54,PT15M
2025-10-29,23,577.89,PT15M
2025-10-29,24,779.46,PT15M
2025-10-29,25,694.77,PT15M
2025-10-29,26,600.11,PT15M
2025-10-29,27,615.68,PT15M
2025-10-29,28,685.45,PT15M
2025-10-29,29,600.63,PT15M
2025-10-29,30,565.63,PT15M
2025-10-29,31,561.43,PT15M
2025-10-29,32,528.60,PT15M
2025-10-29,33,611.06,PT15M
2025-10-29,34,552.05,PT15M
2025-10-29,35,493.98,PT15M
2025-10-29,36,380.89,PT15M
2025-10-29,37,533.32,PT15M
2025-10-29,38,463.97,PT15M
2025-10-29,39,343.08,PT15M
2025-10-29,40,132.22,PT15M
2025-10-29,41,169.78,PT15M
2025-10-29,42,76.73,PT15M
2025-10-29,43,76.75,PT15M
2025-10-29,44,76.74,PT15M
2025-10-29,45,76.64,PT15M
2025-10-29,46,65.03,PT15M
2025-10-29,47,76.73,PT15M
2025-10-29,48,76.77,PT15M
2025-10-29,49,76.78,PT15M
2025-10-29,50,259.34,PT15M
2025-10-29,51,343.77,PT15M
2025-10-29,52,330.51,PT15M
2025-10-29,53,359.49,PT15M
2025-10-29,54,383.33,PT15M
2025-10-29,55,384.59,PT15M
2025-10-29,56,446.75,PT15M
2025-10-29,57,305.24,PT15M
2025-10-29,58,406.78,PT15M
2025-10-29,59,509.47,PT15M
2025-10-29,60,589.65,PT15M
2025-10-29,61,490.64,PT15M
2025-10-29,62,543.03,PT15M
2025-10-29,63,701.50,PT15M
2025-10-29,64,860.84,PT15M
2025-10-29,65,875.14,PT15M
2025-10-29,66,962.50,PT15M
2025-10-29,67,1202.96,PT15M
2025-10-29,68,1458.32,PT15M
2025-10-29,69,781.68,PT15M
2025-10-29,70,840.19,PT15M
2025-10-29,71,844.50,PT15M
2025-10-29,72,807.06,PT15M
2025-10-29,73,698.52,PT15M
2025-10-29,74,701.88,PT15M
2025-10-29,75,729.24,PT15M
2025-10-29,76,724.64,PT15M
2025-10-29,77,737.22,PT15M
2025-10-29,78,721.91,PT15M
2025-10-29,79,857.86,PT15M
2025-10-29,80,658.56,PT15M
2025-10-29,81,732.32,PT15M
2025-10-29,82,900.92,PT15M
2025-10-29,83,802.18,PT15M
2025-10-29,84,626.56,PT15M
2025-10-29,85,785.19,PT15M
2025-10-29,86,779.49,PT15M
2025-10-29,87,712.46,PT15M
2025-10-29,88,529.28,PT15M
2025-10-29,89,779.46,PT15M
2025-10-29,90,674.09,PT15M
2025-10-29,91,528.60,PT15M
2025-10-29,92,517.56,PT15M
2025-10-29,93,667.23,PT15M
2025-10-29,94,535.06,PT15M
2025-10-29,95,503.74,PT15M
2025-10-29,96,493.98,PT15M
2025-10-29,1,431.33,PT30M
2025-10-29,2,415.65,PT30M
2025-10-29,3,434.27,PT30M
2025-10-29,4,411.17,PT30M
2025-10-29,5,401.59,PT30M
2025-10-29,6,393.54,PT30M
2025-10-29,7,381.36,PT30M
2025-10-29,8,388.34,PT30M
2025-10-29,9,410.39,PT30M
2025-10-29,10,464.97,PT30M
2025-10-29,11,474.52,PT30M
2025-10-29,12,678.67,PT30M
2025-10-29,13,647.44,PT30M
2025-10-29,14,650.56,PT30M
2025-10-29,15,583.13,PT30M
2025-10-29,16,545.02,PT30M
2025-10-29,17,581.56,PT30M
2025-10-29,18,437.43,PT30M
2025-10-29,19,498.64,PT30M
2025-10-29,20,237.65,PT30M
2025-10-29,21,123.26,PT30M
2025-10-29,22,76.74,PT30M
2025-10-29,23,70.84,PT30M
2025-10-29,24,76.75,PT30M
2025-10-29,25,168.06,PT30M
2025-10-29,26,337.14,PT30M
2025-10-29,27,371.41,PT30M
2025-10-29,28,415.67,PT30M
2025-10-29,29,356.01,PT30M
2025-10-29,30,549.56,PT30M
2025-10-29,31,516.83,PT30M
2025-10-29,32,781.17,PT30M
2025-10-29,33,918.82,PT30M
2025-10-29,34,1330.64,PT30M
2025-10-29,35,810.93,PT30M
2025-10-29,36,825.78,PT30M
2025-10-29,37,700.20,PT30M
2025-10-29,38,726.94,PT30M
2025-10-29,39,729.57,PT30M
2025-10-29,40,758.21,PT30M
2025-10-29,41,816.62,PT30M
2025-10-29,42,714.37,PT30M
2025-10-29,43,782.34,PT30M
2025-10-29,44,620.87,PT30M
2025-10-29,45,726.78,PT30M
2025-10-29,46,523.08,PT30M
2025-10-29,47,601.14,PT30M
2025-10-29,48,498.86,PT30M
2025-10-29,1,423.49,PT60M
2025-10-29,2,422.72,PT60M
2025-10-29,3,397.57,PT60M
2025-10-29,4,384.85,PT60M
2025-10-29,5,437.68,PT60M
2025-10-29,6,576.60,PT60M
2025-10-29,7,649.00,PT60M
2025-10-29,8,564.07,PT60M
2025-10-29,9,509.49,PT60M
2025-10-29,10,368.15,PT60M
2025-10-29,11,100.00,PT60M
2025-10-29,12,73.80,PT60M
2025-10-29,13,252.60,PT60M
2025-10-29,14,393.54,PT60M
2025-10-29,15,452.79,PT60M
2025-10-29,16,649.00,PT60M
2025-10-29,17,1124.73,PT60M
2025-10-29,18,818.36,PT60M
2025-10-29,19,713.57,PT60M
2025-10-29,20,743.89,PT60M
2025-10-29,21,765.49,PT60M
2025-10-29,22,701.61,PT60M
2025-10-29,23,624.93,PT60M
2025-10-29,24,550.00,PT60M
2025-10-30,1,477.91,PT15M
2025-10-30,2,482.52,PT15M
2025-10-30,3,500.60,PT15M
2025-10-30,4,528.53,PT15M
2025-10-30,5,442.03,PT15M
2025-10-30,6,428.63,PT15M
2025-10-30,7,419.33,PT15M
2025-10-30,8,409.31,PT15M
2025-10-30,9,416.83,PT15M
2025-10-30,10,427.94,PT15M
2025-10-30,11,427.71,PT15M
2025-10-30,12,427.52,PT15M
2025-10-30,13,410.84,PT15M
2025-10-30,14,409.64,PT15M
2025-10-30,15,414.13,PT15M
2025-10-30,16,404.24,PT15M
2025-10-30,17,410.31,PT15M
2025-10-30,18,436.85,PT15M
2025-10-30,19,458.10,PT15M
2025-10-30,20,528.53,PT15M
2025-10-30,21,504.93,PT15M
2025-10-30,22,779.39,PT15M
2025-10-30,23,779.42,PT15M
2025-10-30,24,779.44,PT15M
2025-10-30,25,844.77,PT15M
2025-10-30,26,793.93,PT15M
2025-10-30,27,768.77,PT15M
2025-10-30,28,669.10,PT15M
2025-10-30,29,862.10,PT15M
2025-10-30,30,697.02,PT15M
2025-10-30,31,579.89,PT15M
2025-10-30,32,528.52,PT15M
2025-10-30,33,610.01,PT15M
2025-10-30,34,556.14,PT15M
2025-10-30,35,491.00,PT15M
2025-10-30,36,344.13,PT15M
2025-10-30,37,534.38,PT15M
2025-10-30,38,498.60,PT15M
2025-10-30,39,373.02,PT15M
2025-10-30,40,232.62,PT15M
2025-10-30,41,394.41,PT15M
2025-10-30,42,350.10,PT15M
2025-10-30,43,363.90,PT15M
2025-10-30,44,311.71,PT15M
2025-10-30,45,300.58,PT15M
2025-10-30,46,359.01,PT15M
2025-10-30,47,355.57,PT15M
2025-10-30,48,372.41,PT15M
2025-10-30,49,252.07,PT15M
2025-10-30,50,330.49,PT15M
2025-10-30,51,330.49,PT15M
2025-10-30,52,435.77,PT15M
2025-10-30,53,406.75,PT15M
2025-10-30,54,448.15,PT15M
2025-10-30,55,466.03,PT15M
2025-10-30,56,472.62,PT15M
2025-10-30,57,439.50,PT15M
2025-10-30,58,525.13,PT15M
2025-10-30,59,613.99,PT15M
2025-10-30,60,780.10,PT15M
2025-10-30,61,552.87,PT15M
2025-10-30,62,776.56,PT15M
2025-10-30,63,855.68,PT15M
2025-10-30,64,1004.27,PT15M
2025-10-30,65,881.90,PT15M
2025-10-30,66,951.90,PT15M
2025-10-30,67,996.17,PT15M
2025-10-30,68,1228.44,PT15M
2025-10-30,69,934.31,PT15M
2025-10-30,70,982.66,PT15M
2025-10-30,71,984.49,PT15M
2025-10-30,72,996.14,PT15M
2025-10-30,73,769.50,PT15M
2025-10-30,74,811.71,PT15M
2025-10-30,75,921.14,PT15M
2025-10-30,76,903.13,PT15M
2025-10-30,77,944.68,PT15M
2025-10-30,78,915.90,PT15M
2025-10-30,79,903.70,PT15M
2025-10-30,80,807.91,PT15M
2025-10-30,81,767.66,PT15M
2025-10-30,82,707.71,PT15M
2025-10-30,83,723.76,PT15M
2025-10-30,84,528.57,PT15M
2025-10-30,85,647.86,PT15M
2025-10-30,86,633.78,PT15M
2025-10-30,87,580.97,PT15M
2025-10-30,88,499.76,PT15M
2025-10-30,89,588.62,PT15M
2025-10-30,90,586.71,PT15M
2025-10-30,91,543.06,PT15M
2025-10-30,92,485.60,PT15M
2025-10-30,93,561.14,PT15M
2025-10-30,94,494.04,PT15M
2025-10-30,95,460.59,PT15M
2025-10-30,96,448.74,PT15M
2025-10-30,1,480.21,PT30M
2025-10-30,2,514.57,PT30M
2025-10-30,3,435.33,PT30M
2025-10-30,4,414.32,PT30M
2025-10-30,5,422.39,PT30M
2025-10-30,6,427.61,PT30M
2025-10-30,7,410.24,PT30M
2025-10-30,8,409.18,PT30M
2025-10-30,9,423.58,PT30M
2025-10-30,10,493.32,PT30M
2025-10-30,11,642.16,PT30M
2025-10-30,12,779.43,PT30M
2025-10-30,13,819.35,PT30M
2025-10-30,14,718.94,PT30M
2025-10-30,15,779.56,PT30M
2025-10-30,16,554.21,PT30M
2025-10-30,17,583.08,PT30M
2025-10-30,18,417.57,PT30M
2025-10-30,19,516.49,PT30M
2025-10-30,20,302.82,PT30M
2025-10-30,21,372.25,PT30M
2025-10-30,22,337.81,PT30M
2025-10-30,23,329.79,PT30M
2025-10-30,24,363.99,PT30M
2025-10-30,25,291.28,PT30M
2025-10-30,26,383.13,PT30M
2025-10-30,27,427.45,PT30M
2025-10-30,28,469.33,PT30M
2025-10-30,29,482.31,PT30M
2025-10-30,30,697.05,PT30M
2025-10-30,31,664.72,PT30M
2025-10-30,32,929.97,PT30M
2025-10-30,33,916.90,PT30M
2025-10-30,34,1112.30,PT30M
2025-10-30,35,958.49,PT30M
2025-10-30,36,990.31,PT30M
2025-10-30,37,790.61,PT30M
2025-10-30,38,912.14,PT30M
2025-10-30,39,930.29,PT30M
2025-10-30,40,855.81,PT30M
2025-10-30,41,737.68,PT30M
2025-10-30,42,626.16,PT30M
2025-10-30,43,640.82,PT30M
2025-10-30,44,540.37,PT30M
2025-10-30,45,587.67,PT30M
2025-10-30,46,514.33,PT30M
2025-10-30,47,527.59,PT30M
2025-10-30,48,454.66,PT30M
2025-10-30,1,497.39,PT60M
2025-10-30,2,424.83,PT60M
2025-10-30,3,425.00,PT60M
2025-10-30,4,409.71,PT60M
2025-10-30,5,458.45,PT60M
2025-10-30,6,710.80,PT60M
2025-10-30,7,769.14,PT60M
2025-10-30,8,666.88,PT60M
2025-10-30,9,500.32,PT60M
2025-10-30,10,409.66,PT60M
2025-10-30,11,355.03,PT60M
2025-10-30,12,346.89,PT60M
2025-10-30,13,337.20,PT60M
2025-10-30,14,448.39,PT60M
2025-10-30,15,589.68,PT60M
2025-10-30,16,797.34,PT60M
2025-10-30,17,1014.60,PT60M
2025-10-30,18,974.40,PT60M
2025-10-30,19,851.37,PT60M
2025-10-30,20,893.05,PT60M
2025-10-30,21,681.92,PT60M
2025-10-30,22,590.59,PT60M
2025-10-30,23,551.00,PT60M
2025-10-30,24,491.12,PT60M
2025-10-31,1,560.09,PT15M
2025-10-31,2,524.71,PT15M
2025-10-31,3,528.41,PT15M
2025-10-31,4,485.72,PT15M
2025-10-31,5,499.53,PT15M
2025-10-31,6,493.23,PT15M
2025-10-31,7,438.35,PT15M
2025-10-31,8,429.47,PT15M
2025-10-31,9,484.90,PT15M
2025-10-31,10,436.60,PT15M
2025-10-31,11,432.02,PT15M
2025-10-31,12,425.21,PT15M
2025-10-31,13,430.84,PT15M
2025-10-31,14,436.61,PT15M
2025-10-31,15,444.89,PT15M
2025-10-31,16,466.15,PT15M
2025-10-31,17,431.35,PT15M
2025-10-31,18,443.50,PT15M
2025-10-31,19,496.48,PT15M
2025-10-31,20,534.86,PT15M
2025-10-31,21,499.32,PT15M
2025-10-31,22,528.41,PT15M
2025-10-31,23,563.44,PT15M
2025-10-31,24,779.18,PT15M
2025-10-31,25,704.13,PT15M
2025-10-31,26,761.62,PT15M
2025-10-31,27,641.49,PT15M
2025-10-31,28,676.16,PT15M
2025-10-31,29,751.89,PT15M
2025-10-31,30,642.35,PT15M
2025-10-31,31,625.90,PT15M
2025-10-31,32,566.37,PT15M
2025-10-31,33,724.75,PT15M
2025-10-31,34,621.88,PT15M
2025-10-31,35,523.68,PT15M
2025-10-31,36,442.08,PT15M
2025-10-31,37,575.62,PT15M
2025-10-31,38,457.46,PT15M
2025-10-31,39,381.88,PT15M
2025-10-31,40,354.77,PT15M
2025-10-31,41,427.21,PT15M
2025-10-31,42,406.46,PT15M
2025-10-31,43,401.85,PT15M
2025-10-31,44,388.61,PT15M
2025-10-31,45,403.76,PT15M
2025-10-31,46,396.49,PT15M
2025-10-31,47,393.02,PT15M
2025-10-31,48,399.92,PT15M
2025-10-31,49,385.64,PT15M
2025-10-31,50,389.05,PT15M
2025-10-31,51,415.31,PT15M
2025-10-31,52,438.48,PT15M
2025-10-31,53,402.97,PT15M
2025-10-31,54,427.68,PT15M
2025-10-31,55,457.46,PT15M
2025-10-31,56,516.30,PT15M
2025-10-31,57,425.59,PT15M
2025-10-31,58,535.32,PT15M
2025-10-31,59,620.70,PT15M
2025-10-31,60,839.85,PT15M
2025-10-31,61,615.20,PT15M
2025-10-31,62,890.68,PT15M
2025-10-31,63,1034.83,PT15M
2025-10-31,64,1191.23,PT15M
2025-10-31,65,1104.72,PT15M
2025-10-31,66,1176.23,PT15M
2025-10-31,67,1333.91,PT15M
2025-10-31,68,1477.50,PT15M
2025-10-31,69,1348.33,PT15M
2025-10-31,70,1421.53,PT15M
2025-10-31,71,1511.35,PT15M
2025-10-31,72,1553.94,PT15M
2025-10-31,73,1344.67,PT15M
2025-10-31,74,1381.63,PT15M
2025-10-31,75,1376.60,PT15M
2025-10-31,76,1457.63,PT15M
2025-10-31,77,1430.94,PT15M
2025-10-31,78,1345.65,PT15M
2025-10-31,79,1193.54,PT15M
2025-10-31,80,1128.60,PT15M
2025-10-31,81,1203.32,PT15M
2025-10-31,82,954.31,PT15M
2025-10-31,83,878.41,PT15M
2025-10-31,84,722.54,PT15M
2025-10-31,85,811.84,PT15M
2025-10-31,86,771.69,PT15M
2025-10-31,87,658.16,PT15M
2025-10-31,88,615.78,PT15M
2025-10-31,89,779.16,PT15M
2025-10-31,90,779.17,PT15M
2025-10-31,91,656.89,PT15M
2025-10-31,92,580.78,PT15M
2025-10-31,93,612.57,PT15M
2025-10-31,94,502.10,PT15M
2025-10-31,95,492.04,PT15M
2025-10-31,96,466.10,PT15M
2025-10-31,1,542.40,PT30M
2025-10-31,2,507.06,PT30M
2025-10-31,3,496.38,PT30M
2025-10-31,4,433.91,PT30M
2025-10-31,5,460.75,PT30M
2025-10-31,6,428.61,PT30M
2025-10-31,7,433.72,PT30M
2025-10-31,8,455.52,PT30M
2025-10-31,9,437.43,PT30M
2025-10-31,10,515.67,PT30M
2025-10-31,11,513.86,PT30M
2025-10-31,12,671.31,PT30M
2025-10-31,13,732.88,PT30M
2025-10-31,14,658.82,PT30M
2025-10-31,15,697.12,PT30M
2025-10-31,16,596.14,PT30M
2025-10-31,17,673.32,PT30M
2025-10-31,18,482.88,PT30M
2025-10-31,19,516.54,PT30M
2025-10-31,20,368.33,PT30M
2025-10-31,21,416.84,PT30M
2025-10-31,22,395.23,PT30M
2025-10-31,23,400.12,PT30M
2025-10-31,24,396.47,PT30M
2025-10-31,25,387.34,PT30M
2025-10-31,26,426.89,PT30M
2025-10-31,27,415.32,PT30M
2025-10-31,28,486.88,PT30M
2025-10-31,29,480.45,PT30M
2025-10-31,30,730.28,PT30M
2025-10-31,31,752.94,PT30M
2025-10-31,32,1113.03,PT30M
2025-10-31,33,1140.48,PT30M
2025-10-31,34,1405.70,PT30M
2025-10-31,35,1384.93,PT30M
2025-10-31,36,1532.65,PT30M
2025-10-31,37,1363.15,PT30M
2025-10-31,38,1417.12,PT30M
2025-10-31,39,1388.29,PT30M
2025-10-31,40,1161.07,PT30M
2025-10-31,41,1078.82,PT30M
2025-10-31,42,800.47,PT30M
2025-10-31,43,791.77,PT30M
2025-10-31,44,636.97,PT30M
2025-10-31,45,779.17,PT30M
2025-10-31,46,618.83,PT30M
2025-10-31,47,557.34,PT30M
2025-10-31,48,479.07,PT30M
2025-10-31,1,524.73,PT60M
2025-10-31,2,465.15,PT60M
2025-10-31,3,444.68,PT60M
2025-10-31,4,444.62,PT60M
2025-10-31,5,476.55,PT60M
2025-10-31,6,592.59,PT60M
2025-10-31,7,695.85,PT60M
2025-10-31,8,646.63,PT60M
2025-10-31,9,578.10,PT60M
2025-10-31,10,442.43,PT60M
2025-10-31,11,406.03,PT60M
2025-10-31,12,398.30,PT60M
2025-10-31,13,407.12,PT60M
2025-10-31,14,451.10,PT60M
2025-10-31,15,605.36,PT60M
2025-10-31,16,932.98,PT60M
2025-10-31,17,1273.09,PT60M
2025-10-31,18,1458.79,PT60M
2025-10-31,19,1390.13,PT60M
2025-10-31,20,1274.68,PT60M
2025-10-31,21,939.65,PT60M
2025-10-31,22,714.37,PT60M
2025-10-31,23,699.00,PT60M
2025-10-31,24,518.20,PT60M
2025-11-01,1,684.68,PT15M
2025-11-01,2,552.50,PT15M
2025-11-01,3,529.52,PT15M
2025-11-01,4,550.57,PT15M
2025-11-01,5,495.21,PT15M
2025-11-01,6,452.94,PT15M
2025-11-01,7,434.96,PT15M
2025-11-01,8,417.58,PT15M
2025-11-01,9,402.90,PT15M
2025-11-01,10,401.44,PT15M
2025-11-01,11,399.55,PT15M
2025-11-01,12,396.64,PT15M
2025-11-01,13,385.17,PT15M
2025-11-01,14,382.08,PT15M
2025-11-01,15,383.16,PT15M
2025-11-01,16,386.21,PT15M
2025-11-01,17,388.73,PT15M
2025-11-01,18,396.66,PT15M
2025-11-01,19,403.90,PT15M
2025-11-01,20,413.19,PT15M
2025-11-01,21,442.66,PT15M
2025-11-01,22,445.65,PT15M
2025-11-01,23,452.28,PT15M
2025-11-01,24,494.49,PT15M
2025-11-01,25,615.85,PT15M
2025-11-01,26,562.77,PT15M
2025-11-01,27,496.65,PT15M
2025-11-01,28,466.97,PT15M
2025-11-01,29,433.82,PT15M
2025-11-01,30,425.45,PT15M
2025-11-01,31,397.55,PT15M
2025-11-01,32,248.31,PT15M
2025-11-01,33,395.83,PT15M
2025-11-01,34,371.95,PT15M
2025-11-01,35,284.18,PT15M
2025-11-01,36,73.24,PT15M
2025-11-01,37,360.28,PT15M
2025-11-01,38,303.48,PT15M
2025-11-01,39,118.59,PT15M
2025-11-01,40,82.63,PT15M
2025-11-01,41,120.65,PT15M
2025-11-01,42,91.94,PT15M
2025-11-01,43,83.40,PT15M
2025-11-01,44,76.28,PT15M
2025-11-01,45,76.28,PT15M
2025-11-01,46,76.60,PT15M
2025-11-01,47,76.28,PT15M
2025-11-01,48,91.39,PT15M
2025-11-01,49,75.52,PT15M
2025-11-01,50,91.54,PT15M
2025-11-01,51,126.01,PT15M
2025-11-01,52,134.43,PT15M
2025-11-01,53,103.01,PT15M
2025-11-01,54,126.87,PT15M
2025-11-01,55,190.89,PT15M
2025-11-01,56,202.23,PT15M
2025-11-01,57,231.88,PT15M
2025-11-01,58,301.31,PT15M
2025-11-01,59,368.76,PT15M
2025-11-01,60,424.08,PT15M
2025-11-01,61,334.46,PT15M
2025-11-01,62,431.45,PT15M
2025-11-01,63,528.69,PT15M
2025-11-01,64,580.34,PT15M
2025-11-01,65,567.83,PT15M
2025-11-01,66,757.03,PT15M
2025-11-01,67,906.56,PT15M
2025-11-01,68,1011.88,PT15M
2025-11-01,69,617.26,PT15M
2025-11-01,70,687.82,PT15M
2025-11-01,71,720.02,PT15M
2025-11-01,72,655.30,PT15M
2025-11-01,73,660.37,PT15M
2025-11-01,74,641.87,PT15M
2025-11-01,75,619.14,PT15M
2025-11-01,76,597.41,PT15M
2025-11-01,77,651.13,PT15M
2025-11-01,78,605.37,PT15M
2025-11-01,79,561.81,PT15M
2025-11-01,80,555.23,PT15M
2025-11-01,81,687.23,PT15M
2025-11-01,82,779.61,PT15M
2025-11-01,83,779.58,PT15M
2025-11-01,84,616.48,PT15M
2025-11-01,85,779.61,PT15M
2025-11-01,86,779.59,PT15M
2025-11-01,87,713.06,PT15M
2025-11-01,88,579.76,PT15M
2025-11-01,89,661.53,PT15M
2025-11-01,90,542.42,PT15M
2025-11-01,91,523.84,PT15M
2025-11-01,92,494.03,PT15M
2025-11-01,93,508.03,PT15M
2025-11-01,94,457.58,PT15M
2025-11-01,95,440.67,PT15M
2025-11-01,96,429.33,PT15M
2025-11-01,1,618.59,PT30M
2025-11-01,2,540.04,PT30M
2025-11-01,3,474.08,PT30M
2025-11-01,4,426.27,PT30M
2025-11-01,5,402.17,PT30M
2025-11-01,6,398.10,PT30M
2025-11-01,7,383.62,PT30M
2025-11-01,8,384.68,PT30M
2025-11-01,9,392.69,PT30M
2025-11-01,10,408.55,PT30M
2025-11-01,11,444.15,PT30M
2025-11-01,12,473.39,PT30M
2025-11-01,13,589.31,PT30M
2025-11-01,14,481.81,PT30M
2025-11-01,15,429.63,PT30M
2025-11-01,16,322.93,PT30M
2025-11-01,17,383.89,PT30M
2025-11-01,18,178.71,PT30M
2025-11-01,19,331.88,PT30M
2025-11-01,20,100.61,PT30M
2025-11-01,21,106.29,PT30M
2025-11-01,22,79.84,PT30M
2025-11-01,23,76.44,PT30M
2025-11-01,24,83.83,PT30M
2025-11-01,25,83.53,PT30M
2025-11-01,26,130.22,PT30M
2025-11-01,27,114.94,PT30M
2025-11-01,28,196.56,PT30M
2025-11-01,29,266.59,PT30M
2025-11-01,30,396.42,PT30M
2025-11-01,31,382.96,PT30M
2025-11-01,32,554.51,PT30M
2025-11-01,33,662.43,PT30M
2025-11-01,34,959.22,PT30M
2025-11-01,35,652.54,PT30M
2025-11-01,36,687.66,PT30M
2025-11-01,37,651.12,PT30M
2025-11-01,38,608.27,PT30M
2025-11-01,39,628.25,PT30M
2025-11-01,40,558.52,PT30M
2025-11-01,41,733.42,PT30M
2025-11-01,42,698.03,PT30M
2025-11-01,43,779.60,PT30M
2025-11-01,44,646.41,PT30M
2025-11-01,45,601.98,PT30M
2025-11-01,46,508.94,PT30M
2025-11-01,47,482.81,PT30M
2025-11-01,48,435.00,PT30M
2025-11-01,1,579.31,PT60M
2025-11-01,2,450.17,PT60M
2025-11-01,3,400.13,PT60M
2025-11-01,4,384.15,PT60M
2025-11-01,5,400.62,PT60M
2025-11-01,6,458.77,PT60M
2025-11-01,7,535.56,PT60M
2025-11-01,8,376.28,PT60M
2025-11-01,9,281.30,PT60M
2025-11-01,10,216.24,PT60M
2025-11-01,11,93.07,PT60M
2025-11-01,12,80.14,PT60M
2025-11-01,13,106.88,PT60M
2025-11-01,14,155.75,PT60M
2025-11-01,15,331.51,PT60M
2025-11-01,16,468.74,PT60M
2025-11-01,17,810.82,PT60M
2025-11-01,18,670.10,PT60M
2025-11-01,19,629.69,PT60M
2025-11-01,20,593.39,PT60M
2025-11-01,21,715.73,PT60M
2025-11-01,22,713.01,PT60M
2025-11-01,23,555.46,PT60M
2025-11-01,24,458.90,PT60M
2025-11-02,1,403.45,PT15M
2025-11-02,2,434.49,PT15M
2025-11-02,3,438.63,PT15M
2025-11-02,4,409.99,PT15M
2025-11-02,5,418.28,PT15M
2025-11-02,6,407.43,PT15M
2025-11-02,7,388.57,PT15M
2025-11-02,8,387.05,PT15M
2025-11-02,9,395.50,PT15M
2025-11-02,10,391.38,PT15M
2025-11-02,11,382.77,PT15M
2025-11-02,12,381.38,PT15M
2025-11-02,13,393.87,PT15M
2025-11-02,14,387.19,PT15M
2025-11-02,15,385.45,PT15M
2025-11-02,16,385.78,PT15M
2025-11-02,17,385.05,PT15M
2025-11-02,18,389.08,PT15M
2025-11-02,19,396.06,PT15M
2025-11-02,20,403.75,PT15M
2025-11-02,21,400.12,PT15M
2025-11-02,22,398.48,PT15M
2025-11-02,23,403.70,PT15M
2025-11-02,24,416.13,PT15M
2025-11-02,25,412.56,PT15M
2025-11-02,26,432.21,PT15M
2025-11-02,27,430.55,PT15M
2025-11-02,28,416.37,PT15M
2025-11-02,29,414.56,PT15M
2025-11-02,30,402.74,PT15M
2025-11-02,31,404.63,PT15M
2025-11-02,32,408.14,PT15M
2025-11-02,33,431.64,PT15M
2025-11-02,34,428.60,PT15M
2025-11-02,35,397.87,PT15M
2025-11-02,36,392.46,PT15M
2025-11-02,37,320.36,PT15M
2025-11-02,38,75.36,PT15M
2025-11-02,39,42.88,PT15M
2025-11-02,40,26.03,PT15M
2025-11-02,41,42.92,PT15M
2025-11-02,42,42.89,PT15M
2025-11-02,43,26.03,PT15M
2025-11-02,44,26.01,PT15M
2025-11-02,45,66.58,PT15M
2025-11-02,46,76.74,PT15M
2025-11-02,47,77.96,PT15M
2025-11-02,48,77.97,PT15M
2025-11-02,49,52.06,PT15M
2025-11-02,50,70.15,PT15M
2025-11-02,51,186.67,PT15M
2025-11-02,52,236.05,PT15M
2025-11-02,53,65.61,PT15M
2025-11-02,54,266.97,PT15M
2025-11-02,55,388.98,PT15M
2025-11-02,56,417.73,PT15M
2025-11-02,57,393.42,PT15M
2025-11-02,58,481.20,PT15M
2025-11-02,59,524.00,PT15M
2025-11-02,60,553.70,PT15M
2025-11-02,61,524.47,PT15M
2025-11-02,62,580.13,PT15M
2025-11-02,63,611.35,PT15M
2025-11-02,64,691.49,PT15M
2025-11-02,65,557.38,PT15M
2025-11-02,66,605.55,PT15M
2025-11-02,67,649.63,PT15M
2025-11-02,68,730.07,PT15M
2025-11-02,69,590.04,PT15M
2025-11-02,70,656.13,PT15M
2025-11-02,71,681.91,PT15M
2025-11-02,72,688.98,PT15M
2025-11-02,73,672.42,PT15M
2025-11-02,74,667.10,PT15M
2025-11-02,75,655.83,PT15M
2025-11-02,76,591.35,PT15M
2025-11-02,77,665.59,PT15M
2025-11-02,78,659.31,PT15M
2025-11-02,79,573.92,PT15M
2025-11-02,80,532.97,PT15M
2025-11-02,81,661.37,PT15M
2025-11-02,82,649.70,PT15M
2025-11-02,83,610.76,PT15M
2025-11-02,84,510.58,PT15M
2025-11-02,85,568.14,PT15M
2025-11-02,86,537.37,PT15M
2025-11-02,87,528.62,PT15M
2025-11-02,88,506.57,PT15M
2025-11-02,89,556.08,PT15M
2025-11-02,90,531.49,PT15M
2025-11-02,91,512.59,PT15M
2025-11-02,92,470.27,PT15M
2025-11-02,93,519.32,PT15M
2025-11-02,94,467.34,PT15M
2025-11-02,95,432.62,PT15M
2025-11-02,96,387.17,PT15M
2025-11-02,1,418.97,PT30M
2025-11-02,2,424.31,PT30M
2025-11-02,3,412.86,PT30M
2025-11-02,4,387.81,PT30M
2025-11-02,5,393.44,PT30M
2025-11-02,6,382.07,PT30M
2025-11-02,7,390.53,PT30M
2025-11-02,8,385.61,PT30M
2025-11-02,9,387.06,PT30M
2025-11-02,10,399.91,PT30M
2025-11-02,11,399.30,PT30M
2025-11-02,12,409.92,PT30M
2025-11-02,13,422.38,PT30M
2025-11-02,14,423.46,PT30M
2025-11-02,15,408.65,PT30M
2025-11-02,16,406.39,PT30M
2025-11-02,17,430.12,PT30M
2025-11-02,18,395.17,PT30M
2025-11-02,19,197.86,PT30M
2025-11-02,20,34.46,PT30M
2025-11-02,21,42.90,PT30M
2025-11-02,22,26.02,PT30M
2025-11-02,23,71.66,PT30M
2025-11-02,24,77.97,PT30M
2025-11-02,25,61.10,PT30M
2025-11-02,26,211.36,PT30M
2025-11-02,27,166.29,PT30M
2025-11-02,28,403.36,PT30M
2025-11-02,29,437.31,PT30M
2025-11-02,30,538.85,PT30M
2025-11-02,31,552.30,PT30M
2025-11-02,32,651.42,PT30M
2025-11-02,33,581.47,PT30M
2025-11-02,34,689.85,PT30M
2025-11-02,35,623.09,PT30M
2025-11-02,36,685.45,PT30M
2025-11-02,37,669.76,PT30M
2025-11-02,38,623.59,PT30M
2025-11-02,39,662.45,PT30M
2025-11-02,40,553.44,PT30M
2025-11-02,41,655.54,PT30M
2025-11-02,42,560.67,PT30M
2025-11-02,43,552.76,PT30M
2025-11-02,44,517.60,PT30M
2025-11-02,45,543.78,PT30M
2025-11-02,46,491.43,PT30M
2025-11-02,47,493.33,PT30M
2025-11-02,48,409.90,PT30M
2025-11-02,1,421.64,PT60M
2025-11-02,2,400.33,PT60M
2025-11-02,3,387.76,PT60M
2025-11-02,4,388.07,PT60M
2025-11-02,5,393.48,PT60M
2025-11-02,6,404.61,PT60M
2025-11-02,7,422.92,PT60M
2025-11-02,8,407.52,PT60M
2025-11-02,9,412.64,PT60M
2025-11-02,10,116.16,PT60M
2025-11-02,11,34.46,PT60M
2025-11-02,12,74.81,PT60M
2025-11-02,13,136.23,PT60M
2025-11-02,14,284.82,PT60M
2025-11-02,15,488.08,PT60M
2025-11-02,16,601.86,PT60M
2025-11-02,17,635.66,PT60M
2025-11-02,18,654.27,PT60M
2025-11-02,19,646.67,PT60M
2025-11-02,20,607.95,PT60M
2025-11-02,21,608.10,PT60M
2025-11-02,22,535.18,PT60M
2025-11-02,23,517.61,PT60M
2025-11-02,24,451.61,PT60M
2025-11-03,1,441.84,PT15M
2025-11-03,2,455.38,PT15M
2025-11-03,3,446.54,PT15M
2025-11-03,4,416.13,PT15M
2025-11-03,5,429.21,PT15M
2025-11-03,6,419.48,PT15M
2025-11-03,7,382.40,PT15M
2025-11-03,8,354.70,PT15M
2025-11-03,9,418.72,PT15M
2025-11-03,10,364.64,PT15M
2025-11-03,11,351.53,PT15M
2025-11-03,12,323.30,PT15M
2025-11-03,13,356.18,PT15M
2025-11-03,14,344.70,PT15M
2025-11-03,15,348.19,PT15M
2025-11-03,16,407.58,PT15M
2025-11-03,17,415.42,PT15M
2025-11-03,18,420.77,PT15M
2025-11-03,19,436.36,PT15M
2025-11-03,20,442.40,PT15M
2025-11-03,21,417.36,PT15M
2025-11-03,22,439.61,PT15M
2025-11-03,23,492.27,PT15M
2025-11-03,24,606.22,PT15M
2025-11-03,25,482.38,PT15M
2025-11-03,26,609.95,PT15M
2025-11-03,27,647.89,PT15M
2025-11-03,28,754.21,PT15M
2025-11-03,29,692.65,PT15M
2025-11-03,30,694.38,PT15M
2025-11-03,31,712.47,PT15M
2025-11-03,32,680.82,PT15M
2025-11-03,33,749.22,PT15M
2025-11-03,34,728.22,PT15M
2025-11-03,35,652.99,PT15M
2025-11-03,36,633.02,PT15M
2025-11-03,37,643.31,PT15M
2025-11-03,38,602.98,PT15M
2025-11-03,39,555.27,PT15M
2025-11-03,40,486.66,PT15M
2025-11-03,41,531.34,PT15M
2025-11-03,42,511.31,PT15M
2025-11-03,43,514.34,PT15M
2025-11-03,44,495.18,PT15M
2025-11-03,45,491.69,PT15M
2025-11-03,46,499.10,PT15M
2025-11-03,47,495.00,PT15M
2025-11-03,48,480.96,PT15M
2025-11-03,49,509.85,PT15M
2025-11-03,50,493.48,PT15M
2025-11-03,51,481.18,PT15M
2025-11-03,52,488.96,PT15M
2025-11-03,53,521.54,PT15M
2025-11-03,54,489.44,PT15M
2025-11-03,55,497.95,PT15M
2025-11-03,56,506.60,PT15M
2025-11-03,57,444.88,PT15M
2025-11-03,58,488.01,PT15M
2025-11-03,59,604.75,PT15M
2025-11-03,60,682.98,PT15M
2025-11-03,61,529.13,PT15M
2025-11-03,62,919.49,PT15M
2025-11-03,63,1251.00,PT15M
2025-11-03,64,1316.28,PT15M
2025-11-03,65,799.41,PT15M
2025-11-03,66,990.53,PT15M
2025-11-03,67,1180.80,PT15M
2025-11-03,68,1291.82,PT15M
2025-11-03,69,723.25,PT15M
2025-11-03,70,971.88,PT15M
2025-11-03,71,876.91,PT15M
2025-11-03,72,828.87,PT15M
2025-11-03,73,1041.22,PT15M
2025-11-03,74,1236.24,PT15M
2025-11-03,75,1218.34,PT15M
2025-11-03,76,1264.56,PT15M
2025-11-03,77,1249.87,PT15M
2025-11-03,78,1204.10,PT15M
2025-11-03,79,1073.82,PT15M
2025-11-03,80,1033.04,PT15M
2025-11-03,81,1147.00,PT15M
2025-11-03,82,915.47,PT15M
2025-11-03,83,710.10,PT15M
2025-11-03,84,534.32,PT15M
2025-11-03,85,833.56,PT15M
2025-11-03,86,793.83,PT15M
2025-11-03,87,638.85,PT15M
2025-11-03,88,528.63,PT15M
2025-11-03,89,796.56,PT15M
2025-11-03,90,658.70,PT15M
2025-11-03,91,551.92,PT15M
2025-11-03,92,476.92,PT15M
2025-11-03,93,592.42,PT15M
2025-11-03,94,504.07,PT15M
2025-11-03,95,455.75,PT15M
2025-11-03,96,429.98,PT15M
2025-11-03,1,448.61,PT30M
2025-11-03,2,431.34,PT30M
2025-11-03,3,424.34,PT30M
2025-11-03,4,368.55,PT30M
2025-11-03,5,391.68,PT30M
2025-11-03,6,337.42,PT30M
2025-11-03,7,350.44,PT30M
2025-11-03,8,377.88,PT30M
2025-11-03,9,418.10,PT30M
2025-11-03,10,439.38,PT30M
2025-11-03,11,428.49,PT30M
2025-11-03,12,549.24,PT30M
2025-11-03,13,546.17,PT30M
2025-11-03,14,701.05,PT30M
2025-11-03,15,693.51,PT30M
2025-11-03,16,696.65,PT30M
2025-11-03,17,738.72,PT30M
2025-11-03,18,643.00,PT30M
2025-11-03,19,623.15,PT30M
2025-11-03,20,520.97,PT30M
2025-11-03,21,521.32,PT30M
2025-11-03,22,504.76,PT30M
2025-11-03,23,495.39,PT30M
2025-11-03,24,487.98,PT30M
2025-11-03,25,501.67,PT30M
2025-11-03,26,485.07,PT30M
2025-11-03,27,505.49,PT30M
2025-11-03,28,502.28,PT30M
2025-11-03,29,466.44,PT30M
2025-11-03,30,643.87,PT30M
2025-11-03,31,724.31,PT30M
2025-11-03,32,1283.64,PT30M
2025-11-03,33,894.97,PT30M
2025-11-03,34,1236.31,PT30M
2025-11-03,35,847.57,PT30M
2025-11-03,36,852.89,PT30M
2025-11-03,37,1138.73,PT30M
2025-11-03,38,1241.45,PT30M
2025-11-03,39,1226.98,PT30M
2025-11-03,40,1053.43,PT30M
2025-11-03,41,1031.23,PT30M
2025-11-03,42,622.21,PT30M
2025-11-03,43,813.69,PT30M
2025-11-03,44,583.74,PT30M
2025-11-03,45,727.63,PT30M
2025-11-03,46,514.42,PT30M
2025-11-03,47,548.25,PT30M
2025-11-03,48,442.87,PT30M
2025-11-03,1,439.97,PT60M
2025-11-03,2,396.45,PT60M
2025-11-03,3,364.55,PT60M
2025-11-03,4,364.16,PT60M
2025-11-03,5,428.74,PT60M
2025-11-03,6,488.87,PT60M
2025-11-03,7,623.61,PT60M
2025-11-03,8,695.08,PT60M
2025-11-03,9,690.86,PT60M
2025-11-03,10,572.06,PT60M
2025-11-03,11,513.04,PT60M
2025-11-03,12,491.69,PT60M
2025-11-03,13,493.37,PT60M
2025-11-03,14,503.88,PT60M
2025-11-03,15,555.15,PT60M
2025-11-03,16,1003.97,PT60M
2025-11-03,17,1065.64,PT60M
2025-11-03,18,850.23,PT60M
2025-11-03,19,1190.09,PT60M
2025-11-03,20,1140.21,PT60M
2025-11-03,21,826.72,PT60M
2025-11-03,22,698.72,PT60M
2025-11-03,23,621.02,PT60M
2025-11-03,24,495.56,PT60M
2025-11-04,1,472.91,PT15M
2025-11-04,2,472.91,PT15M
2025-11-04,3,472.91,PT15M
2025-11-04,4,454.49,PT15M
2025-11-04,5,432.66,PT15M
2025-11-04,6,417.26,PT15M
2025-11-04,7,416.62,PT15M
2025-11-04,8,417.19,PT15M
2025-11-04,9,420.00,PT15M
2025-11-04,10,413.75,PT15M
2025-11-04,11,413.55,PT15M
2025-11-04,12,410.09,PT15M
2025-11-04,13,414.23,PT15M
2025-11-04,14,413.45,PT15M
2025-11-04,15,413.27,PT15M
2025-11-04,16,413.99,PT15M
2025-11-04,17,404.37,PT15M
2025-11-04,18,421.06,PT15M
2025-11-04,19,442.99,PT15M
2025-11-04,20,472.91,PT15M
2025-11-04,21,443.72,PT15M
2025-11-04,22,518.38,PT15M
2025-11-04,23,620.67,PT15M
2025-11-04,24,789.87,PT15M
2025-11-04,25,686.95,PT15M
2025-11-04,26,866.15,PT15M
2025-11-04,27,895.44,PT15M
2025-11-04,28,934.79,PT15M
2025-11-04,29,772.04,PT15M
2025-11-04,30,755.43,PT15M
2025-11-04,31,687.66,PT15M
2025-11-04,32,530.96,PT15M
2025-11-04,33,647.45,PT15M
2025-11-04,34,600.20,PT15M
2025-11-04,35,510.99,PT15M
2025-11-04,36,408.09,PT15M
2025-11-04,37,556.79,PT15M
2025-11-04,38,510.66,PT15M
2025-11-04,39,392.21,PT15M
2025-11-04,40,309.40,PT15M
2025-11-04,41,457.69,PT15M
2025-11-04,42,434.93,PT15M
2025-11-04,43,420.41,PT15M
2025-11-04,44,375.27,PT15M
2025-11-04,45,375.87,PT15M
2025-11-04,46,370.89,PT15M
2025-11-04,47,381.24,PT15M
2025-11-04,48,399.88,PT15M
2025-11-04,49,360.25,PT15M
2025-11-04,50,359.81,PT15M
2025-11-04,51,365.99,PT15M
2025-11-04,52,409.71,PT15M
2025-11-04,53,439.93,PT15M
2025-11-04,54,445.21,PT15M
2025-11-04,55,456.13,PT15M
2025-11-04,56,477.75,PT15M
2025-11-04,57,394.27,PT15M
2025-11-04,58,497.59,PT15M
2025-11-04,59,528.63,PT15M
2025-11-04,60,779.51,PT15M
2025-11-04,61,875.17,PT15M
2025-11-04,62,948.73,PT15M
2025-11-04,63,1053.84,PT15M
2025-11-04,64,1138.45,PT15M
2025-11-04,65,999.41,PT15M
2025-11-04,66,1017.10,PT15M
2025-11-04,67,1332.57,PT15M
2025-11-04,68,1537.29,PT15M
2025-11-04,69,792.46,PT15M
2025-11-04,70,1017.02,PT15M
2025-11-04,71,1060.51,PT15M
2025-11-04,72,991.94,PT15M
2025-11-04,73,1376.08,PT15M
2025-11-04,74,1373.94,PT15M
2025-11-04,75,1405.57,PT15M
2025-11-04,76,1364.79,PT15M
2025-11-04,77,994.65,PT15M
2025-11-04,78,931.23,PT15M
2025-11-04,79,1149.76,PT15M
2025-11-04,80,1160.27,PT15M
2025-11-04,81,1069.17,PT15M
2025-11-04,82,842.78,PT15M
2025-11-04,83,705.47,PT15M
2025-11-04,84,596.13,PT15M
2025-11-04,85,713.01,PT15M
2025-11-04,86,654.79,PT15M
2025-11-04,87,545.06,PT15M
2025-11-04,88,500.91,PT15M
2025-11-04,89,741.02,PT15M
2025-11-04,90,538.51,PT15M
2025-11-04,91,480.95,PT15M
2025-11-04,92,443.53,PT15M
2025-11-04,93,562.63,PT15M
2025-11-04,94,492.22,PT15M
2025-11-04,95,443.64,PT15M
2025-11-04,96,414.57,PT15M
2025-11-04,1,472.91,PT30M
2025-11-04,2,463.70,PT30M
2025-11-04,3,424.96,PT30M
2025-11-04,4,416.90,PT30M
2025-11-04,5,416.87,PT30M
2025-11-04,6,411.82,PT30M
2025-11-04,7,413.84,PT30M
2025-11-04,8,413.63,PT30M
2025-11-04,9,412.72,PT30M
2025-11-04,10,457.95,PT30M
2025-11-04,11,481.05,PT30M
2025-11-04,12,705.27,PT30M
2025-11-04,13,776.55,PT30M
2025-11-04,14,915.11,PT30M
2025-11-04,15,763.74,PT30M
2025-11-04,16,609.31,PT30M
2025-11-04,17,623.82,PT30M
2025-11-04,18,459.54,PT30M
2025-11-04,19,533.73,PT30M
2025-11-04,20,350.81,PT30M
2025-11-04,21,446.31,PT30M
2025-11-04,22,397.84,PT30M
2025-11-04,23,373.38,PT30M
2025-11-04,24,390.56,PT30M
2025-11-04,25,360.03,PT30M
2025-11-04,26,387.85,PT30M
2025-11-04,27,442.57,PT30M
2025-11-04,28,466.94,PT30M
2025-11-04,29,445.93,PT30M
2025-11-04,30,654.07,PT30M
2025-11-04,31,911.95,PT30M
2025-11-04,32,1096.14,PT30M
2025-11-04,33,1008.25,PT30M
2025-11-04,34,1434.93,PT30M
2025-11-04,35,904.74,PT30M
2025-11-04,36,1026.23,PT30M
2025-11-04,37,1375.01,PT30M
2025-11-04,38,1385.18,PT30M
2025-11-04,39,962.94,PT30M
2025-11-04,40,1155.01,PT30M
2025-11-04,41,955.97,PT30M
2025-11-04,42,650.80,PT30M
2025-11-04,43,683.90,PT30M
2025-11-04,44,522.99,PT30M
2025-11-04,45,639.76,PT30M
2025-11-04,46,462.24,PT30M
2025-11-04,47,527.43,PT30M
2025-11-04,48,429.11,PT30M
2025-11-04,1,468.31,PT60M
2025-11-04,2,420.93,PT60M
2025-11-04,3,414.35,PT60M
2025-11-04,4,413.74,PT60M
2025-11-04,5,435.34,PT60M
2025-11-04,6,593.16,PT60M
2025-11-04,7,845.83,PT60M
2025-11-04,8,686.52,PT60M
2025-11-04,9,541.68,PT60M
2025-11-04,10,442.27,PT60M
2025-11-04,11,422.07,PT60M
2025-11-04,12,381.97,PT60M
2025-11-04,13,373.94,PT60M
2025-11-04,14,454.75,PT60M
2025-11-04,15,550.00,PT60M
2025-11-04,16,1004.05,PT60M
2025-11-04,17,1221.59,PT60M
2025-11-04,18,965.49,PT60M
2025-11-04,19,1380.10,PT60M
2025-11-04,20,1058.98,PT60M
2025-11-04,21,803.39,PT60M
2025-11-04,22,603.45,PT60M
2025-11-04,23,551.00,PT60M
2025-11-04,24,478.27,PT60M
2025-11-05,1,484.04,PT15M
2025-11-05,2,501.00,PT15M
2025-11-05,3,467.25,PT15M
2025-11-05,4,457.75,PT15M
2025-11-05,5,457.75,PT15M
2025-11-05,6,454.36,PT15M
2025-11-05,7,451.72,PT15M
2025-11-05,8,446.49,PT15M
2025-11-05,9,439.42,PT15M
2025-11-05,10,439.75,PT15M
2025-11-05,11,410.16,PT15M
2025-11-05,12,395.30,PT15M
2025-11-05,13,419.81,PT15M
2025-11-05,14,416.57,PT15M
2025-11-05,15,409.79,PT15M
2025-11-05,16,414.93,PT15M
2025-11-05,17,401.02,PT15M
2025-11-05,18,437.28,PT15M
2025-11-05,19,426.03,PT15M
2025-11-05,20,451.79,PT15M
2025-11-05,21,448.92,PT15M
2025-11-05,22,486.05,PT15M
2025-11-05,23,528.72,PT15M
2025-11-05,24,615.57,PT15M
2025-11-05,25,528.74,PT15M
2025-11-05,26,586.00,PT15M
2025-11-05,27,678.18,PT15M
2025-11-05,28,700.10,PT15M
2025-11-05,29,915.09,PT15M
2025-11-05,30,796.09,PT15M
2025-11-05,31,713.48,PT15M
2025-11-05,32,555.14,PT15M
2025-11-05,33,775.99,PT15M
2025-11-05,34,626.37,PT15M
2025-11-05,35,592.32,PT15M
2025-11-05,36,362.01,PT15M
2025-11-05,37,593.74,PT15M
2025-11-05,38,566.50,PT15M
2025-11-05,39,534.79,PT15M
2025-11-05,40,492.35,PT15M
2025-11-05,41,603.21,PT15M
2025-11-05,42,559.47,PT15M
2025-11-05,43,528.73,PT15M
2025-11-05,44,478.73,PT15M
2025-11-05,45,504.04,PT15M
2025-11-05,46,492.03,PT15M
2025-11-05,47,493.08,PT15M
2025-11-05,48,467.49,PT15M
2025-11-05,49,495.65,PT15M
2025-11-05,50,467.96,PT15M
2025-11-05,51,453.81,PT15M
2025-11-05,52,451.04,PT15M
2025-11-05,53,474.71,PT15M
2025-11-05,54,460.66,PT15M
2025-11-05,55,466.24,PT15M
2025-11-05,56,506.69,PT15M
2025-11-05,57,439.46,PT15M
2025-11-05,58,503.34,PT15M
2025-11-05,59,550.55,PT15M
2025-11-05,60,706.66,PT15M
2025-11-05,61,512.28,PT15M
2025-11-05,62,592.01,PT15M
2025-11-05,63,674.17,PT15M
2025-11-05,64,970.31,PT15M
2025-11-05,65,890.82,PT15M
2025-11-05,66,1157.60,PT15M
2025-11-05,67,1155.66,PT15M
2025-11-05,68,1389.73,PT15M
2025-11-05,69,880.90,PT15M
2025-11-05,70,924.83,PT15M
2025-11-05,71,958.73,PT15M
2025-11-05,72,1110.13,PT15M
2025-11-05,73,796.40,PT15M
2025-11-05,74,778.89,PT15M
2025-11-05,75,1063.53,PT15M
2025-11-05,76,1226.61,PT15M
2025-11-05,77,1042.13,PT15M
2025-11-05,78,1084.70,PT15M
2025-11-05,79,940.93,PT15M
2025-11-05,80,799.27,PT15M
2025-11-05,81,1086.95,PT15M
2025-11-05,82,850.90,PT15M
2025-11-05,83,671.57,PT15M
2025-11-05,84,600.99,PT15M
2025-11-05,85,779.68,PT15M
2025-11-05,86,779.66,PT15M
2025-11-05,87,577.03,PT15M
2025-11-05,88,627.06,PT15M
2025-11-05,89,840.19,PT15M
2025-11-05,90,779.68,PT15M
2025-11-05,91,559.10,PT15M
2025-11-05,92,491.88,PT15M
2025-11-05,93,714.49,PT15M
2025-11-05,94,531.39,PT15M
2025-11-05,95,489.96,PT15M
2025-11-05,96,464.16,PT15M
2025-11-05,1,492.52,PT30M
2025-11-05,2,462.50,PT30M
2025-11-05,3,456.05,PT30M
2025-11-05,4,449.11,PT30M
2025-11-05,5,439.59,PT30M
2025-11-05,6,402.73,PT30M
2025-11-05,7,418.19,PT30M
2025-11-05,8,412.36,PT30M
2025-11-05,9,419.15,PT30M
2025-11-05,10,438.91,PT30M
2025-11-05,11,467.49,PT30M
2025-11-05,12,572.15,PT30M
2025-11-05,13,557.37,PT30M
2025-11-05,14,689.14,PT30M
2025-11-05,15,855.59,PT30M
2025-11-05,16,634.31,PT30M
2025-11-05,17,701.18,PT30M
2025-11-05,18,477.17,PT30M
2025-11-05,19,580.12,PT30M
2025-11-05,20,513.57,PT30M
2025-11-05,21,581.34,PT30M
2025-11-05,22,503.73,PT30M
2025-11-05,23,498.04,PT30M
2025-11-05,24,480.28,PT30M
2025-11-05,25,481.81,PT30M
2025-11-05,26,452.42,PT30M
2025-11-05,27,467.68,PT30M
2025-11-05,28,486.47,PT30M
2025-11-05,29,471.40,PT30M
2025-11-05,30,628.60,PT30M
2025-11-05,31,552.15,PT30M
2025-11-05,32,822.24,PT30M
2025-11-05,33,1024.21,PT30M
2025-11-05,34,1272.70,PT30M
2025-11-05,35,902.87,PT30M
2025-11-05,36,1034.43,PT30M
2025-11-05,37,787.65,PT30M
2025-11-05,38,1145.07,PT30M
2025-11-05,39,1063.42,PT30M
2025-11-05,40,870.10,PT30M
2025-11-05,41,968.93,PT30M
2025-11-05,42,636.28,PT30M
2025-11-05,43,779.67,PT30M
2025-11-05,44,602.04,PT30M
2025-11-05,45,809.94,PT30M
2025-11-05,46,525.49,PT30M
2025-11-05,47,622.94,PT30M
2025-11-05,48,477.06,PT30M
2025-11-05,1,477.51,PT60M
2025-11-05,2,452.58,PT60M
2025-11-05,3,421.16,PT60M
2025-11-05,4,415.27,PT60M
2025-11-05,5,429.03,PT60M
2025-11-05,6,519.82,PT60M
2025-11-05,7,623.25,PT60M
2025-11-05,8,744.95,PT60M
2025-11-05,9,589.17,PT60M
2025-11-05,10,546.85,PT60M
2025-11-05,11,542.53,PT60M
2025-11-05,12,489.16,PT60M
2025-11-05,13,467.12,PT60M
2025-11-05,14,477.08,PT60M
2025-11-05,15,550.00,PT60M
2025-11-05,16,687.19,PT60M
2025-11-05,17,1148.45,PT60M
2025-11-05,18,968.65,PT60M
2025-11-05,19,966.36,PT60M
2025-11-05,20,966.76,PT60M
2025-11-05,21,802.61,PT60M
2025-11-05,22,690.86,PT60M
2025-11-05,23,667.71,PT60M
2025-11-05,24,550.00,PT60M
2025-11-06,1,519.41,PT15M
2025-11-06,2,499.53,PT15M
2025-11-06,3,501.06,PT15M
2025-11-06,4,483.41,PT15M
2025-11-06,5,500.33,PT15M
2025-11-06,6,489.12,PT15M
2025-11-06,7,485.55,PT15M
2025-11-06,8,477.75,PT15M
2025-11-06,9,499.62,PT15M
2025-11-06,10,486.32,PT15M
2025-11-06,11,494.24,PT15M
2025-11-06,12,484.84,PT15M
2025-11-06,13,494.89,PT15M
2025-11-06,14,492.03,PT15M
2025-11-06,15,482.41,PT15M
2025-11-06,16,488.25,PT15M
2025-11-06,17,495.88,PT15M
2025-11-06,18,493.27,PT15M
2025-11-06,19,496.83,PT15M
2025-11-06,20,506.26,PT15M
2025-11-06,21,464.33,PT15M
2025-11-06,22,481.41,PT15M
2025-11-06,23,528.77,PT15M
2025-11-06,24,765.50,PT15M
2025-11-06,25,573.16,PT15M
2025-11-06,26,713.73,PT15M
2025-11-06,27,825.63,PT15M
2025-11-06,28,857.63,PT15M
2025-11-06,29,986.00,PT15M
2025-11-06,30,750.34,PT15M
2025-11-06,31,760.21,PT15M
2025-11-06,32,616.60,PT15M
2025-11-06,33,741.99,PT15M
2025-11-06,34,684.09,PT15M
2025-11-06,35,553.67,PT15M
2025-11-06,36,469.21,PT15M
2025-11-06,37,622.45,PT15M
2025-11-06,38,521.29,PT15M
2025-11-06,39,492.67,PT15M
2025-11-06,40,455.82,PT15M
2025-11-06,41,498.48,PT15M
2025-11-06,42,498.48,PT15M
2025-11-06,43,498.48,PT15M
2025-11-06,44,498.48,PT15M
2025-11-06,45,457.38,PT15M
2025-11-06,46,478.20,PT15M
2025-11-06,47,493.74,PT15M
2025-11-06,48,498.48,PT15M
2025-11-06,49,528.75,PT15M
2025-11-06,50,470.43,PT15M
2025-11-06,51,494.12,PT15M
2025-11-06,52,481.93,PT15M
2025-11-06,53,452.70,PT15M
2025-11-06,54,528.74,PT15M
2025-11-06,55,511.99,PT15M
2025-11-06,56,706.57,PT15M
2025-11-06,57,465.64,PT15M
2025-11-06,58,528.77,PT15M
2025-11-06,59,779.76,PT15M
2025-11-06,60,1175.15,PT15M
2025-11-06,61,530.84,PT15M
2025-11-06,62,723.61,PT15M
2025-11-06,63,894.16,PT15M
2025-11-06,64,1407.09,PT15M
2025-11-06,65,928.10,PT15M
2025-11-06,66,1148.48,PT15M
2025-11-06,67,1317.57,PT15M
2025-11-06,68,1561.15,PT15M
2025-11-06,69,1056.97,PT15M
2025-11-06,70,1217.02,PT15M
2025-11-06,71,1260.51,PT15M
2025-11-06,72,1385.42,PT15M
2025-11-06,73,1001.53,PT15M
2025-11-06,74,929.72,PT15M
2025-11-06,75,1111.30,PT15M
2025-11-06,76,1184.27,PT15M
2025-11-06,77,1023.73,PT15M
2025-11-06,78,1113.18,PT15M
2025-11-06,79,1076.81,PT15M
2025-11-06,80,868.56,PT15M
2025-11-06,81,922.30,PT15M
2025-11-06,82,793.33,PT15M
2025-11-06,83,698.34,PT15M
2025-11-06,84,671.54,PT15M
2025-11-06,85,654.65,PT15M
2025-11-06,86,699.34,PT15M
2025-11-06,87,713.25,PT15M
2025-11-06,88,528.76,PT15M
2025-11-06,89,755.82,PT15M
2025-11-06,90,633.27,PT15M
2025-11-06,91,518.89,PT15M
2025-11-06,92,486.82,PT15M
2025-11-06,93,663.19,PT15M
2025-11-06,94,532.06,PT15M
2025-11-06,95,499.09,PT15M
2025-11-06,96,471.70,PT15M
2025-11-06,1,509.47,PT30M
2025-11-06,2,492.24,PT30M
2025-11-06,3,494.73,PT30M
2025-11-06,4,481.65,PT30M
2025-11-06,5,492.97,PT30M
2025-11-06,6,489.54,PT30M
2025-11-06,7,493.46,PT30M
2025-11-06,8,485.33,PT30M
2025-11-06,9,494.58,PT30M
2025-11-06,10,501.55,PT30M
2025-11-06,11,472.87,PT30M
2025-11-06,12,647.13,PT30M
2025-11-06,13,643.45,PT30M
2025-11-06,14,841.63,PT30M
2025-11-06,15,868.17,PT30M
2025-11-06,16,688.40,PT30M
2025-11-06,17,713.04,PT30M
2025-11-06,18,511.44,PT30M
2025-11-06,19,571.87,PT30M
2025-11-06,20,474.25,PT30M
2025-11-06,21,498.48,PT30M
2025-11-06,22,498.48,PT30M
2025-11-06,23,467.79,PT30M
2025-11-06,24,496.11,PT30M
2025-11-06,25,499.59,PT30M
2025-11-06,26,488.03,PT30M
2025-11-06,27,490.72,PT30M
2025-11-06,28,609.28,PT30M
2025-11-06,29,497.21,PT30M
2025-11-06,30,977.45,PT30M
2025-11-06,31,627.22,PT30M
2025-11-06,32,1150.62,PT30M
2025-11-06,33,1038.29,PT30M
2025-11-06,34,1439.36,PT30M
2025-11-06,35,1137.00,PT30M
2025-11-06,36,1322.96,PT30M
2025-11-06,37,965.62,PT30M
2025-11-06,38,1147.78,PT30M
2025-11-06,39,1068.45,PT30M
2025-11-06,40,972.69,PT30M
2025-11-06,41,857.82,PT30M
2025-11-06,42,684.94,PT30M
2025-11-06,43,677.00,PT30M
2025-11-06,44,621.00,PT30M
2025-11-06,45,694.54,PT30M
2025-11-06,46,502.85,PT30M
2025-11-06,47,597.62,PT30M
2025-11-06,48,485.39,PT30M
2025-11-06,1,500.85,PT60M
2025-11-06,2,488.19,PT60M
2025-11-06,3,491.26,PT60M
2025-11-06,4,489.40,PT60M
2025-11-06,5,498.06,PT60M
2025-11-06,6,560.00,PT60M
2025-11-06,7,742.54,PT60M
2025-11-06,8,778.29,PT60M
2025-11-06,9,612.24,PT60M
2025-11-06,10,523.06,PT60M
2025-11-06,11,498.48,PT60M
2025-11-06,12,481.95,PT60M
2025-11-06,13,493.81,PT60M
2025-11-06,14,550.00,PT60M
2025-11-06,15,737.33,PT60M
2025-11-06,16,888.92,PT60M
2025-11-06,17,1238.82,PT60M
2025-11-06,18,1229.98,PT60M
2025-11-06,19,1056.70,PT60M
2025-11-06,20,1020.57,PT60M
2025-11-06,21,771.38,PT60M
2025-11-06,22,649.00,PT60M
2025-11-06,23,598.70,PT60M
2025-11-06,24,541.51,PT60M
2025-11-07,1,472.23,PT15M
2025-11-07,2,468.41,PT15M
2025-11-07,3,486.93,PT15M
2025-11-07,4,464.47,PT15M
2025-11-07,5,473.60,PT15M
2025-11-07,6,462.54,PT15M
2025-11-07,7,463.06,PT15M
2025-11-07,8,461.13,PT15M
2025-11-07,9,474.08,PT15M
2025-11-07,10,466.84,PT15M
2025-11-07,11,471.92,PT15M
2025-11-07,12,468.42,PT15M
2025-11-07,13,474.74,PT15M
2025-11-07,14,474.18,PT15M
2025-11-07,15,472.51,PT15M
2025-11-07,16,477.61,PT15M
2025-11-07,17,461.72,PT15M
2025-11-07,18,474.98,PT15M
2025-11-07,19,491.28,PT15M
2025-11-07,20,492.87,PT15M
2025-11-07,21,451.67,PT15M
2025-11-07,22,479.30,PT15M
2025-11-07,23,521.05,PT15M
2025-11-07,24,681.55,PT15M
2025-11-07,25,680.89,PT15M
2025-11-07,26,763.22,PT15M
2025-11-07,27,894.77,PT15M
2025-11-07,28,925.18,PT15M
2025-11-07,29,1083.53,PT15M
2025-11-07,30,977.31,PT15M
2025-11-07,31,735.35,PT15M
2025-11-07,32,740.96,PT15M
2025-11-07,33,802.30,PT15M
2025-11-07,34,726.67,PT15M
2025-11-07,35,598.23,PT15M
2025-11-07,36,476.41,PT15M
2025-11-07,37,653.83,PT15M
2025-11-07,38,607.29,PT15M
2025-11-07,39,516.79,PT15M
2025-11-07,40,461.72,PT15M
2025-11-07,41,537.69,PT15M
2025-11-07,42,492.38,PT15M
2025-11-07,43,464.99,PT15M
2025-11-07,44,457.69,PT15M
2025-11-07,45,482.05,PT15M
2025-11-07,46,493.02,PT15M
2025-11-07,47,515.17,PT15M
2025-11-07,48,502.71,PT15M
2025-11-07,49,475.89,PT15M
2025-11-07,50,469.75,PT15M
2025-11-07,51,466.22,PT15M
2025-11-07,52,468.68,PT15M
2025-11-07,53,461.25,PT15M
2025-11-07,54,473.82,PT15M
2025-11-07,55,490.44,PT15M
2025-11-07,56,502.33,PT15M
2025-11-07,57,421.01,PT15M
2025-11-07,58,516.45,PT15M
2025-11-07,59,611.38,PT15M
2025-11-07,60,896.50,PT15M
2025-11-07,61,528.61,PT15M
2025-11-07,62,1094.62,PT15M
2025-11-07,63,1276.51,PT15M
2025-11-07,64,1500.00,PT15M
2025-11-07,65,827.13,PT15M
2025-11-07,66,1490.85,PT15M
2025-11-07,67,1598.60,PT15M
2025-11-07,68,1683.42,PT15M
2025-11-07,69,1648.95,PT15M
2025-11-07,70,1743.88,PT15M
2025-11-07,71,1758.22,PT15M
2025-11-07,72,1754.05,PT15M
2025-11-07,73,840.35,PT15M
2025-11-07,74,757.47,PT15M
2025-11-07,75,762.77,PT15M
2025-11-07,76,771.93,PT15M
2025-11-07,77,826.15,PT15M
2025-11-07,78,762.77,PT15M
2025-11-07,79,762.77,PT15M
2025-11-07,80,694.92,PT15M
2025-11-07,81,770.63,PT15M
2025-11-07,82,683.48,PT15M
2025-11-07,83,654.52,PT15M
2025-11-07,84,558.57,PT15M
2025-11-07,85,673.39,PT15M
2025-11-07,86,618.75,PT15M
2025-11-07,87,536.62,PT15M
2025-11-07,88,479.87,PT15M
2025-11-07,89,602.03,PT15M
2025-11-07,90,574.03,PT15M
2025-11-07,91,528.62,PT15M
2025-11-07,92,510.80,PT15M
2025-11-07,93,614.09,PT15M
2025-11-07,94,524.54,PT15M
2025-11-07,95,472.87,PT15M
2025-11-07,96,451.98,PT15M
2025-11-07,1,470.32,PT30M
2025-11-07,2,475.70,PT30M
2025-11-07,3,468.07,PT30M
2025-11-07,4,462.09,PT30M
2025-11-07,5,470.46,PT30M
2025-11-07,6,470.17,PT30M
2025-11-07,7,474.46,PT30M
2025-11-07,8,475.06,PT30M
2025-11-07,9,468.35,PT30M
2025-11-07,10,492.07,PT30M
2025-11-07,11,465.48,PT30M
2025-11-07,12,601.30,PT30M
2025-11-07,13,722.06,PT30M
2025-11-07,14,909.98,PT30M
2025-11-07,15,1030.42,PT30M
2025-11-07,16,738.16,PT30M
2025-11-07,17,764.48,PT30M
2025-11-07,18,537.32,PT30M
2025-11-07,19,630.56,PT30M
2025-11-07,20,489.25,PT30M
2025-11-07,21,515.03,PT30M
2025-11-07,22,461.34,PT30M
2025-11-07,23,487.54,PT30M
2025-11-07,24,508.94,PT30M
2025-11-07,25,472.82,PT30M
2025-11-07,26,467.45,PT30M
2025-11-07,27,467.53,PT30M
2025-11-07,28,496.38,PT30M
2025-11-07,29,468.73,PT30M
2025-11-07,30,753.94,PT30M
2025-11-07,31,811.61,PT30M
2025-11-07,32,1388.26,PT30M
2025-11-07,33,1158.99,PT30M
2025-11-07,34,1641.01,PT30M
2025-11-07,35,1696.41,PT30M
2025-11-07,36,1756.14,PT30M
2025-11-07,37,798.91,PT30M
2025-11-07,38,767.35,PT30M
2025-11-07,39,794.46,PT30M
2025-11-07,40,728.84,PT30M
2025-11-07,41,727.06,PT30M
2025-11-07,42,606.54,PT30M
2025-11-07,43,646.07,PT30M
2025-11-07,44,508.25,PT30M
2025-11-07,45,588.03,PT30M
2025-11-07,46,519.71,PT30M
2025-11-07,47,569.32,PT30M
2025-11-07,48,462.42,PT30M
2025-11-07,1,473.01,PT60M
2025-11-07,2,465.08,PT60M
2025-11-07,3,470.31,PT60M
2025-11-07,4,474.76,PT60M
2025-11-07,5,480.21,PT60M
2025-11-07,6,533.39,PT60M
2025-11-07,7,816.02,PT60M
2025-11-07,8,884.29,PT60M
2025-11-07,9,650.90,PT60M
2025-11-07,10,559.91,PT60M
2025-11-07,11,488.18,PT60M
2025-11-07,12,498.24,PT60M
2025-11-07,13,470.13,PT60M
2025-11-07,14,481.96,PT60M
2025-11-07,15,611.34,PT60M
2025-11-07,16,1099.93,PT60M
2025-11-07,17,1400.00,PT60M
2025-11-07,18,1726.28,PT60M
2025-11-07,19,783.13,PT60M
2025-11-07,20,761.65,PT60M
2025-11-07,21,666.80,PT60M
2025-11-07,22,577.16,PT60M
2025-11-07,23,553.87,PT60M
2025-11-07,24,515.87,PT60M
2025-11-08,1,536.43,PT15M
2025-11-08,2,528.26,PT15M
2025-11-08,3,535.20,PT15M
2025-11-08,4,511.39,PT15M
2025-11-08,5,533.87,PT15M
2025-11-08,6,519.42,PT15M
2025-11-08,7,496.93,PT15M
2025-11-08,8,495.81,PT15M
2025-11-08,9,519.02,PT15M
2025-11-08,10,503.87,PT15M
2025-11-08,11,494.24,PT15M
2025-11-08,12,485.22,PT15M
2025-11-08,13,495.41,PT15M
2025-11-08,14,492.72,PT15M
2025-11-08,15,492.10,PT15M
2025-11-08,16,490.86,PT15M
2025-11-08,17,494.09,PT15M
2025-11-08,18,504.56,PT15M
2025-11-08,19,506.01,PT15M
2025-11-08,20,501.40,PT15M
2025-11-08,21,495.18,PT15M
2025-11-08,22,524.87,PT15M
2025-11-08,23,524.52,PT15M
2025-11-08,24,517.55,PT15M
2025-11-08,25,510.94,PT15M
2025-11-08,26,523.60,PT15M
2025-11-08,27,528.55,PT15M
2025-11-08,28,568.29,PT15M
2025-11-08,29,522.14,PT15M
2025-11-08,30,559.06,PT15M
2025-11-08,31,590.71,PT15M
2025-11-08,32,598.15,PT15M
2025-11-08,33,621.26,PT15M
2025-11-08,34,591.00,PT15M
2025-11-08,35,547.20,PT15M
2025-11-08,36,528.18,PT15M
2025-11-08,37,628.65,PT15M
2025-11-08,38,564.38,PT15M
2025-11-08,39,547.17,PT15M
2025-11-08,40,509.31,PT15M
2025-11-08,41,675.85,PT15M
2025-11-08,42,558.91,PT15M
2025-11-08,43,528.57,PT15M
2025-11-08,44,515.68,PT15M
2025-11-08,45,594.24,PT15M
2025-11-08,46,548.64,PT15M
2025-11-08,47,528.58,PT15M
2025-11-08,48,528.55,PT15M
2025-11-08,49,562.15,PT15M
2025-11-08,50,528.56,PT15M
2025-11-08,51,528.58,PT15M
2025-11-08,52,528.56,PT15M
2025-11-08,53,528.57,PT15M
2025-11-08,54,543.17,PT15M
2025-11-08,55,528.58,PT15M
2025-11-08,56,599.67,PT15M
2025-11-08,57,520.94,PT15M
2025-11-08,58,511.21,PT15M
2025-11-08,59,553.42,PT15M
2025-11-08,60,625.45,PT15M
2025-11-08,61,504.62,PT15M
2025-11-08,62,581.82,PT15M
2025-11-08,63,670.91,PT15M
2025-11-08,64,726.58,PT15M
2025-11-08,65,615.60,PT15M
2025-11-08,66,660.24,PT15M
2025-11-08,67,711.83,PT15M
2025-11-08,68,1021.41,PT15M
2025-11-08,69,652.27,PT15M
2025-11-08,70,717.25,PT15M
2025-11-08,71,719.70,PT15M
2025-11-08,72,732.11,PT15M
2025-11-08,73,681.89,PT15M
2025-11-08,74,681.64,PT15M
2025-11-08,75,686.43,PT15M
2025-11-08,76,681.82,PT15M
2025-11-08,77,696.77,PT15M
2025-11-08,78,676.96,PT15M
2025-11-08,79,661.70,PT15M
2025-11-08,80,659.76,PT15M
2025-11-08,81,687.46,PT15M
2025-11-08,82,652.73,PT15M
2025-11-08,83,630.40,PT15M
2025-11-08,84,574.16,PT15M
2025-11-08,85,635.32,PT15M
2025-11-08,86,622.72,PT15M
2025-11-08,87,561.22,PT15M
2025-11-08,88,529.47,PT15M
2025-11-08,89,583.70,PT15M
2025-11-08,90,554.92,PT15M
2025-11-08,91,539.40,PT15M
2025-11-08,92,518.48,PT15M
2025-11-08,93,538.32,PT15M
2025-11-08,94,515.55,PT15M
2025-11-08,95,489.14,PT15M
2025-11-08,96,453.32,PT15M
2025-11-08,1,532.35,PT30M
2025-11-08,2,523.30,PT30M
2025-11-08,3,526.64,PT30M
2025-11-08,4,496.37,PT30M
2025-11-08,5,511.45,PT30M
2025-11-08,6,489.73,PT30M
2025-11-08,7,494.06,PT30M
2025-11-08,8,491.48,PT30M
2025-11-08,9,499.33,PT30M
2025-11-08,10,503.71,PT30M
2025-11-08,11,510.02,PT30M
2025-11-08,12,521.04,PT30M
2025-11-08,13,517.27,PT30M
2025-11-08,14,548.42,PT30M
2025-11-08,15,540.60,PT30M
2025-11-08,16,594.43,PT30M
2025-11-08,17,606.13,PT30M
2025-11-08,18,537.69,PT30M
2025-11-08,19,596.51,PT30M
2025-11-08,20,528.24,PT30M
2025-11-08,21,617.38,PT30M
2025-11-08,22,522.13,PT30M
2025-11-08,23,571.44,PT30M
2025-11-08,24,528.56,PT30M
2025-11-08,25,545.36,PT30M
2025-11-08,26,528.57,PT30M
2025-11-08,27,535.87,PT30M
2025-11-08,28,564.13,PT30M
2025-11-08,29,516.07,PT30M
2025-11-08,30,589.43,PT30M
2025-11-08,31,543.22,PT30M
2025-11-08,32,698.74,PT30M
2025-11-08,33,637.92,PT30M
2025-11-08,34,866.62,PT30M
2025-11-08,35,684.76,PT30M
2025-11-08,36,725.90,PT30M
2025-11-08,37,681.76,PT30M
2025-11-08,38,684.13,PT30M
2025-11-08,39,686.87,PT30M
2025-11-08,40,660.73,PT30M
2025-11-08,41,670.10,PT30M
2025-11-08,42,602.28,PT30M
2025-11-08,43,629.02,PT30M
2025-11-08,44,545.34,PT30M
2025-11-08,45,569.31,PT30M
2025-11-08,46,528.94,PT30M
2025-11-08,47,526.93,PT30M
2025-11-08,48,471.23,PT30M
2025-11-08,1,527.82,PT60M
2025-11-08,2,511.51,PT60M
2025-11-08,3,500.59,PT60M
2025-11-08,4,492.77,PT60M
2025-11-08,5,501.52,PT60M
2025-11-08,6,515.53,PT60M
2025-11-08,7,532.85,PT60M
2025-11-08,8,567.51,PT60M
2025-11-08,9,571.91,PT60M
2025-11-08,10,562.38,PT60M
2025-11-08,11,569.75,PT60M
2025-11-08,12,550.00,PT60M
2025-11-08,13,536.96,PT60M
2025-11-08,14,550.00,PT60M
2025-11-08,15,552.75,PT60M
2025-11-08,16,620.98,PT60M
2025-11-08,17,752.27,PT60M
2025-11-08,18,705.33,PT60M
2025-11-08,19,682.94,PT60M
2025-11-08,20,673.80,PT60M
2025-11-08,21,636.19,PT60M
2025-11-08,22,587.18,PT60M
2025-11-08,23,549.13,PT60M
2025-11-08,24,499.08,PT60M
2025-11-09,1,511.21,PT15M
2025-11-09,2,476.10,PT15M
2025-11-09,3,509.18,PT15M
2025-11-09,4,496.94,PT15M
2025-11-09,5,521.23,PT15M
2025-11-09,6,492.88,PT15M
2025-11-09,7,479.86,PT15M
2025-11-09,8,469.11,PT15M
2025-11-09,9,494.07,PT15M
2025-11-09,10,488.69,PT15M
2025-11-09,11,479.82,PT15M
2025-11-09,12,470.92,PT15M
2025-11-09,13,476.74,PT15M
2025-11-09,14,470.79,PT15M
2025-11-09,15,468.52,PT15M
2025-11-09,16,484.56,PT15M
2025-11-09,17,471.43,PT15M
2025-11-09,18,477.69,PT15M
2025-11-09,19,474.02,PT15M
2025-11-09,20,489.28,PT15M
2025-11-09,21,477.94,PT15M
2025-11-09,22,475.20,PT15M
2025-11-09,23,485.89,PT15M
2025-11-09,24,470.53,PT15M
2025-11-09,25,468.53,PT15M
2025-11-09,26,462.79,PT15M
2025-11-09,27,467.14,PT15M
2025-11-09,28,464.49,PT15M
2025-11-09,29,497.67,PT15M
2025-11-09,30,458.89,PT15M
2025-11-09,31,472.43,PT15M
2025-11-09,32,485.65,PT15M
2025-11-09,33,518.92,PT15M
2025-11-09,34,517.20,PT15M
2025-11-09,35,511.80,PT15M
2025-11-09,36,503.29,PT15M
2025-11-09,37,522.25,PT15M
2025-11-09,38,518.13,PT15M
2025-11-09,39,501.59,PT15M
2025-11-09,40,498.43,PT15M
2025-11-09,41,516.73,PT15M
2025-11-09,42,505.32,PT15M
2025-11-09,43,509.59,PT15M
2025-11-09,44,506.25,PT15M
2025-11-09,45,519.88,PT15M
2025-11-09,46,518.18,PT15M
2025-11-09,47,508.16,PT15M
2025-11-09,48,500.93,PT15M
2025-11-09,49,520.01,PT15M
2025-11-09,50,516.69,PT15M
2025-11-09,51,502.64,PT15M
2025-11-09,52,516.80,PT15M
2025-11-09,53,519.24,PT15M
2025-11-09,54,519.97,PT15M
2025-11-09,55,528.70,PT15M
2025-11-09,56,531.01,PT15M
2025-11-09,57,510.68,PT15M
2025-11-09,58,515.07,PT15M
2025-11-09,59,553.32,PT15M
2025-11-09,60,564.28,PT15M
2025-11-09,61,526.27,PT15M
2025-11-09,62,557.16,PT15M
2025-11-09,63,574.49,PT15M
2025-11-09,64,626.45,PT15M
2025-11-09,65,574.93,PT15M
2025-11-09,66,615.46,PT15M
2025-11-09,67,660.80,PT15M
2025-11-09,68,716.65,PT15M
2025-11-09,69,662.87,PT15M
2025-11-09,70,672.80,PT15M
2025-11-09,71,677.10,PT15M
2025-11-09,72,682.50,PT15M
2025-11-09,73,649.51,PT15M
2025-11-09,74,661.87,PT15M
2025-11-09,75,669.00,PT15M
2025-11-09,76,658.25,PT15M
2025-11-09,77,678.81,PT15M
2025-11-09,78,657.14,PT15M
2025-11-09,79,660.88,PT15M
2025-11-09,80,658.93,PT15M
2025-11-09,81,686.09,PT15M
2025-11-09,82,638.36,PT15M
2025-11-09,83,610.31,PT15M
2025-11-09,84,581.14,PT15M
2025-11-09,85,616.40,PT15M
2025-11-09,86,582.72,PT15M
2025-11-09,87,554.63,PT15M
2025-11-09,88,535.71,PT15M
2025-11-09,89,574.72,PT15M
2025-11-09,90,544.23,PT15M
2025-11-09,91,525.10,PT15M
2025-11-09,92,494.10,PT15M
2025-11-09,93,512.11,PT15M
2025-11-09,94,498.58,PT15M
2025-11-09,95,473.81,PT15M
2025-11-09,96,441.11,PT15M
2025-11-09,1,493.65,PT30M
2025-11-09,2,503.06,PT30M
2025-11-09,3,507.06,PT30M
2025-11-09,4,474.49,PT30M
2025-11-09,5,491.38,PT30M
2025-11-09,6,475.37,PT30M
2025-11-09,7,473.77,PT30M
2025-11-09,8,476.54,PT30M
2025-11-09,9,474.56,PT30M
2025-11-09,10,481.65,PT30M
2025-11-09,11,476.57,PT30M
2025-11-09,12,478.21,PT30M
2025-11-09,13,465.66,PT30M
2025-11-09,14,465.82,PT30M
2025-11-09,15,478.28,PT30M
2025-11-09,16,479.04,PT30M
2025-11-09,17,518.06,PT30M
2025-11-09,18,507.55,PT30M
2025-11-09,19,520.19,PT30M
2025-11-09,20,500.01,PT30M
2025-11-09,21,511.03,PT30M
2025-11-09,22,507.92,PT30M
2025-11-09,23,519.03,PT30M
2025-11-09,24,504.54,PT30M
2025-11-09,25,518.35,PT30M
2025-11-09,26,509.72,PT30M
2025-11-09,27,519.60,PT30M
2025-11-09,28,529.85,PT30M
2025-11-09,29,512.87,PT30M
2025-11-09,30,558.80,PT30M
2025-11-09,31,541.72,PT30M
2025-11-09,32,600.47,PT30M
2025-11-09,33,595.19,PT30M
2025-11-09,34,688.73,PT30M
2025-11-09,35,667.83,PT30M
2025-11-09,36,679.80,PT30M
2025-11-09,37,655.69,PT30M
2025-11-09,38,663.62,PT30M
2025-11-09,39,667.98,PT30M
2025-11-09,40,659.90,PT30M
2025-11-09,41,662.23,PT30M
2025-11-09,42,595.73,PT30M
2025-11-09,43,599.56,PT30M
2025-11-09,44,545.17,PT30M
2025-11-09,45,559.48,PT30M
2025-11-09,46,509.60,PT30M
2025-11-09,47,505.34,PT30M
2025-11-09,48,457.46,PT30M
2025-11-09,1,498.36,PT60M
2025-11-09,2,490.77,PT60M
2025-11-09,3,483.38,PT60M
2025-11-09,4,475.15,PT60M
2025-11-09,5,478.10,PT60M
2025-11-09,6,477.39,PT60M
2025-11-09,7,465.74,PT60M
2025-11-09,8,478.66,PT60M
2025-11-09,9,512.80,PT60M
2025-11-09,10,510.10,PT60M
2025-11-09,11,509.47,PT60M
2025-11-09,12,511.79,PT60M
2025-11-09,13,514.04,PT60M
2025-11-09,14,524.73,PT60M
2025-11-09,15,535.83,PT60M
2025-11-09,16,571.09,PT60M
2025-11-09,17,641.96,PT60M
2025-11-09,18,673.81,PT60M
2025-11-09,19,659.65,PT60M
2025-11-09,20,663.94,PT60M
2025-11-09,21,628.98,PT60M
2025-11-09,22,572.37,PT60M
2025-11-09,23,534.54,PT60M
2025-11-09,24,481.40,PT60M
2025-11-10,1,483.13,PT15M
2025-11-10,2,465.70,PT15M
2025-11-10,3,464.08,PT15M
2025-11-10,4,459.60,PT15M
2025-11-10,5,462.28,PT15M
2025-11-10,6,464.83,PT15M
2025-11-10,7,456.49,PT15M
2025-11-10,8,460.97,PT15M
2025-11-10,9,472.86,PT15M
2025-11-10,10,474.31,PT15M
2025-11-10,11,465.31,PT15M
2025-11-10,12,463.35,PT15M
2025-11-10,13,468.16,PT15M
2025-11-10,14,464.32,PT15M
2025-11-10,15,464.84,PT15M
2025-11-10,16,464.21,PT15M
2025-11-10,17,454.01,PT15M
2025-11-10,18,451.74,PT15M
2025-11-10,19,462.55,PT15M
2025-11-10,20,490.78,PT15M
2025-11-10,21,461.91,PT15M
2025-11-10,22,459.83,PT15M
2025-11-10,23,503.58,PT15M
2025-11-10,24,545.25,PT15M
2025-11-10,25,521.57,PT15M
2025-11-10,26,569.08,PT15M
2025-11-10,27,620.25,PT15M
2025-11-10,28,708.51,PT15M
2025-11-10,29,664.23,PT15M
2025-11-10,30,712.85,PT15M
2025-11-10,31,747.51,PT15M
2025-11-10,32,782.53,PT15M
2025-11-10,33,879.49,PT15M
2025-11-10,34,791.93,PT15M
2025-11-10,35,778.85,PT15M
2025-11-10,36,698.23,PT15M
2025-11-10,37,879.54,PT15M
2025-11-10,38,728.75,PT15M
2025-11-10,39,657.69,PT15M
2025-11-10,40,606.75,PT15M
2025-11-10,41,773.34,PT15M
2025-11-10,42,683.28,PT15M
2025-11-10,43,663.65,PT15M
2025-11-10,44,615.57,PT15M
2025-11-10,45,649.62,PT15M
2025-11-10,46,628.57,PT15M
2025-11-10,47,615.58,PT15M
2025-11-10,48,615.58,PT15M
2025-11-10,49,615.58,PT15M
2025-11-10,50,696.86,PT15M
2025-11-10,51,666.28,PT15M
2025-11-10,52,706.75,PT15M
2025-11-10,53,619.91,PT15M
2025-11-10,54,631.72,PT15M
2025-11-10,55,615.60,PT15M
2025-11-10,56,675.66,PT15M
2025-11-10,57,570.59,PT15M
2025-11-10,58,694.93,PT15M
2025-11-10,59,828.46,PT15M
2025-11-10,60,886.48,PT15M
2025-11-10,61,684.69,PT15M
2025-11-10,62,825.22,PT15M
2025-11-10,63,912.10,PT15M
2025-11-10,64,1057.02,PT15M
2025-11-10,65,810.09,PT15M
2025-11-10,66,835.50,PT15M
2025-11-10,67,986.54,PT15M
2025-11-10,68,1096.13,PT15M
2025-11-10,69,823.91,PT15M
2025-11-10,70,846.99,PT15M
2025-11-10,71,843.07,PT15M
2025-11-10,72,829.07,PT15M
2025-11-10,73,804.38,PT15M
2025-11-10,74,804.75,PT15M
2025-11-10,75,772.39,PT15M
2025-11-10,76,772.05,PT15M
2025-11-10,77,764.45,PT15M
2025-11-10,78,719.86,PT15M
2025-11-10,79,710.92,PT15M
2025-11-10,80,696.95,PT15M
2025-11-10,81,874.14,PT15M
2025-11-10,82,732.52,PT15M
2025-11-10,83,645.06,PT15M
2025-11-10,84,612.35,PT15M
2025-11-10,85,644.30,PT15M
2025-11-10,86,622.95,PT15M
2025-11-10,87,546.13,PT15M
2025-11-10,88,526.94,PT15M
2025-11-10,89,623.64,PT15M
2025-11-10,90,588.53,PT15M
2025-11-10,91,552.62,PT15M
2025-11-10,92,515.57,PT15M
2025-11-10,93,552.11,PT15M
2025-11-10,94,525.17,PT15M
2025-11-10,95,493.04,PT15M
2025-11-10,96,453.54,PT15M
2025-11-10,1,474.41,PT30M
2025-11-10,2,461.84,PT30M
2025-11-10,3,463.56,PT30M
2025-11-10,4,458.73,PT30M
2025-11-10,5,473.59,PT30M
2025-11-10,6,464.33,PT30M
2025-11-10,7,466.24,PT30M
2025-11-10,8,464.53,PT30M
2025-11-10,9,452.88,PT30M
2025-11-10,10,476.66,PT30M
2025-11-10,11,460.87,PT30M
2025-11-10,12,524.41,PT30M
2025-11-10,13,545.33,PT30M
2025-11-10,14,664.38,PT30M
2025-11-10,15,688.54,PT30M
2025-11-10,16,765.02,PT30M
2025-11-10,17,835.71,PT30M
2025-11-10,18,738.54,PT30M
2025-11-10,19,804.14,PT30M
2025-11-10,20,632.22,PT30M
2025-11-10,21,728.31,PT30M
2025-11-10,22,639.61,PT30M
2025-11-10,23,639.09,PT30M
2025-11-10,24,615.58,PT30M
2025-11-10,25,656.22,PT30M
2025-11-10,26,686.52,PT30M
2025-11-10,27,625.82,PT30M
2025-11-10,28,645.63,PT30M
2025-11-10,29,632.76,PT30M
2025-11-10,30,857.47,PT30M
2025-11-10,31,754.95,PT30M
2025-11-10,32,984.56,PT30M
2025-11-10,33,822.80,PT30M
2025-11-10,34,1041.34,PT30M
2025-11-10,35,835.45,PT30M
2025-11-10,36,836.07,PT30M
2025-11-10,37,804.57,PT30M
2025-11-10,38,772.22,PT30M
2025-11-10,39,742.15,PT30M
2025-11-10,40,703.94,PT30M
2025-11-10,41,803.33,PT30M
2025-11-10,42,628.70,PT30M
2025-11-10,43,633.62,PT30M
2025-11-10,44,536.54,PT30M
2025-11-10,45,606.08,PT30M
2025-11-10,46,534.09,PT30M
2025-11-10,47,538.64,PT30M
2025-11-10,48,473.29,PT30M
2025-11-10,1,468.13,PT60M
2025-11-10,2,461.14,PT60M
2025-11-10,3,468.96,PT60M
2025-11-10,4,465.38,PT60M
2025-11-10,5,464.77,PT60M
2025-11-10,6,492.64,PT60M
2025-11-10,7,604.85,PT60M
2025-11-10,8,726.78,PT60M
2025-11-10,9,787.12,PT60M
2025-11-10,10,718.18,PT60M
2025-11-10,11,683.96,PT60M
2025-11-10,12,627.34,PT60M
2025-11-10,13,671.37,PT60M
2025-11-10,14,635.72,PT60M
2025-11-10,15,745.11,PT60M
2025-11-10,16,869.76,PT60M
2025-11-10,17,932.07,PT60M
2025-11-10,18,835.76,PT60M
2025-11-10,19,788.39,PT60M
2025-11-10,20,723.04,PT60M
2025-11-10,21,716.01,PT60M
2025-11-10,22,585.08,PT60M
2025-11-10,23,570.09,PT60M
2025-11-10,24,505.97,PT60M
2025-11-11,1,499.61,PT15M
2025-11-11,2,468.13,PT15M
2025-11-11,3,458.57,PT15M
2025-11-11,4,442.58,PT15M
2025-11-11,5,498.00,PT15M
2025-11-11,6,452.83,PT15M
2025-11-11,7,449.72,PT15M
2025-11-11,8,451.02,PT15M
2025-11-11,9,443.92,PT15M
2025-11-11,10,434.77,PT15M
2025-11-11,11,434.72,PT15M
2025-11-11,12,464.30,PT15M
2025-11-11,13,455.90,PT15M
2025-11-11,14,465.46,PT15M
2025-11-11,15,463.29,PT15M
2025-11-11,16,464.50,PT15M
2025-11-11,17,453.45,PT15M
2025-11-11,18,453.73,PT15M
2025-11-11,19,462.97,PT15M
2025-11-11,20,497.22,PT15M
2025-11-11,21,452.61,PT15M
2025-11-11,22,508.82,PT15M
2025-11-11,23,586.62,PT15M
2025-11-11,24,640.95,PT15M
2025-11-11,25,691.34,PT15M
2025-11-11,26,804.10,PT15M
2025-11-11,27,804.48,PT15M
2025-11-11,28,788.33,PT15M
2025-11-11,29,906.48,PT15M
2025-11-11,30,861.36,PT15M
2025-11-11,31,687.89,PT15M
2025-11-11,32,710.95,PT15M
2025-11-11,33,880.39,PT15M
2025-11-11,34,990.00,PT15M
2025-11-11,35,821.13,PT15M
2025-11-11,36,598.87,PT15M
2025-11-11,37,652.32,PT15M
2025-11-11,38,614.06,PT15M
2025-11-11,39,561.12,PT15M
2025-11-11,40,528.73,PT15M
2025-11-11,41,615.60,PT15M
2025-11-11,42,615.57,PT15M
2025-11-11,43,696.41,PT15M
2025-11-11,44,615.61,PT15M
2025-11-11,45,528.73,PT15M
2025-11-11,46,598.91,PT15M
2025-11-11,47,530.56,PT15M
2025-11-11,48,528.70,PT15M
2025-11-11,49,457.26,PT15M
2025-11-11,50,447.20,PT15M
2025-11-11,51,455.15,PT15M
2025-11-11,52,495.03,PT15M
2025-11-11,53,450.25,PT15M
2025-11-11,54,464.20,PT15M
2025-11-11,55,485.18,PT15M
2025-11-11,56,529.52,PT15M
2025-11-11,57,476.52,PT15M
2025-11-11,58,524.88,PT15M
2025-11-11,59,570.44,PT15M
2025-11-11,60,649.08,PT15M
2025-11-11,61,532.57,PT15M
2025-11-11,62,591.63,PT15M
2025-11-11,63,688.01,PT15M
2025-11-11,64,820.68,PT15M
2025-11-11,65,645.52,PT15M
2025-11-11,66,708.00,PT15M
2025-11-11,67,762.06,PT15M
2025-11-11,68,775.34,PT15M
2025-11-11,69,815.01,PT15M
2025-11-11,70,832.05,PT15M
2025-11-11,71,823.71,PT15M
2025-11-11,72,820.43,PT15M
2025-11-11,73,684.84,PT15M
2025-11-11,74,763.05,PT15M
2025-11-11,75,747.46,PT15M
2025-11-11,76,720.66,PT15M
2025-11-11,77,765.00,PT15M
2025-11-11,78,796.70,PT15M
2025-11-11,79,793.91,PT15M
2025-11-11,80,655.88,PT15M
2025-11-11,81,696.52,PT15M
2025-11-11,82,655.94,PT15M
2025-11-11,83,610.83,PT15M
2025-11-11,84,551.37,PT15M
2025-11-11,85,660.97,PT15M
2025-11-11,86,637.99,PT15M
2025-11-11,87,574.23,PT15M
2025-11-11,88,531.99,PT15M
2025-11-11,89,641.18,PT15M
2025-11-11,90,606.41,PT15M
2025-11-11,91,576.24,PT15M
2025-11-11,92,517.72,PT15M
2025-11-11,93,606.11,PT15M
2025-11-11,94,538.27,PT15M
2025-11-11,95,509.31,PT15M
2025-11-11,96,479.95,PT15M
2025-11-11,1,483.87,PT30M
2025-11-11,2,450.58,PT30M
2025-11-11,3,475.42,PT30M
2025-11-11,4,450.37,PT30M
2025-11-11,5,439.35,PT30M
2025-11-11,6,449.51,PT30M
2025-11-11,7,460.68,PT30M
2025-11-11,8,463.90,PT30M
2025-11-11,9,453.59,PT30M
2025-11-11,10,480.09,PT30M
2025-11-11,11,480.72,PT30M
2025-11-11,12,613.78,PT30M
2025-11-11,13,747.72,PT30M
2025-11-11,14,796.40,PT30M
2025-11-11,15,883.92,PT30M
2025-11-11,16,699.42,PT30M
2025-11-11,17,935.19,PT30M
2025-11-11,18,710.00,PT30M
2025-11-11,19,633.19,PT30M
2025-11-11,20,544.92,PT30M
2025-11-11,21,615.59,PT30M
2025-11-11,22,656.01,PT30M
2025-11-11,23,563.82,PT30M
2025-11-11,24,529.63,PT30M
2025-11-11,25,452.23,PT30M
2025-11-11,26,475.09,PT30M
2025-11-11,27,457.22,PT30M
2025-11-11,28,507.35,PT30M
2025-11-11,29,500.70,PT30M
2025-11-11,30,609.76,PT30M
2025-11-11,31,562.10,PT30M
2025-11-11,32,754.34,PT30M
2025-11-11,33,676.76,PT30M
2025-11-11,34,768.70,PT30M
2025-11-11,35,823.53,PT30M
2025-11-11,36,822.07,PT30M
2025-11-11,37,723.95,PT30M
2025-11-11,38,734.06,PT30M
2025-11-11,39,780.85,PT30M
2025-11-11,40,724.90,PT30M
2025-11-11,41,676.23,PT30M
2025-11-11,42,581.10,PT30M
2025-11-11,43,649.48,PT30M
2025-11-11,44,553.11,PT30M
2025-11-11,45,623.79,PT30M
2025-11-11,46,546.98,PT30M
2025-11-11,47,572.19,PT30M
2025-11-11,48,494.63,PT30M
2025-11-11,1,467.22,PT60M
2025-11-11,2,462.89,PT60M
2025-11-11,3,444.43,PT60M
2025-11-11,4,462.29,PT60M
2025-11-11,5,466.84,PT60M
2025-11-11,6,547.25,PT60M
2025-11-11,7,772.06,PT60M
2025-11-11,8,791.67,PT60M
2025-11-11,9,822.60,PT60M
2025-11-11,10,589.06,PT60M
2025-11-11,11,635.80,PT60M
2025-11-11,12,546.72,PT60M
2025-11-11,13,463.66,PT60M
2025-11-11,14,482.29,PT60M
2025-11-11,15,555.23,PT60M
2025-11-11,16,658.22,PT60M
2025-11-11,17,722.73,PT60M
2025-11-11,18,822.80,PT60M
2025-11-11,19,729.00,PT60M
2025-11-11,20,752.87,PT60M
2025-11-11,21,628.67,PT60M
2025-11-11,22,601.29,PT60M
2025-11-11,23,585.39,PT60M
2025-11-11,24,533.41,PT60M
2025-11-12,1,580.82,PT15M
2025-11-12,2,530.64,PT15M
2025-11-12,3,527.81,PT15M
2025-11-12,4,491.10,PT15M
2025-11-12,5,503.45,PT15M
2025-11-12,6,487.96,PT15M
2025-11-12,7,456.87,PT15M
2025-11-12,8,477.73,PT15M
2025-11-12,9,484.30,PT15M
2025-11-12,10,458.87,PT15M
2025-11-12,11,457.22,PT15M
2025-11-12,12,482.31,PT15M
2025-11-12,13,460.81,PT15M
2025-11-12,14,463.18,PT15M
2025-11-12,15,496.96,PT15M
2025-11-12,16,510.87,PT15M
2025-11-12,17,473.60,PT15M
2025-11-12,18,508.43,PT15M
2025-11-12,19,503.76,PT15M
2025-11-12,20,523.21,PT15M
2025-11-12,21,497.60,PT15M
2025-11-12,22,547.87,PT15M
2025-11-12,23,560.58,PT15M
2025-11-12,24,663.29,PT15M
2025-11-12,25,625.04,PT15M
2025-11-12,26,712.06,PT15M
2025-11-12,27,849.61,PT15M
2025-11-12,28,917.66,PT15M
2025-11-12,29,731.08,PT15M
2025-11-12,30,889.08,PT15M
2025-11-12,31,850.07,PT15M
2025-11-12,32,721.66,PT15M
2025-11-12,33,852.19,PT15M
2025-11-12,34,706.13,PT15M
2025-11-12,35,657.84,PT15M
2025-11-12,36,534.19,PT15M
2025-11-12,37,674.35,PT15M
2025-11-12,38,615.53,PT15M
2025-11-12,39,525.45,PT15M
2025-11-12,40,424.79,PT15M
2025-11-12,41,535.86,PT15M
2025-11-12,42,352.23,PT15M
2025-11-12,43,217.91,PT15M
2025-11-12,44,311.21,PT15M
2025-11-12,45,364.60,PT15M
2025-11-12,46,320.08,PT15M
2025-11-12,47,365.64,PT15M
2025-11-12,48,420.17,PT15M
2025-11-12,49,434.27,PT15M
2025-11-12,50,435.21,PT15M
2025-11-12,51,438.67,PT15M
2025-11-12,52,456.56,PT15M
2025-11-12,53,438.20,PT15M
2025-11-12,54,460.21,PT15M
2025-11-12,55,496.03,PT15M
2025-11-12,56,527.57,PT15M
2025-11-12,57,512.45,PT15M
2025-11-12,58,547.22,PT15M
2025-11-12,59,589.31,PT15M
2025-11-12,60,701.21,PT15M
2025-11-12,61,560.23,PT15M
2025-11-12,62,633.82,PT15M
2025-11-12,63,881.11,PT15M
2025-11-12,64,1113.99,PT15M
2025-11-12,65,1057.56,PT15M
2025-11-12,66,1130.48,PT15M
2025-11-12,67,1306.34,PT15M
2025-11-12,68,1387.50,PT15M
2025-11-12,69,1350.68,PT15M
2025-11-12,70,1324.59,PT15M
2025-11-12,71,1327.59,PT15M
2025-11-12,72,1326.08,PT15M
2025-11-12,73,1266.82,PT15M
2025-11-12,74,1238.45,PT15M
2025-11-12,75,1271.76,PT15M
2025-11-12,76,1218.61,PT15M
2025-11-12,77,1268.35,PT15M
2025-11-12,78,1236.72,PT15M
2025-11-12,79,1194.00,PT15M
2025-11-12,80,1096.91,PT15M
2025-11-12,81,1105.58,PT15M
2025-11-12,82,1044.44,PT15M
2025-11-12,83,901.18,PT15M
2025-11-12,84,646.17,PT15M
2025-11-12,85,709.55,PT15M
2025-11-12,86,647.16,PT15M
2025-11-12,87,642.23,PT15M
2025-11-12,88,595.48,PT15M
2025-11-12,89,695.35,PT15M
2025-11-12,90,640.46,PT15M
2025-11-12,91,619.07,PT15M
2025-11-12,92,591.45,PT15M
2025-11-12,93,607.63,PT15M
2025-11-12,94,550.11,PT15M
2025-11-12,95,508.46,PT15M
2025-11-12,96,537.79,PT15M
2025-11-12,1,555.73,PT30M
2025-11-12,2,509.46,PT30M
2025-11-12,3,495.71,PT30M
2025-11-12,4,467.30,PT30M
2025-11-12,5,471.59,PT30M
2025-11-12,6,469.77,PT30M
2025-11-12,7,461.99,PT30M
2025-11-12,8,503.92,PT30M
2025-11-12,9,491.01,PT30M
2025-11-12,10,513.48,PT30M
2025-11-12,11,522.74,PT30M
2025-11-12,12,611.93,PT30M
2025-11-12,13,668.55,PT30M
2025-11-12,14,883.63,PT30M
2025-11-12,15,810.08,PT30M
2025-11-12,16,785.87,PT30M
2025-11-12,17,779.16,PT30M
2025-11-12,18,596.02,PT30M
2025-11-12,19,644.94,PT30M
2025-11-12,20,475.12,PT30M
2025-11-12,21,444.05,PT30M
2025-11-12,22,264.56,PT30M
2025-11-12,23,342.34,PT30M
2025-11-12,24,392.91,PT30M
2025-11-12,25,434.74,PT30M
2025-11-12,26,447.62,PT30M
2025-11-12,27,449.20,PT30M
2025-11-12,28,511.80,PT30M
2025-11-12,29,529.84,PT30M
2025-11-12,30,645.26,PT30M
2025-11-12,31,597.03,PT30M
2025-11-12,32,997.55,PT30M
2025-11-12,33,1094.02,PT30M
2025-11-12,34,1346.92,PT30M
2025-11-12,35,1337.64,PT30M
2025-11-12,36,1326.84,PT30M
2025-11-12,37,1252.64,PT30M
2025-11-12,38,1245.19,PT30M
2025-11-12,39,1252.53,PT30M
2025-11-12,40,1145.45,PT30M
2025-11-12,41,1075.01,PT30M
2025-11-12,42,773.68,PT30M
2025-11-12,43,678.35,PT30M
2025-11-12,44,618.86,PT30M
2025-11-12,45,667.91,PT30M
2025-11-12,46,605.26,PT30M
2025-11-12,47,578.87,PT30M
2025-11-12,48,523.13,PT30M
2025-11-12,1,532.59,PT60M
2025-11-12,2,481.50,PT60M
2025-11-12,3,470.68,PT60M
2025-11-12,4,482.96,PT60M
2025-11-12,5,502.25,PT60M
2025-11-12,6,567.33,PT60M
2025-11-12,7,776.09,PT60M
2025-11-12,8,797.97,PT60M
2025-11-12,9,687.59,PT60M
2025-11-12,10,560.03,PT60M
2025-11-12,11,354.30,PT60M
2025-11-12,12,367.62,PT60M
2025-11-12,13,441.18,PT60M
2025-11-12,14,480.50,PT60M
2025-11-12,15,587.55,PT60M
2025-11-12,16,797.29,PT60M
2025-11-12,17,1220.47,PT60M
2025-11-12,18,1332.24,PT60M
2025-11-12,19,1248.91,PT60M
2025-11-12,20,1198.99,PT60M
2025-11-12,21,924.34,PT60M
2025-11-12,22,648.60,PT60M
2025-11-12,23,636.58,PT60M
2025-11-12,24,551.00,PT60M
2025-11-13,1,615.41,PT15M
2025-11-13,2,570.09,PT15M
2025-11-13,3,559.30,PT15M
2025-11-13,4,559.30,PT15M
2025-11-13,5,559.30,PT15M
2025-11-13,6,559.30,PT15M
2025-11-13,7,552.15,PT15M
2025-11-13,8,538.67,PT15M
2025-11-13,9,551.44,PT15M
2025-11-13,10,527.77,PT15M
2025-11-13,11,541.43,PT15M
2025-11-13,12,516.88,PT15M
2025-11-13,13,533.44,PT15M
2025-11-13,14,535.46,PT15M
2025-11-13,15,535.01,PT15M
2025-11-13,16,523.96,PT15M
2025-11-13,17,508.56,PT15M
2025-11-13,18,507.94,PT15M
2025-11-13,19,541.59,PT15M
2025-11-13,20,573.13,PT15M
2025-11-13,21,520.18,PT15M
2025-11-13,22,615.42,PT15M
2025-11-13,23,807.47,PT15M
2025-11-13,24,934.58,PT15M
2025-11-13,25,888.77,PT15M
2025-11-13,26,953.75,PT15M
2025-11-13,27,897.78,PT15M
2025-11-13,28,811.70,PT15M
2025-11-13,29,796.03,PT15M
2025-11-13,30,801.30,PT15M
2025-11-13,31,688.00,PT15M
2025-11-13,32,630.70,PT15M
2025-11-13,33,717.09,PT15M
2025-11-13,34,634.14,PT15M
2025-11-13,35,581.15,PT15M
2025-11-13,36,541.22,PT15M
2025-11-13,37,561.94,PT15M
2025-11-13,38,511.18,PT15M
2025-11-13,39,548.32,PT15M
2025-11-13,40,615.38,PT15M
2025-11-13,41,626.11,PT15M
2025-11-13,42,615.41,PT15M
2025-11-13,43,624.64,PT15M
2025-11-13,44,486.78,PT15M
2025-11-13,45,499.52,PT15M
2025-11-13,46,388.88,PT15M
2025-11-13,47,410.21,PT15M
2025-11-13,48,590.96,PT15M
2025-11-13,49,527.23,PT15M
2025-11-13,50,613.71,PT15M
2025-11-13,51,583.21,PT15M
2025-11-13,52,475.84,PT15M
2025-11-13,53,584.15,PT15M
2025-11-13,54,516.34,PT15M
2025-11-13,55,522.68,PT15M
2025-11-13,56,576.82,PT15M
2025-11-13,57,561.74,PT15M
2025-11-13,58,654.79,PT15M
2025-11-13,59,707.04,PT15M
2025-11-13,60,858.31,PT15M
2025-11-13,61,653.17,PT15M
2025-11-13,62,845.42,PT15M
2025-11-13,63,1122.86,PT15M
2025-11-13,64,1331.43,PT15M
2025-11-13,65,1360.71,PT15M
2025-11-13,66,1457.15,PT15M
2025-11-13,67,1507.81,PT15M
2025-11-13,68,1554.33,PT15M
2025-11-13,69,1509.28,PT15M
2025-11-13,70,1510.05,PT15M
2025-11-13,71,1534.45,PT15M
2025-11-13,72,1536.79,PT15M
2025-11-13,73,1539.13,PT15M
2025-11-13,74,1556.72,PT15M
2025-11-13,75,1548.84,PT15M
2025-11-13,76,1500.28,PT15M
2025-11-13,77,1512.79,PT15M
2025-11-13,78,1494.74,PT15M
2025-11-13,79,1450.51,PT15M
2025-11-13,80,1364.78,PT15M
2025-11-13,81,1295.17,PT15M
2025-11-13,82,1200.65,PT15M
2025-11-13,83,1066.74,PT15M
2025-11-13,84,920.29,PT15M
2025-11-13,85,832.89,PT15M
2025-11-13,86,764.13,PT15M
2025-11-13,87,648.24,PT15M
2025-11-13,88,566.28,PT15M
2025-11-13,89,685.70,PT15M
2025-11-13,90,643.50,PT15M
2025-11-13,91,587.84,PT15M
2025-11-13,92,581.05,PT15M
2025-11-13,93,666.10,PT15M
2025-11-13,94,639.09,PT15M
2025-11-13,95,592.90,PT15M
2025-11-13,96,537.29,PT15M
2025-11-13,1,592.75,PT30M
2025-11-13,2,559.30,PT30M
2025-11-13,3,559.30,PT30M
2025-11-13,4,545.41,PT30M
2025-11-13,5,539.61,PT30M
2025-11-13,6,529.16,PT30M
2025-11-13,7,534.45,PT30M
2025-11-13,8,529.48,PT30M
2025-11-13,9,508.25,PT30M
2025-11-13,10,557.36,PT30M
2025-11-13,11,567.80,PT30M
2025-11-13,12,871.03,PT30M
2025-11-13,13,921.26,PT30M
2025-11-13,14,854.74,PT30M
2025-11-13,15,798.66,PT30M
2025-11-13,16,659.35,PT30M
2025-11-13,17,675.61,PT30M
2025-11-13,18,561.18,PT30M
2025-11-13,19,536.56,PT30M
2025-11-13,20,581.85,PT30M
2025-11-13,21,620.76,PT30M
2025-11-13,22,555.71,PT30M
2025-11-13,23,444.20,PT30M
2025-11-13,24,500.59,PT30M
2025-11-13,25,570.47,PT30M
2025-11-13,26,529.53,PT30M
2025-11-13,27,550.25,PT30M
2025-11-13,28,549.75,PT30M
2025-11-13,29,608.26,PT30M
2025-11-13,30,782.68,PT30M
2025-11-13,31,749.29,PT30M
2025-11-13,32,1227.14,PT30M
2025-11-13,33,1408.93,PT30M
2025-11-13,34,1531.07,PT30M
2025-11-13,35,1509.66,PT30M
2025-11-13,36,1535.62,PT30M
2025-11-13,37,1547.93,PT30M
2025-11-13,38,1524.56,PT30M
2025-11-13,39,1503.77,PT30M
2025-11-13,40,1407.64,PT30M
2025-11-13,41,1247.91,PT30M
2025-11-13,42,993.52,PT30M
2025-11-13,43,798.51,PT30M
2025-11-13,44,607.26,PT30M
2025-11-13,45,664.60,PT30M
2025-11-13,46,584.44,PT30M
2025-11-13,47,652.59,PT30M
2025-11-13,48,565.09,PT30M
2025-11-13,1,576.02,PT60M
2025-11-13,2,552.35,PT60M
2025-11-13,3,534.38,PT60M
2025-11-13,4,531.97,PT60M
2025-11-13,5,532.80,PT60M
2025-11-13,6,719.41,PT60M
2025-11-13,7,888.00,PT60M
2025-11-13,8,729.01,PT60M
2025-11-13,9,618.40,PT60M
2025-11-13,10,559.21,PT60M
2025-11-13,11,588.24,PT60M
2025-11-13,12,472.39,PT60M
2025-11-13,13,550.00,PT60M
2025-11-13,14,550.00,PT60M
2025-11-13,15,695.47,PT60M
2025-11-13,16,988.22,PT60M
2025-11-13,17,1470.00,PT60M
2025-11-13,18,1522.64,PT60M
2025-11-13,19,1536.24,PT60M
2025-11-13,20,1455.71,PT60M
2025-11-13,21,1120.72,PT60M
2025-11-13,22,702.89,PT60M
2025-11-13,23,624.52,PT60M
2025-11-13,24,608.84,PT60M
2025-11-14,1,544.94,PT15M
2025-11-14,2,551.15,PT15M
2025-11-14,3,540.96,PT15M
2025-11-14,4,531.16,PT15M
2025-11-14,5,536.68,PT15M
2025-11-14,6,534.30,PT15M
2025-11-14,7,528.50,PT15M
2025-11-14,8,538.89,PT15M
2025-11-14,9,530.94,PT15M
2025-11-14,10,532.47,PT15M
2025-11-14,11,524.88,PT15M
2025-11-14,12,537.07,PT15M
2025-11-14,13,523.05,PT15M
2025-11-14,14,522.87,PT15M
2025-11-14,15,521.79,PT15M
2025-11-14,16,509.85,PT15M
2025-11-14,17,487.22,PT15M
2025-11-14,18,502.25,PT15M
2025-11-14,19,526.46,PT15M
2025-11-14,20,544.21,PT15M
2025-11-14,21,513.05,PT15M
2025-11-14,22,601.42,PT15M
2025-11-14,23,683.40,PT15M
2025-11-14,24,785.79,PT15M
2025-11-14,25,658.53,PT15M
2025-11-14,26,696.30,PT15M
2025-11-14,27,697.07,PT15M
2025-11-14,28,703.40,PT15M
2025-11-14,29,702.07,PT15M
2025-11-14,30,702.64,PT15M
2025-11-14,31,703.71,PT15M
2025-11-14,32,701.31,PT15M
2025-11-14,33,807.34,PT15M
2025-11-14,34,730.34,PT15M
2025-11-14,35,679.58,PT15M
2025-11-14,36,630.87,PT15M
2025-11-14,37,712.66,PT15M
2025-11-14,38,645.19,PT15M
2025-11-14,39,638.76,PT15M
2025-11-14,40,569.31,PT15M
2025-11-14,41,650.80,PT15M
2025-11-14,42,616.76,PT15M
2025-11-14,43,567.04,PT15M
2025-11-14,44,552.12,PT15M
2025-11-14,45,586.33,PT15M
2025-11-14,46,563.97,PT15M
2025-11-14,47,559.68,PT15M
2025-11-14,48,543.76,PT15M
2025-11-14,49,542.48,PT15M
2025-11-14,50,535.09,PT15M
2025-11-14,51,532.45,PT15M
2025-11-14,52,555.56,PT15M
2025-11-14,53,551.72,PT15M
2025-11-14,54,564.52,PT15M
2025-11-14,55,595.70,PT15M
2025-11-14,56,601.19,PT15M
2025-11-14,57,555.48,PT15M
2025-11-14,58,611.79,PT15M
2025-11-14,59,708.10,PT15M
2025-11-14,60,834.08,PT15M
2025-11-14,61,593.38,PT15M
2025-11-14,62,696.01,PT15M
2025-11-14,63,870.66,PT15M
2025-11-14,64,1398.27,PT15M
2025-11-14,65,990.51,PT15M
2025-11-14,66,1068.78,PT15M
2025-11-14,67,1525.78,PT15M
2025-11-14,68,1615.02,PT15M
2025-11-14,69,1226.53,PT15M
2025-11-14,70,998.06,PT15M
2025-11-14,71,915.23,PT15M
2025-11-14,72,865.48,PT15M
2025-11-14,73,860.68,PT15M
2025-11-14,74,903.53,PT15M
2025-11-14,75,925.40,PT15M
2025-11-14,76,691.23,PT15M
2025-11-14,77,838.93,PT15M
2025-11-14,78,887.78,PT15M
2025-11-14,79,773.59,PT15M
2025-11-14,80,667.13,PT15M
2025-11-14,81,722.04,PT15M
2025-11-14,82,666.82,PT15M
2025-11-14,83,623.54,PT15M
2025-11-14,84,571.40,PT15M
2025-11-14,85,655.68,PT15M
2025-11-14,86,593.70,PT15M
2025-11-14,87,544.48,PT15M
2025-11-14,88,521.62,PT15M
2025-11-14,89,592.56,PT15M
2025-11-14,90,588.00,PT15M
2025-11-14,91,555.23,PT15M
2025-11-14,92,532.34,PT15M
2025-11-14,93,580.56,PT15M
2025-11-14,94,539.33,PT15M
2025-11-14,95,517.95,PT15M
2025-11-14,96,491.18,PT15M
2025-11-14,1,548.04,PT30M
2025-11-14,2,536.06,PT30M
2025-11-14,3,535.49,PT30M
2025-11-14,4,533.70,PT30M
2025-11-14,5,531.71,PT30M
2025-11-14,6,530.98,PT30M
2025-11-14,7,522.96,PT30M
2025-11-14,8,515.82,PT30M
2025-11-14,9,494.74,PT30M
2025-11-14,10,535.34,PT30M
2025-11-14,11,557.24,PT30M
2025-11-14,12,734.60,PT30M
2025-11-14,13,677.41,PT30M
2025-11-14,14,700.23,PT30M
2025-11-14,15,702.36,PT30M
2025-11-14,16,702.51,PT30M
2025-11-14,17,768.84,PT30M
2025-11-14,18,655.23,PT30M
2025-11-14,19,678.92,PT30M
2025-11-14,20,604.03,PT30M
2025-11-14,21,633.78,PT30M
2025-11-14,22,559.58,PT30M
2025-11-14,23,575.15,PT30M
2025-11-14,24,551.72,PT30M
2025-11-14,25,538.79,PT30M
2025-11-14,26,544.01,PT30M
2025-11-14,27,558.12,PT30M
2025-11-14,28,598.45,PT30M
2025-11-14,29,583.64,PT30M
2025-11-14,30,771.09,PT30M
2025-11-14,31,644.69,PT30M
2025-11-14,32,1134.46,PT30M
2025-11-14,33,1029.65,PT30M
2025-11-14,34,1570.40,PT30M
2025-11-14,35,1112.30,PT30M
2025-11-14,36,890.35,PT30M
2025-11-14,37,882.11,PT30M
2025-11-14,38,808.31,PT30M
2025-11-14,39,863.36,PT30M
2025-11-14,40,720.36,PT30M
2025-11-14,41,694.43,PT30M
2025-11-14,42,597.47,PT30M
2025-11-14,43,624.69,PT30M
2025-11-14,44,533.05,PT30M
2025-11-14,45,590.28,PT30M
2025-11-14,46,543.79,PT30M
2025-11-14,47,559.95,PT30M
2025-11-14,48,504.56,PT30M
2025-11-14,1,542.05,PT60M
2025-11-14,2,534.59,PT60M
2025-11-14,3,531.34,PT60M
2025-11-14,4,519.39,PT60M
2025-11-14,5,515.04,PT60M
2025-11-14,6,645.92,PT60M
2025-11-14,7,688.82,PT60M
2025-11-14,8,702.43,PT60M
2025-11-14,9,712.03,PT60M
2025-11-14,10,641.48,PT60M
2025-11-14,11,596.68,PT60M
2025-11-14,12,563.43,PT60M
2025-11-14,13,541.40,PT60M
2025-11-14,14,578.28,PT60M
2025-11-14,15,677.36,PT60M
2025-11-14,16,889.58,PT60M
2025-11-14,17,1300.02,PT60M
2025-11-14,18,1001.33,PT60M
2025-11-14,19,845.21,PT60M
2025-11-14,20,791.86,PT60M
2025-11-14,21,645.95,PT60M
2025-11-14,22,578.87,PT60M
2025-11-14,23,567.03,PT60M
2025-11-14,24,532.26,PT60M
2025-11-15,1,570.64,PT15M
2025-11-15,2,578.43,PT15M
2025-11-15,3,615.31,PT15M
2025-11-15,4,577.48,PT15M
2025-11-15,5,559.23,PT15M
2025-11-15,6,523.61,PT15M
2025-11-15,7,504.24,PT15M
2025-11-15,8,471.70,PT15M
2025-11-15,9,514.38,PT15M
2025-11-15,10,512.31,PT15M
2025-11-15,11,497.42,PT15M
2025-11-15,12,477.31,PT15M
2025-11-15,13,491.64,PT15M
2025-11-15,14,474.42,PT15M
2025-11-15,15,476.11,PT15M
2025-11-15,16,473.26,PT15M
2025-11-15,17,467.69,PT15M
2025-11-15,18,480.17,PT15M
2025-11-15,19,502.77,PT15M
2025-11-15,20,508.35,PT15M
2025-11-15,21,497.49,PT15M
2025-11-15,22,531.96,PT15M
2025-11-15,23,534.82,PT15M
2025-11-15,24,528.51,PT15M
2025-11-15,25,528.49,PT15M
2025-11-15,26,539.75,PT15M
2025-11-15,27,559.85,PT15M
2025-11-15,28,575.91,PT15M
2025-11-15,29,558.85,PT15M
2025-11-15,30,558.60,PT15M
2025-11-15,31,541.56,PT15M
2025-11-15,32,528.50,PT15M
2025-11-15,33,530.84,PT15M
2025-11-15,34,529.47,PT15M
2025-11-15,35,524.17,PT15M
2025-11-15,36,515.94,PT15M
2025-11-15,37,528.50,PT15M
2025-11-15,38,496.19,PT15M
2025-11-15,39,509.62,PT15M
2025-11-15,40,500.96,PT15M
2025-11-15,41,528.49,PT15M
2025-11-15,42,521.00,PT15M
2025-11-15,43,524.80,PT15M
2025-11-15,44,515.27,PT15M
2025-11-15,45,509.79,PT15M
2025-11-15,46,513.57,PT15M
2025-11-15,47,516.40,PT15M
2025-11-15,48,507.89,PT15M
2025-11-15,49,492.29,PT15M
2025-11-15,50,494.65,PT15M
2025-11-15,51,514.87,PT15M
2025-11-15,52,514.40,PT15M
2025-11-15,53,524.70,PT15M
2025-11-15,54,539.33,PT15M
2025-11-15,55,533.98,PT15M
2025-11-15,56,533.25,PT15M
2025-11-15,57,520.49,PT15M
2025-11-15,58,540.22,PT15M
2025-11-15,59,614.64,PT15M
2025-11-15,60,714.17,PT15M
2025-11-15,61,596.67,PT15M
2025-11-15,62,680.55,PT15M
2025-11-15,63,734.48,PT15M
2025-11-15,64,749.44,PT15M
2025-11-15,65,701.77,PT15M
2025-11-15,66,757.60,PT15M
2025-11-15,67,988.06,PT15M
2025-11-15,68,1197.77,PT15M
2025-11-15,69,948.86,PT15M
2025-11-15,70,842.25,PT15M
2025-11-15,71,755.99,PT15M
2025-11-15,72,708.09,PT15M
2025-11-15,73,838.28,PT15M
2025-11-15,74,690.25,PT15M
2025-11-15,75,663.96,PT15M
2025-11-15,76,763.00,PT15M
2025-11-15,77,758.77,PT15M
2025-11-15,78,726.72,PT15M
2025-11-15,79,721.83,PT15M
2025-11-15,80,671.29,PT15M
2025-11-15,81,712.49,PT15M
2025-11-15,82,656.41,PT15M
2025-11-15,83,620.57,PT15M
2025-11-15,84,569.50,PT15M
2025-11-15,85,627.27,PT15M
2025-11-15,86,579.97,PT15M
2025-11-15,87,575.89,PT15M
2025-11-15,88,565.43,PT15M
2025-11-15,89,626.76,PT15M
2025-11-15,90,597.41,PT15M
2025-11-15,91,563.48,PT15M
2025-11-15,92,528.42,PT15M
2025-11-15,93,579.60,PT15M
2025-11-15,94,564.31,PT15M
2025-11-15,95,526.33,PT15M
2025-11-15,96,526.00,PT15M
2025-11-15,1,574.53,PT30M
2025-11-15,2,596.39,PT30M
2025-11-15,3,541.42,PT30M
2025-11-15,4,487.97,PT30M
2025-11-15,5,513.35,PT30M
2025-11-15,6,487.37,PT30M
2025-11-15,7,483.03,PT30M
2025-11-15,8,474.68,PT30M
2025-11-15,9,473.93,PT30M
2025-11-15,10,505.56,PT30M
2025-11-15,11,514.72,PT30M
2025-11-15,12,531.66,PT30M
2025-11-15,13,534.12,PT30M
2025-11-15,14,567.88,PT30M
2025-11-15,15,558.73,PT30M
2025-11-15,16,535.03,PT30M
2025-11-15,17,530.16,PT30M
2025-11-15,18,520.05,PT30M
2025-11-15,19,512.34,PT30M
2025-11-15,20,505.29,PT30M
2025-11-15,21,524.74,PT30M
2025-11-15,22,520.03,PT30M
2025-11-15,23,511.68,PT30M
2025-11-15,24,512.15,PT30M
2025-11-15,25,493.47,PT30M
2025-11-15,26,514.63,PT30M
2025-11-15,27,532.01,PT30M
2025-11-15,28,533.62,PT30M
2025-11-15,29,530.35,PT30M
2025-11-15,30,664.41,PT30M
2025-11-15,31,638.61,PT30M
2025-11-15,32,741.96,PT30M
2025-11-15,33,729.68,PT30M
2025-11-15,34,1092.91,PT30M
2025-11-15,35,895.55,PT30M
2025-11-15,36,732.04,PT30M
2025-11-15,37,764.27,PT30M
2025-11-15,38,713.48,PT30M
2025-11-15,39,742.75,PT30M
2025-11-15,40,696.56,PT30M
2025-11-15,41,684.45,PT30M
2025-11-15,42,595.03,PT30M
2025-11-15,43,603.62,PT30M
2025-11-15,44,570.66,PT30M
2025-11-15,45,612.09,PT30M
2025-11-15,46,545.95,PT30M
2025-11-15,47,571.96,PT30M
2025-11-15,48,526.16,PT30M
2025-11-15,1,585.46,PT60M
2025-11-15,2,514.69,PT60M
2025-11-15,3,500.36,PT60M
2025-11-15,4,478.86,PT60M
2025-11-15,5,489.74,PT60M
2025-11-15,6,523.19,PT60M
2025-11-15,7,551.00,PT60M
2025-11-15,8,546.88,PT60M
2025-11-15,9,525.11,PT60M
2025-11-15,10,508.82,PT60M
2025-11-15,11,522.39,PT60M
2025-11-15,12,511.91,PT60M
2025-11-15,13,504.05,PT60M
2025-11-15,14,532.81,PT60M
2025-11-15,15,597.38,PT60M
2025-11-15,16,690.28,PT60M
2025-11-15,17,911.30,PT60M
2025-11-15,18,813.80,PT60M
2025-11-15,19,738.87,PT60M
2025-11-15,20,719.65,PT60M
2025-11-15,21,639.74,PT60M
2025-11-15,22,587.14,PT60M
2025-11-15,23,579.02,PT60M
2025-11-15,24,549.06,PT60M
2025-11-16,1,584.45,PT15M
2025-11-16,2,551.00,PT15M
2025-11-16,3,535.98,PT15M
2025-11-16,4,528.57,PT15M
2025-11-16,5,528.56,PT15M
2025-11-16,6,508.47,PT15M
2025-11-16,7,508.47,PT15M
2025-11-16,8,494.77,PT15M
2025-11-16,9,508.47,PT15M
2025-11-16,10,508.47,PT15M
2025-11-16,11,505.33,PT15M
2025-11-16,12,505.24,PT15M
2025-11-16,13,513.27,PT15M
2025-11-16,14,508.47,PT15M
2025-11-16,15,508.47,PT15M
2025-11-16,16,517.50,PT15M
2025-11-16,17,508.47,PT15M
2025-11-16,18,508.47,PT15M
2025-11-16,19,520.07,PT15M
2025-11-16,20,528.59,PT15M
2025-11-16,21,517.45,PT15M
2025-11-16,22,519.13,PT15M
2025-11-16,23,535.10,PT15M
2025-11-16,24,553.93,PT15M
2025-11-16,25,541.98,PT15M
2025-11-16,26,541.90,PT15M
2025-11-16,27,531.58,PT15M
2025-11-16,28,522.15,PT15M
2025-11-16,29,518.00,PT15M
2025-11-16,30,523.91,PT15M
2025-11-16,31,491.97,PT15M
2025-11-16,32,507.84,PT15M
2025-11-16,33,524.56,PT15M
2025-11-16,34,524.76,PT15M
2025-11-16,35,528.57,PT15M
2025-11-16,36,508.23,PT15M
2025-11-16,37,541.70,PT15M
2025-11-16,38,539.81,PT15M
2025-11-16,39,535.87,PT15M
2025-11-16,40,528.60,PT15M
2025-11-16,41,531.43,PT15M
2025-11-16,42,528.58,PT15M
2025-11-16,43,523.11,PT15M
2025-11-16,44,528.57,PT15M
2025-11-16,45,542.36,PT15M
2025-11-16,46,549.96,PT15M
2025-11-16,47,550.74,PT15M
2025-11-16,48,530.67,PT15M
2025-11-16,49,554.07,PT15M
2025-11-16,50,530.16,PT15M
2025-11-16,51,527.44,PT15M
2025-11-16,52,526.96,PT15M
2025-11-16,53,539.57,PT15M
2025-11-16,54,567.79,PT15M
2025-11-16,55,541.68,PT15M
2025-11-16,56,550.96,PT15M
2025-11-16,57,537.28,PT15M
2025-11-16,58,582.30,PT15M
2025-11-16,59,599.54,PT15M
2025-11-16,60,601.24,PT15M
2025-11-16,61,571.68,PT15M
2025-11-16,62,606.91,PT15M
2025-11-16,63,634.96,PT15M
2025-11-16,64,674.36,PT15M
2025-11-16,65,627.00,PT15M
2025-11-16,66,688.12,PT15M
2025-11-16,67,706.59,PT15M
2025-11-16,68,874.77,PT15M
2025-11-16,69,683.70,PT15M
2025-11-16,70,676.54,PT15M
2025-11-16,71,696.94,PT15M
2025-11-16,72,686.74,PT15M
2025-11-16,73,660.14,PT15M
2025-11-16,74,650.60,PT15M
2025-11-16,75,647.31,PT15M
2025-11-16,76,635.16,PT15M
2025-11-16,77,633.75,PT15M
2025-11-16,78,612.38,PT15M
2025-11-16,79,606.63,PT15M
2025-11-16,80,603.64,PT15M
2025-11-16,81,627.94,PT15M
2025-11-16,82,611.73,PT15M
2025-11-16,83,572.03,PT15M
2025-11-16,84,535.92,PT15M
2025-11-16,85,587.59,PT15M
2025-11-16,86,552.14,PT15M
2025-11-16,87,532.65,PT15M
2025-11-16,88,511.48,PT15M
2025-11-16,89,546.55,PT15M
2025-11-16,90,529.86,PT15M
2025-11-16,91,473.84,PT15M
2025-11-16,92,464.52,PT15M
2025-11-16,93,516.53,PT15M
2025-11-16,94,447.94,PT15M
2025-11-16,95,437.18,PT15M
2025-11-16,96,384.90,PT15M
2025-11-16,1,567.72,PT30M
2025-11-16,2,532.28,PT30M
2025-11-16,3,518.52,PT30M
2025-11-16,4,501.62,PT30M
2025-11-16,5,508.47,PT30M
2025-11-16,6,505.28,PT30M
2025-11-16,7,510.87,PT30M
2025-11-16,8,512.98,PT30M
2025-11-16,9,508.47,PT30M
2025-11-16,10,524.33,PT30M
2025-11-16,11,518.29,PT30M
2025-11-16,12,544.51,PT30M
2025-11-16,13,541.94,PT30M
2025-11-16,14,526.87,PT30M
2025-11-16,15,520.96,PT30M
2025-11-16,16,499.91,PT30M
2025-11-16,17,524.66,PT30M
2025-11-16,18,518.40,PT30M
2025-11-16,19,540.75,PT30M
2025-11-16,20,532.24,PT30M
2025-11-16,21,530.01,PT30M
2025-11-16,22,525.84,PT30M
2025-11-16,23,546.16,PT30M
2025-11-16,24,540.70,PT30M
2025-11-16,25,542.11,PT30M
2025-11-16,26,527.20,PT30M
2025-11-16,27,553.68,PT30M
2025-11-16,28,546.32,PT30M
2025-11-16,29,559.79,PT30M
2025-11-16,30,600.39,PT30M
2025-11-16,31,589.29,PT30M
2025-11-16,32,654.66,PT30M
2025-11-16,33,657.56,PT30M
2025-11-16,34,790.68,PT30M
2025-11-16,35,680.12,PT30M
2025-11-16,36,691.84,PT30M
2025-11-16,37,655.37,PT30M
2025-11-16,38,641.23,PT30M
2025-11-16,39,623.06,PT30M
2025-11-16,40,605.14,PT30M
2025-11-16,41,619.83,PT30M
2025-11-16,42,553.98,PT30M
2025-11-16,43,569.86,PT30M
2025-11-16,44,522.06,PT30M
2025-11-16,45,538.21,PT30M
2025-11-16,46,469.18,PT30M
2025-11-16,47,482.23,PT30M
2025-11-16,48,411.04,PT30M
2025-11-16,1,550.00,PT60M
2025-11-16,2,510.07,PT60M
2025-11-16,3,506.88,PT60M
2025-11-16,4,511.93,PT60M
2025-11-16,5,516.40,PT60M
2025-11-16,6,531.40,PT60M
2025-11-16,7,534.40,PT60M
2025-11-16,8,510.43,PT60M
2025-11-16,9,521.53,PT60M
2025-11-16,10,536.50,PT60M
2025-11-16,11,527.92,PT60M
2025-11-16,12,543.43,PT60M
2025-11-16,13,534.66,PT60M
2025-11-16,14,550.00,PT60M
2025-11-16,15,580.09,PT60M
2025-11-16,16,621.98,PT60M
2025-11-16,17,724.12,PT60M
2025-11-16,18,685.98,PT60M
2025-11-16,19,648.30,PT60M
2025-11-16,20,614.10,PT60M
2025-11-16,21,586.91,PT60M
2025-11-16,22,545.96,PT60M
2025-11-16,23,503.69,PT60M
2025-11-16,24,446.64,PT60M
2025-11-17,1,462.83,PT15M
2025-11-17,2,466.23,PT15M
2025-11-17,3,474.65,PT15M
2025-11-17,4,446.62,PT15M
2025-11-17,5,446.13,PT15M
2025-11-17,6,428.34,PT15M
2025-11-17,7,413.85,PT15M
2025-11-17,8,386.78,PT15M
2025-11-17,9,403.13,PT15M
2025-11-17,10,386.88,PT15M
2025-11-17,11,380.86,PT15M
2025-11-17,12,375.17,PT15M
2025-11-17,13,380.88,PT15M
2025-11-17,14,375.04,PT15M
2025-11-17,15,380.87,PT15M
2025-11-17,16,380.86,PT15M
2025-11-17,17,380.85,PT15M
2025-11-17,18,383.53,PT15M
2025-11-17,19,401.96,PT15M
2025-11-17,20,431.61,PT15M
2025-11-17,21,382.54,PT15M
2025-11-17,22,444.12,PT15M
2025-11-17,23,479.15,PT15M
2025-11-17,24,538.59,PT15M
2025-11-17,25,482.72,PT15M
2025-11-17,26,532.07,PT15M
2025-11-17,27,587.59,PT15M
2025-11-17,28,612.60,PT15M
2025-11-17,29,581.05,PT15M
2025-11-17,30,608.88,PT15M
2025-11-17,31,631.52,PT15M
2025-11-17,32,622.18,PT15M
2025-11-17,33,705.09,PT15M
2025-11-17,34,655.29,PT15M
2025-11-17,35,648.14,PT15M
2025-11-17,36,621.95,PT15M
2025-11-17,37,710.16,PT15M
2025-11-17,38,666.82,PT15M
2025-11-17,39,642.79,PT15M
2025-11-17,40,615.44,PT15M
2025-11-17,41,653.29,PT15M
2025-11-17,42,617.83,PT15M
2025-11-17,43,646.98,PT15M
2025-11-17,44,656.21,PT15M
2025-11-17,45,616.30,PT15M
2025-11-17,46,627.70,PT15M
2025-11-17,47,625.65,PT15M
2025-11-17,48,615.45,PT15M
2025-11-17,49,639.30,PT15M
2025-11-17,50,633.22,PT15M
2025-11-17,51,616.00,PT15M
2025-11-17,52,615.43,PT15M
2025-11-17,53,657.34,PT15M
2025-11-17,54,650.76,PT15M
2025-11-17,55,629.84,PT15M
2025-11-17,56,647.17,PT15M
2025-11-17,57,597.71,PT15M
2025-11-17,58,654.59,PT15M
2025-11-17,59,682.15,PT15M
2025-11-17,60,682.96,PT15M
2025-11-17,61,585.97,PT15M
2025-11-17,62,602.15,PT15M
2025-11-17,63,630.57,PT15M
2025-11-17,64,656.13,PT15M
2025-11-17,65,586.02,PT15M
2025-11-17,66,604.99,PT15M
2025-11-17,67,624.74,PT15M
2025-11-17,68,652.81,PT15M
2025-11-17,69,593.07,PT15M
2025-11-17,70,610.37,PT15M
2025-11-17,71,604.93,PT15M
2025-11-17,72,610.12,PT15M
2025-11-17,73,612.87,PT15M
2025-11-17,74,581.29,PT15M
2025-11-17,75,589.06,PT15M
2025-11-17,76,590.33,PT15M
2025-11-17,77,582.66,PT15M
2025-11-17,78,570.61,PT15M
2025-11-17,79,552.81,PT15M
2025-11-17,80,545.67,PT15M
2025-11-17,81,549.05,PT15M
2025-11-17,82,545.65,PT15M
2025-11-17,83,530.72,PT15M
2025-11-17,84,471.66,PT15M
2025-11-17,85,522.65,PT15M
2025-11-17,86,485.68,PT15M
2025-11-17,87,464.13,PT15M
2025-11-17,88,434.28,PT15M
2025-11-17,89,484.56,PT15M
2025-11-17,90,464.89,PT15M
2025-11-17,91,459.41,PT15M
2025-11-17,92,430.75,PT15M
2025-11-17,93,460.95,PT15M
2025-11-17,94,425.84,PT15M
2025-11-17,95,398.59,PT15M
2025-11-17,96,366.10,PT15M
2025-11-17,1,464.53,PT30M
2025-11-17,2,460.64,PT30M
2025-11-17,3,437.23,PT30M
2025-11-17,4,400.31,PT30M
2025-11-17,5,395.01,PT30M
2025-11-17,6,378.01,PT30M
2025-11-17,7,377.96,PT30M
2025-11-17,8,380.87,PT30M
2025-11-17,9,382.19,PT30M
2025-11-17,10,416.79,PT30M
2025-11-17,11,413.33,PT30M
2025-11-17,12,508.87,PT30M
2025-11-17,13,507.39,PT30M
2025-11-17,14,600.10,PT30M
2025-11-17,15,594.97,PT30M
2025-11-17,16,626.85,PT30M
2025-11-17,17,680.19,PT30M
2025-11-17,18,635.04,PT30M
2025-11-17,19,688.49,PT30M
2025-11-17,20,629.11,PT30M
2025-11-17,21,635.56,PT30M
2025-11-17,22,651.60,PT30M
2025-11-17,23,622.00,PT30M
2025-11-17,24,620.55,PT30M
2025-11-17,25,636.26,PT30M
2025-11-17,26,615.72,PT30M
2025-11-17,27,654.05,PT30M
2025-11-17,28,638.50,PT30M
2025-11-17,29,626.15,PT30M
2025-11-17,30,682.56,PT30M
2025-11-17,31,594.06,PT30M
2025-11-17,32,643.35,PT30M
2025-11-17,33,595.51,PT30M
2025-11-17,34,638.77,PT30M
2025-11-17,35,601.72,PT30M
2025-11-17,36,607.53,PT30M
2025-11-17,37,597.08,PT30M
2025-11-17,38,589.70,PT30M
2025-11-17,39,576.63,PT30M
2025-11-17,40,549.24,PT30M
2025-11-17,41,547.35,PT30M
2025-11-17,42,501.19,PT30M
2025-11-17,43,504.16,PT30M
2025-11-17,44,449.21,PT30M
2025-11-17,45,474.72,PT30M
2025-11-17,46,445.08,PT30M
2025-11-17,47,443.40,PT30M
2025-11-17,48,382.34,PT30M
2025-11-17,1,462.58,PT60M
2025-11-17,2,418.77,PT60M
2025-11-17,3,386.51,PT60M
2025-11-17,4,379.41,PT60M
2025-11-17,5,399.49,PT60M
2025-11-17,6,461.10,PT60M
2025-11-17,7,553.74,PT60M
2025-11-17,8,610.91,PT60M
2025-11-17,9,657.62,PT60M
2025-11-17,10,658.80,PT60M
2025-11-17,11,643.58,PT60M
2025-11-17,12,621.27,PT60M
2025-11-17,13,625.99,PT60M
2025-11-17,14,646.28,PT60M
2025-11-17,15,654.35,PT60M
2025-11-17,16,618.70,PT60M
2025-11-17,17,617.14,PT60M
2025-11-17,18,604.62,PT60M
2025-11-17,19,593.39,PT60M
2025-11-17,20,562.94,PT60M
2025-11-17,21,524.27,PT60M
2025-11-17,22,476.69,PT60M
2025-11-17,23,459.90,PT60M
2025-11-17,24,412.87,PT60M
2025-11-18,1,452.88,PT15M
2025-11-18,2,424.69,PT15M
2025-11-18,3,441.38,PT15M
2025-11-18,4,415.53,PT15M
2025-11-18,5,443.20,PT15M
2025-11-18,6,424.17,PT15M
2025-11-18,7,421.13,PT15M
2025-11-18,8,405.90,PT15M
2025-11-18,9,416.26,PT15M
2025-11-18,10,404.63,PT15M
2025-11-18,11,403.14,PT15M
2025-11-18,12,392.72,PT15M
2025-11-18,13,399.86,PT15M
2025-11-18,14,397.77,PT15M
2025-11-18,15,398.05,PT15M
2025-11-18,16,396.76,PT15M
2025-11-18,17,393.93,PT15M
2025-11-18,18,404.78,PT15M
2025-11-18,19,418.31,PT15M
2025-11-18,20,434.73,PT15M
2025-11-18,21,392.87,PT15M
2025-11-18,22,426.89,PT15M
2025-11-18,23,442.84,PT15M
2025-11-18,24,452.43,PT15M
2025-11-18,25,444.79,PT15M
2025-11-18,26,485.18,PT15M
2025-11-18,27,529.28,PT15M
2025-11-18,28,616.63,PT15M
2025-11-18,29,615.40,PT15M
2025-11-18,30,619.34,PT15M
2025-11-18,31,593.16,PT15M
2025-11-18,32,560.09,PT15M
2025-11-18,33,676.55,PT15M
2025-11-18,34,643.94,PT15M
2025-11-18,35,606.30,PT15M
2025-11-18,36,522.47,PT15M
2025-11-18,37,680.49,PT15M
2025-11-18,38,564.75,PT15M
2025-11-18,39,504.79,PT15M
2025-11-18,40,449.81,PT15M
2025-11-18,41,522.40,PT15M
2025-11-18,42,457.70,PT15M
2025-11-18,43,456.92,PT15M
2025-11-18,44,449.33,PT15M
2025-11-18,45,457.77,PT15M
2025-11-18,46,458.08,PT15M
2025-11-18,47,463.63,PT15M
2025-11-18,48,474.48,PT15M
2025-11-18,49,458.28,PT15M
2025-11-18,50,463.72,PT15M
2025-11-18,51,464.30,PT15M
2025-11-18,52,511.36,PT15M
2025-11-18,53,488.73,PT15M
2025-11-18,54,540.86,PT15M
2025-11-18,55,560.91,PT15M
2025-11-18,56,568.59,PT15M
2025-11-18,57,528.57,PT15M
2025-11-18,58,599.58,PT15M
2025-11-18,59,644.98,PT15M
2025-11-18,60,673.66,PT15M
2025-11-18,61,596.57,PT15M
2025-11-18,62,642.75,PT15M
2025-11-18,63,717.58,PT15M
2025-11-18,64,780.70,PT15M
2025-11-18,65,692.05,PT15M
2025-11-18,66,759.10,PT15M
2025-11-18,67,819.46,PT15M
2025-11-18,68,910.96,PT15M
2025-11-18,69,764.08,PT15M
2025-11-18,70,804.78,PT15M
2025-11-18,71,796.59,PT15M
2025-11-18,72,775.12,PT15M
2025-11-18,73,778.16,PT15M
2025-11-18,74,739.16,PT15M
2025-11-18,75,710.97,PT15M
2025-11-18,76,735.40,PT15M
2025-11-18,77,714.79,PT15M
2025-11-18,78,699.44,PT15M
2025-11-18,79,684.13,PT15M
2025-11-18,80,657.75,PT15M
2025-11-18,81,702.59,PT15M
2025-11-18,82,660.32,PT15M
2025-11-18,83,616.25,PT15M
2025-11-18,84,570.05,PT15M
2025-11-18,85,616.04,PT15M
2025-11-18,86,589.80,PT15M
2025-11-18,87,559.71,PT15M
2025-11-18,88,522.30,PT15M
2025-11-18,89,583.12,PT15M
2025-11-18,90,564.13,PT15M
2025-11-18,91,528.59,PT15M
2025-11-18,92,464.33,PT15M
2025-11-18,93,494.97,PT15M
2025-11-18,94,453.13,PT15M
2025-11-18,95,451.76,PT15M
2025-11-18,96,429.81,PT15M
2025-11-18,1,438.78,PT30M
2025-11-18,2,428.46,PT30M
2025-11-18,3,433.69,PT30M
2025-11-18,4,413.52,PT30M
2025-11-18,5,410.44,PT30M
2025-11-18,6,397.93,PT30M
2025-11-18,7,398.81,PT30M
2025-11-18,8,397.40,PT30M
2025-11-18,9,399.35,PT30M
2025-11-18,10,426.52,PT30M
2025-11-18,11,409.88,PT30M
2025-11-18,12,447.63,PT30M
2025-11-18,13,464.99,PT30M
2025-11-18,14,572.96,PT30M
2025-11-18,15,617.37,PT30M
2025-11-18,16,576.62,PT30M
2025-11-18,17,660.25,PT30M
2025-11-18,18,564.39,PT30M
2025-11-18,19,622.62,PT30M
2025-11-18,20,477.30,PT30M
2025-11-18,21,490.05,PT30M
2025-11-18,22,453.12,PT30M
2025-11-18,23,457.92,PT30M
2025-11-18,24,469.06,PT30M
2025-11-18,25,461.00,PT30M
2025-11-18,26,487.83,PT30M
2025-11-18,27,514.79,PT30M
2025-11-18,28,564.75,PT30M
2025-11-18,29,564.08,PT30M
2025-11-18,30,659.32,PT30M
2025-11-18,31,619.66,PT30M
2025-11-18,32,749.14,PT30M
2025-11-18,33,725.57,PT30M
2025-11-18,34,865.21,PT30M
2025-11-18,35,784.43,PT30M
2025-11-18,36,785.86,PT30M
2025-11-18,37,758.66,PT30M
2025-11-18,38,723.18,PT30M
2025-11-18,39,707.12,PT30M
2025-11-18,40,670.94,PT30M
2025-11-18,41,681.46,PT30M
2025-11-18,42,593.15,PT30M
2025-11-18,43,602.92,PT30M
2025-11-18,44,541.01,PT30M
2025-11-18,45,573.62,PT30M
2025-11-18,46,496.46,PT30M
2025-11-18,47,474.05,PT30M
2025-11-18,48,440.79,PT30M
2025-11-18,1,433.62,PT60M
2025-11-18,2,423.60,PT60M
2025-11-18,3,404.19,PT60M
2025-11-18,4,398.11,PT60M
2025-11-18,5,412.94,PT60M
2025-11-18,6,428.76,PT60M
2025-11-18,7,518.97,PT60M
2025-11-18,8,597.00,PT60M
2025-11-18,9,612.32,PT60M
2025-11-18,10,549.96,PT60M
2025-11-18,11,471.59,PT60M
2025-11-18,12,463.49,PT60M
2025-11-18,13,474.41,PT60M
2025-11-18,14,539.77,PT60M
2025-11-18,15,611.70,PT60M
2025-11-18,16,684.40,PT60M
2025-11-18,17,795.39,PT60M
2025-11-18,18,785.14,PT60M
2025-11-18,19,740.92,PT60M
2025-11-18,20,689.03,PT60M
2025-11-18,21,637.30,PT60M
2025-11-18,22,571.96,PT60M
2025-11-18,23,535.04,PT60M
2025-11-18,24,457.42,PT60M
2025-11-19,1,465.02,PT15M
2025-11-19,2,447.43,PT15M
2025-11-19,3,440.77,PT15M
2025-11-19,4,444.20,PT15M
2025-11-19,5,441.59,PT15M
2025-11-19,6,430.66,PT15M
2025-11-19,7,442.93,PT15M
2025-11-19,8,441.60,PT15M
2025-11-19,9,436.10,PT15M
2025-11-19,10,420.63,PT15M
2025-11-19,11,432.42,PT15M
2025-11-19,12,435.81,PT15M
2025-11-19,13,418.13,PT15M
2025-11-19,14,427.43,PT15M
2025-11-19,15,433.06,PT15M
2025-11-19,16,440.37,PT15M
2025-11-19,17,414.24,PT15M
2025-11-19,18,433.51,PT15M
2025-11-19,19,447.43,PT15M
2025-11-19,20,474.86,PT15M
2025-11-19,21,457.90,PT15M
2025-11-19,22,509.92,PT15M
2025-11-19,23,563.33,PT15M
2025-11-19,24,586.54,PT15M
2025-11-19,25,529.95,PT15M
2025-11-19,26,607.64,PT15M
2025-11-19,27,650.99,PT15M
2025-11-19,28,770.37,PT15M
2025-11-19,29,716.35,PT15M
2025-11-19,30,765.18,PT15M
2025-11-19,31,767.77,PT15M
2025-11-19,32,793.65,PT15M
2025-11-19,33,805.51,PT15M
2025-11-19,34,725.47,PT15M
2025-11-19,35,680.60,PT15M
2025-11-19,36,701.87,PT15M
2025-11-19,37,830.91,PT15M
2025-11-19,38,729.99,PT15M
2025-11-19,39,683.36,PT15M
2025-11-19,40,771.74,PT15M
2025-11-19,41,678.33,PT15M
2025-11-19,42,751.64,PT15M
2025-11-19,43,719.53,PT15M
2025-11-19,44,722.50,PT15M
2025-11-19,45,706.15,PT15M
2025-11-19,46,720.48,PT15M
2025-11-19,47,721.32,PT15M
2025-11-19,48,685.03,PT15M
2025-11-19,49,719.32,PT15M
2025-11-19,50,696.50,PT15M
2025-11-19,51,679.70,PT15M
2025-11-19,52,648.42,PT15M
2025-11-19,53,654.69,PT15M
2025-11-19,54,680.40,PT15M
2025-11-19,55,701.87,PT15M
2025-11-19,56,763.04,PT15M
2025-11-19,57,665.83,PT15M
2025-11-19,58,649.80,PT15M
2025-11-19,59,690.53,PT15M
2025-11-19,60,1326.55,PT15M
2025-11-19,61,668.09,PT15M
2025-11-19,62,1103.25,PT15M
2025-11-19,63,1283.71,PT15M
2025-11-19,64,1023.45,PT15M
2025-11-19,65,780.35,PT15M
2025-11-19,66,849.55,PT15M
2025-11-19,67,1107.53,PT15M
2025-11-19,68,1186.02,PT15M
2025-11-19,69,791.99,PT15M
2025-11-19,70,776.61,PT15M
2025-11-19,71,757.22,PT15M
2025-11-19,72,715.04,PT15M
2025-11-19,73,731.89,PT15M
2025-11-19,74,715.28,PT15M
2025-11-19,75,690.07,PT15M
2025-11-19,76,669.58,PT15M
2025-11-19,77,708.86,PT15M
2025-11-19,78,713.96,PT15M
2025-11-19,79,674.91,PT15M
2025-11-19,80,664.35,PT15M
2025-11-19,81,728.25,PT15M
2025-11-19,82,669.19,PT15M
2025-11-19,83,660.07,PT15M
2025-11-19,84,580.56,PT15M
2025-11-19,85,650.67,PT15M
2025-11-19,86,631.44,PT15M
2025-11-19,87,608.17,PT15M
2025-11-19,88,559.43,PT15M
2025-11-19,89,605.29,PT15M
2025-11-19,90,576.75,PT15M
2025-11-19,91,528.27,PT15M
2025-11-19,92,486.12,PT15M
2025-11-19,93,486.83,PT15M
2025-11-19,94,475.31,PT15M
2025-11-19,95,458.57,PT15M
2025-11-19,96,448.05,PT15M
2025-11-19,1,456.23,PT30M
2025-11-19,2,442.49,PT30M
2025-11-19,3,436.12,PT30M
2025-11-19,4,442.27,PT30M
2025-11-19,5,428.36,PT30M
2025-11-19,6,434.11,PT30M
2025-11-19,7,422.78,PT30M
2025-11-19,8,436.72,PT30M
2025-11-19,9,423.87,PT30M
2025-11-19,10,461.14,PT30M
2025-11-19,11,483.91,PT30M
2025-11-19,12,574.94,PT30M
2025-11-19,13,568.79,PT30M
2025-11-19,14,710.68,PT30M
2025-11-19,15,740.77,PT30M
2025-11-19,16,780.71,PT30M
2025-11-19,17,765.49,PT30M
2025-11-19,18,691.24,PT30M
2025-11-19,19,780.45,PT30M
2025-11-19,20,727.55,PT30M
2025-11-19,21,714.99,PT30M
2025-11-19,22,721.01,PT30M
2025-11-19,23,713.31,PT30M
2025-11-19,24,703.18,PT30M
2025-11-19,25,707.91,PT30M
2025-11-19,26,664.06,PT30M
2025-11-19,27,667.54,PT30M
2025-11-19,28,732.46,PT30M
2025-11-19,29,657.82,PT30M
2025-11-19,30,1008.54,PT30M
2025-11-19,31,885.67,PT30M
2025-11-19,32,1153.58,PT30M
2025-11-19,33,814.95,PT30M
2025-11-19,34,1146.78,PT30M
2025-11-19,35,784.30,PT30M
2025-11-19,36,736.13,PT30M
2025-11-19,37,723.59,PT30M
2025-11-19,38,679.82,PT30M
2025-11-19,39,711.41,PT30M
2025-11-19,40,669.63,PT30M
2025-11-19,41,698.72,PT30M
2025-11-19,42,620.31,PT30M
2025-11-19,43,641.06,PT30M
2025-11-19,44,583.80,PT30M
2025-11-19,45,591.02,PT30M
2025-11-19,46,507.19,PT30M
2025-11-19,47,481.07,PT30M
2025-11-19,48,453.31,PT30M
2025-11-19,1,449.36,PT60M
2025-11-19,2,439.19,PT60M
2025-11-19,3,431.24,PT60M
2025-11-19,4,429.75,PT60M
2025-11-19,5,442.51,PT60M
2025-11-19,6,529.42,PT60M
2025-11-19,7,639.74,PT60M
2025-11-19,8,760.74,PT60M
2025-11-19,9,728.36,PT60M
2025-11-19,10,754.00,PT60M
2025-11-19,11,718.00,PT60M
2025-11-19,12,708.24,PT60M
2025-11-19,13,685.99,PT60M
2025-11-19,14,700.00,PT60M
2025-11-19,15,833.18,PT60M
2025-11-19,16,1019.62,PT60M
2025-11-19,17,980.86,PT60M
2025-11-19,18,760.21,PT60M
2025-11-19,19,701.71,PT60M
2025-11-19,20,690.52,PT60M
2025-11-19,21,659.52,PT60M
2025-11-19,22,612.43,PT60M
2025-11-19,23,549.11,PT60M
2025-11-19,24,467.19,PT60M
2025-11-20,1,476.29,PT15M
2025-11-20,2,470.97,PT15M
2025-11-20,3,455.54,PT15M
2025-11-20,4,449.29,PT15M
2025-11-20,5,458.46,PT15M
2025-11-20,6,452.48,PT15M
2025-11-20,7,449.30,PT15M
2025-11-20,8,446.56,PT15M
2025-11-20,9,451.70,PT15M
2025-11-20,10,447.14,PT15M
2025-11-20,11,443.96,PT15M
2025-11-20,12,443.07,PT15M
2025-11-20,13,442.66,PT15M
2025-11-20,14,447.20,PT15M
2025-11-20,15,446.28,PT15M
2025-11-20,16,446.28,PT15M
2025-11-20,17,442.23,PT15M
2025-11-20,18,445.04,PT15M
2025-11-20,19,447.96,PT15M
2025-11-20,20,454.72,PT15M
2025-11-20,21,449.02,PT15M
2025-11-20,22,500.62,PT15M
2025-11-20,23,541.63,PT15M
2025-11-20,24,574.31,PT15M
2025-11-20,25,565.87,PT15M
2025-11-20,26,622.70,PT15M
2025-11-20,27,694.35,PT15M
2025-11-20,28,802.40,PT15M
2025-11-20,29,729.67,PT15M
2025-11-20,30,735.32,PT15M
2025-11-20,31,765.32,PT15M
2025-11-20,32,792.76,PT15M
2025-11-20,33,786.86,PT15M
2025-11-20,34,826.31,PT15M
2025-11-20,35,809.86,PT15M
2025-11-20,36,776.41,PT15M
2025-11-20,37,900.58,PT15M
2025-11-20,38,778.28,PT15M
2025-11-20,39,763.23,PT15M
2025-11-20,40,688.33,PT15M
2025-11-20,41,830.35,PT15M
2025-11-20,42,749.04,PT15M
2025-11-20,43,730.46,PT15M
2025-11-20,44,676.76,PT15M
2025-11-20,45,733.80,PT15M
2025-11-20,46,729.36,PT15M
2025-11-20,47,698.55,PT15M
2025-11-20,48,683.15,PT15M
2025-11-20,49,705.29,PT15M
2025-11-20,50,695.51,PT15M
2025-11-20,51,724.20,PT15M
2025-11-20,52,733.93,PT15M
2025-11-20,53,731.33,PT15M
2025-11-20,54,754.89,PT15M
2025-11-20,55,788.16,PT15M
2025-11-20,56,792.13,PT15M
2025-11-20,57,692.70,PT15M
2025-11-20,58,782.39,PT15M
2025-11-20,59,876.56,PT15M
2025-11-20,60,1080.88,PT15M
2025-11-20,61,770.77,PT15M
2025-11-20,62,797.36,PT15M
2025-11-20,63,852.10,PT15M
2025-11-20,64,972.62,PT15M
2025-11-20,65,821.50,PT15M
2025-11-20,66,916.04,PT15M
2025-11-20,67,993.65,PT15M
2025-11-20,68,1035.97,PT15M
2025-11-20,69,890.96,PT15M
2025-11-20,70,904.61,PT15M
2025-11-20,71,891.02,PT15M
2025-11-20,72,874.27,PT15M
2025-11-20,73,870.02,PT15M
2025-11-20,74,837.73,PT15M
2025-11-20,75,812.06,PT15M
2025-11-20,76,805.18,PT15M
2025-11-20,77,847.84,PT15M
2025-11-20,78,797.44,PT15M
2025-11-20,79,788.28,PT15M
2025-11-20,80,746.06,PT15M
2025-11-20,81,745.35,PT15M
2025-11-20,82,754.72,PT15M
2025-11-20,83,693.30,PT15M
2025-11-20,84,609.90,PT15M
2025-11-20,85,698.72,PT15M
2025-11-20,86,656.81,PT15M
2025-11-20,87,591.37,PT15M
2025-11-20,88,555.83,PT15M
2025-11-20,89,605.54,PT15M
2025-11-20,90,593.10,PT15M
2025-11-20,91,565.87,PT15M
2025-11-20,92,509.10,PT15M
2025-11-20,93,538.20,PT15M
2025-11-20,94,475.48,PT15M
2025-11-20,95,457.75,PT15M
2025-11-20,96,437.27,PT15M
2025-11-20,1,473.63,PT30M
2025-11-20,2,452.42,PT30M
2025-11-20,3,455.47,PT30M
2025-11-20,4,447.93,PT30M
2025-11-20,5,449.42,PT30M
2025-11-20,6,443.52,PT30M
2025-11-20,7,444.93,PT30M
2025-11-20,8,446.28,PT30M
2025-11-20,9,443.64,PT30M
2025-11-20,10,451.34,PT30M
2025-11-20,11,474.82,PT30M
2025-11-20,12,557.97,PT30M
2025-11-20,13,594.28,PT30M
2025-11-20,14,748.38,PT30M
2025-11-20,15,732.49,PT30M
2025-11-20,16,779.04,PT30M
2025-11-20,17,806.58,PT30M
2025-11-20,18,793.14,PT30M
2025-11-20,19,839.43,PT30M
2025-11-20,20,725.78,PT30M
2025-11-20,21,789.69,PT30M
2025-11-20,22,703.61,PT30M
2025-11-20,23,731.58,PT30M
2025-11-20,24,690.85,PT30M
2025-11-20,25,700.40,PT30M
2025-11-20,26,729.07,PT30M
2025-11-20,27,743.11,PT30M
2025-11-20,28,790.14,PT30M
2025-11-20,29,737.54,PT30M
2025-11-20,30,978.72,PT30M
2025-11-20,31,784.06,PT30M
2025-11-20,32,912.36,PT30M
2025-11-20,33,868.77,PT30M
2025-11-20,34,1014.81,PT30M
2025-11-20,35,897.78,PT30M
2025-11-20,36,882.65,PT30M
2025-11-20,37,853.87,PT30M
2025-11-20,38,808.62,PT30M
2025-11-20,39,822.64,PT30M
2025-11-20,40,767.17,PT30M
2025-11-20,41,750.03,PT30M
2025-11-20,42,651.60,PT30M
2025-11-20,43,677.76,PT30M
2025-11-20,44,573.60,PT30M
2025-11-20,45,599.32,PT30M
2025-11-20,46,537.49,PT30M
2025-11-20,47,506.84,PT30M
2025-11-20,48,447.51,PT30M
2025-11-20,1,463.02,PT60M
2025-11-20,2,451.70,PT60M
2025-11-20,3,446.47,PT60M
2025-11-20,4,445.61,PT60M
2025-11-20,5,447.49,PT60M
2025-11-20,6,516.40,PT60M
2025-11-20,7,671.33,PT60M
2025-11-20,8,755.77,PT60M
2025-11-20,9,799.86,PT60M
2025-11-20,10,782.61,PT60M
2025-11-20,11,746.65,PT60M
2025-11-20,12,711.22,PT60M
2025-11-20,13,714.73,PT60M
2025-11-20,14,766.63,PT60M
2025-11-20,15,858.13,PT60M
2025-11-20,16,848.21,PT60M
2025-11-20,17,941.79,PT60M
2025-11-20,18,890.22,PT60M
2025-11-20,19,831.25,PT60M
2025-11-20,20,794.91,PT60M
2025-11-20,21,700.82,PT60M
2025-11-20,22,625.68,PT60M
2025-11-20,23,568.40,PT60M
2025-11-20,24,477.18,PT60M
2025-11-21,1,529.33,PT15M
2025-11-21,2,537.72,PT15M
2025-11-21,3,529.61,PT15M
2025-11-21,4,496.75,PT15M
2025-11-21,5,526.38,PT15M
2025-11-21,6,485.95,PT15M
2025-11-21,7,458.51,PT15M
2025-11-21,8,453.26,PT15M
2025-11-21,9,478.31,PT15M
2025-11-21,10,453.92,PT15M
2025-11-21,11,453.48,PT15M
2025-11-21,12,458.31,PT15M
2025-11-21,13,458.00,PT15M
2025-11-21,14,454.79,PT15M
2025-11-21,15,464.30,PT15M
2025-11-21,16,469.78,PT15M
2025-11-21,17,452.57,PT15M
2025-11-21,18,461.50,PT15M
2025-11-21,19,486.91,PT15M
2025-11-21,20,524.46,PT15M
2025-11-21,21,463.57,PT15M
2025-11-21,22,510.48,PT15M
2025-11-21,23,529.03,PT15M
2025-11-21,24,590.96,PT15M
2025-11-21,25,541.12,PT15M
2025-11-21,26,602.57,PT15M
2025-11-21,27,669.65,PT15M
2025-11-21,28,850.90,PT15M
2025-11-21,29,743.52,PT15M
2025-11-21,30,913.10,PT15M
2025-11-21,31,943.60,PT15M
2025-11-21,32,1017.80,PT15M
2025-11-21,33,1010.00,PT15M
2025-11-21,34,1136.81,PT15M
2025-11-21,35,1017.78,PT15M
2025-11-21,36,615.96,PT15M
2025-11-21,37,1119.54,PT15M
2025-11-21,38,763.00,PT15M
2025-11-21,39,615.92,PT15M
2025-11-21,40,78.05,PT15M
2025-11-21,41,615.92,PT15M
2025-11-21,42,179.89,PT15M
2025-11-21,43,615.91,PT15M
2025-11-21,44,588.29,PT15M
2025-11-21,45,364.87,PT15M
2025-11-21,46,364.23,PT15M
2025-11-21,47,400.00,PT15M
2025-11-21,48,600.02,PT15M
2025-11-21,49,310.02,PT15M
2025-11-21,50,615.91,PT15M
2025-11-21,51,615.93,PT15M
2025-11-21,52,615.91,PT15M
2025-11-21,53,615.95,PT15M
2025-11-21,54,680.60,PT15M
2025-11-21,55,708.11,PT15M
2025-11-21,56,783.86,PT15M
2025-11-21,57,639.71,PT15M
2025-11-21,58,779.39,PT15M
2025-11-21,59,883.93,PT15M
2025-11-21,60,929.89,PT15M
2025-11-21,61,776.12,PT15M
2025-11-21,62,868.62,PT15M
2025-11-21,63,1022.06,PT15M
2025-11-21,64,1346.45,PT15M
2025-11-21,65,979.36,PT15M
2025-11-21,66,1188.30,PT15M
2025-11-21,67,1295.03,PT15M
2025-11-21,68,1604.22,PT15M
2025-11-21,69,1275.11,PT15M
2025-11-21,70,1231.17,PT15M
2025-11-21,71,1180.20,PT15M
2025-11-21,72,1109.61,PT15M
2025-11-21,73,1147.63,PT15M
2025-11-21,74,1072.09,PT15M
2025-11-21,75,986.22,PT15M
2025-11-21,76,925.71,PT15M
2025-11-21,77,933.26,PT15M
2025-11-21,78,845.06,PT15M
2025-11-21,79,853.41,PT15M
2025-11-21,80,851.36,PT15M
2025-11-21,81,886.36,PT15M
2025-11-21,82,780.60,PT15M
2025-11-21,83,630.92,PT15M
2025-11-21,84,591.38,PT15M
2025-11-21,85,688.18,PT15M
2025-11-21,86,616.85,PT15M
2025-11-21,87,574.24,PT15M
2025-11-21,88,524.51,PT15M
2025-11-21,89,593.45,PT15M
2025-11-21,90,567.11,PT15M
2025-11-21,91,512.06,PT15M
2025-11-21,92,475.91,PT15M
2025-11-21,93,557.46,PT15M
2025-11-21,94,483.47,PT15M
2025-11-21,95,459.90,PT15M
2025-11-21,96,437.96,PT15M
2025-11-21,1,533.53,PT30M
2025-11-21,2,513.18,PT30M
2025-11-21,3,506.16,PT30M
2025-11-21,4,455.89,PT30M
2025-11-21,5,466.11,PT30M
2025-11-21,6,455.89,PT30M
2025-11-21,7,456.40,PT30M
2025-11-21,8,467.04,PT30M
2025-11-21,9,457.04,PT30M
2025-11-21,10,505.69,PT30M
2025-11-21,11,487.02,PT30M
2025-11-21,12,559.99,PT30M
2025-11-21,13,571.84,PT30M
2025-11-21,14,760.27,PT30M
2025-11-21,15,828.31,PT30M
2025-11-21,16,980.70,PT30M
2025-11-21,17,1073.41,PT30M
2025-11-21,18,816.87,PT30M
2025-11-21,19,941.27,PT30M
2025-11-21,20,346.99,PT30M
2025-11-21,21,397.90,PT30M
2025-11-21,22,602.10,PT30M
2025-11-21,23,364.55,PT30M
2025-11-21,24,500.01,PT30M
2025-11-21,25,462.97,PT30M
2025-11-21,26,615.92,PT30M
2025-11-21,27,648.27,PT30M
2025-11-21,28,745.99,PT30M
2025-11-21,29,709.55,PT30M
2025-11-21,30,906.91,PT30M
2025-11-21,31,822.37,PT30M
2025-11-21,32,1184.26,PT30M
2025-11-21,33,1083.83,PT30M
2025-11-21,34,1449.62,PT30M
2025-11-21,35,1253.14,PT30M
2025-11-21,36,1144.91,PT30M
2025-11-21,37,1109.86,PT30M
2025-11-21,38,955.97,PT30M
2025-11-21,39,889.16,PT30M
2025-11-21,40,852.38,PT30M
2025-11-21,41,833.48,PT30M
2025-11-21,42,611.15,PT30M
2025-11-21,43,652.52,PT30M
2025-11-21,44,549.37,PT30M
2025-11-21,45,580.28,PT30M
2025-11-21,46,493.98,PT30M
2025-11-21,47,520.46,PT30M
2025-11-21,48,448.93,PT30M
2025-11-21,1,523.35,PT60M
2025-11-21,2,481.02,PT60M
2025-11-21,3,461.00,PT60M
2025-11-21,4,461.72,PT60M
2025-11-21,5,481.36,PT60M
2025-11-21,6,523.51,PT60M
2025-11-21,7,666.06,PT60M
2025-11-21,8,904.50,PT60M
2025-11-21,9,945.14,PT60M
2025-11-21,10,644.13,PT60M
2025-11-21,11,500.00,PT60M
2025-11-21,12,432.28,PT60M
2025-11-21,13,539.44,PT60M
2025-11-21,14,697.13,PT60M
2025-11-21,15,808.23,PT60M
2025-11-21,16,1003.31,PT60M
2025-11-21,17,1266.73,PT60M
2025-11-21,18,1199.02,PT60M
2025-11-21,19,1032.91,PT60M
2025-11-21,20,870.77,PT60M
2025-11-21,21,722.32,PT60M
2025-11-21,22,600.95,PT60M
2025-11-21,23,537.13,PT60M
2025-11-21,24,484.70,PT60M
2025-11-22,1,629.79,PT15M
2025-11-22,2,547.99,PT15M
2025-11-22,3,477.54,PT15M
2025-11-22,4,439.22,PT15M
2025-11-22,5,503.57,PT15M
2025-11-22,6,476.78,PT15M
2025-11-22,7,469.29,PT15M
2025-11-22,8,475.79,PT15M
2025-11-22,9,459.89,PT15M
2025-11-22,10,453.73,PT15M
2025-11-22,11,443.91,PT15M
2025-11-22,12,442.73,PT15M
2025-11-22,13,440.92,PT15M
2025-11-22,14,432.92,PT15M
2025-11-22,15,435.04,PT15M
2025-11-22,16,426.99,PT15M
2025-11-22,17,418.24,PT15M
2025-11-22,18,443.61,PT15M
2025-11-22,19,448.09,PT15M
2025-11-22,20,458.27,PT15M
2025-11-22,21,435.44,PT15M
2025-11-22,22,435.15,PT15M
2025-11-22,23,434.58,PT15M
2025-11-22,24,447.68,PT15M
2025-11-22,25,440.80,PT15M
2025-11-22,26,447.96,PT15M
2025-11-22,27,461.07,PT15M
2025-11-22,28,521.71,PT15M
2025-11-22,29,509.15,PT15M
2025-11-22,30,546.15,PT15M
2025-11-22,31,581.22,PT15M
2025-11-22,32,590.91,PT15M
2025-11-22,33,620.66,PT15M
2025-11-22,34,592.02,PT15M
2025-11-22,35,513.81,PT15M
2025-11-22,36,479.15,PT15M
2025-11-22,37,586.42,PT15M
2025-11-22,38,503.95,PT15M
2025-11-22,39,508.80,PT15M
2025-11-22,40,483.88,PT15M
2025-11-22,41,527.01,PT15M
2025-11-22,42,521.40,PT15M
2025-11-22,43,515.94,PT15M
2025-11-22,44,488.42,PT15M
2025-11-22,45,519.50,PT15M
2025-11-22,46,501.87,PT15M
2025-11-22,47,514.88,PT15M
2025-11-22,48,513.56,PT15M
2025-11-22,49,520.76,PT15M
2025-11-22,50,494.36,PT15M
2025-11-22,51,511.15,PT15M
2025-11-22,52,509.10,PT15M
2025-11-22,53,521.84,PT15M
2025-11-22,54,522.17,PT15M
2025-11-22,55,529.04,PT15M
2025-11-22,56,557.27,PT15M
2025-11-22,57,544.65,PT15M
2025-11-22,58,592.24,PT15M
2025-11-22,59,654.19,PT15M
2025-11-22,60,760.57,PT15M
2025-11-22,61,645.55,PT15M
2025-11-22,62,701.53,PT15M
2025-11-22,63,850.51,PT15M
2025-11-22,64,717.10,PT15M
2025-11-22,65,707.15,PT15M
2025-11-22,66,772.83,PT15M
2025-11-22,67,800.11,PT15M
2025-11-22,68,791.45,PT15M
2025-11-22,69,761.81,PT15M
2025-11-22,70,781.01,PT15M
2025-11-22,71,713.15,PT15M
2025-11-22,72,666.66,PT15M
2025-11-22,73,728.85,PT15M
2025-11-22,74,709.59,PT15M
2025-11-22,75,724.98,PT15M
2025-11-22,76,680.12,PT15M
2025-11-22,77,708.65,PT15M
2025-11-22,78,706.45,PT15M
2025-11-22,79,736.48,PT15M
2025-11-22,80,636.34,PT15M
2025-11-22,81,744.31,PT15M
2025-11-22,82,730.48,PT15M
2025-11-22,83,613.64,PT15M
2025-11-22,84,516.30,PT15M
2025-11-22,85,573.19,PT15M
2025-11-22,86,526.38,PT15M
2025-11-22,87,506.36,PT15M
2025-11-22,88,481.90,PT15M
2025-11-22,89,522.94,PT15M
2025-11-22,90,500.86,PT15M
2025-11-22,91,492.20,PT15M
2025-11-22,92,448.07,PT15M
2025-11-22,93,447.81,PT15M
2025-11-22,94,426.96,PT15M
2025-11-22,95,407.68,PT15M
2025-11-22,96,396.92,PT15M
2025-11-22,1,588.89,PT30M
2025-11-22,2,458.38,PT30M
2025-11-22,3,490.18,PT30M
2025-11-22,4,472.54,PT30M
2025-11-22,5,456.81,PT30M
2025-11-22,6,443.32,PT30M
2025-11-22,7,436.92,PT30M
2025-11-22,8,431.02,PT30M
2025-11-22,9,430.93,PT30M
2025-11-22,10,453.18,PT30M
2025-11-22,11,435.30,PT30M
2025-11-22,12,441.13,PT30M
2025-11-22,13,444.38,PT30M
2025-11-22,14,491.39,PT30M
2025-11-22,15,527.65,PT30M
2025-11-22,16,586.06,PT30M
2025-11-22,17,606.34,PT30M
2025-11-22,18,496.48,PT30M
2025-11-22,19,545.19,PT30M
2025-11-22,20,496.34,PT30M
2025-11-22,21,524.20,PT30M
2025-11-22,22,502.18,PT30M
2025-11-22,23,510.68,PT30M
2025-11-22,24,514.22,PT30M
2025-11-22,25,507.56,PT30M
2025-11-22,26,510.13,PT30M
2025-11-22,27,522.00,PT30M
2025-11-22,28,543.16,PT30M
2025-11-22,29,568.44,PT30M
2025-11-22,30,707.38,PT30M
2025-11-22,31,673.54,PT30M
2025-11-22,32,783.80,PT30M
2025-11-22,33,739.99,PT30M
2025-11-22,34,795.78,PT30M
2025-11-22,35,771.41,PT30M
2025-11-22,36,689.90,PT30M
2025-11-22,37,719.22,PT30M
2025-11-22,38,702.55,PT30M
2025-11-22,39,707.55,PT30M
2025-11-22,40,686.41,PT30M
2025-11-22,41,737.40,PT30M
2025-11-22,42,564.97,PT30M
2025-11-22,43,549.79,PT30M
2025-11-22,44,494.13,PT30M
2025-11-22,45,511.90,PT30M
2025-11-22,46,470.13,PT30M
2025-11-22,47,437.39,PT30M
2025-11-22,48,402.30,PT30M
2025-11-22,1,523.63,PT60M
2025-11-22,2,481.36,PT60M
2025-11-22,3,450.06,PT60M
2025-11-22,4,433.97,PT60M
2025-11-22,5,442.05,PT60M
2025-11-22,6,438.21,PT60M
2025-11-22,7,467.88,PT60M
2025-11-22,8,556.86,PT60M
2025-11-22,9,551.41,PT60M
2025-11-22,10,520.76,PT60M
2025-11-22,11,513.19,PT60M
2025-11-22,12,512.45,PT60M
2025-11-22,13,508.84,PT60M
2025-11-22,14,532.58,PT60M
2025-11-22,15,637.91,PT60M
2025-11-22,16,728.67,PT60M
2025-11-22,17,767.88,PT60M
2025-11-22,18,730.66,PT60M
2025-11-22,19,710.89,PT60M
2025-11-22,20,696.98,PT60M
2025-11-22,21,651.18,PT60M
2025-11-22,22,521.96,PT60M
2025-11-22,23,491.02,PT60M
2025-11-22,24,419.84,PT60M
2025-11-23,1,483.75,PT15M
2025-11-23,2,452.06,PT15M
2025-11-23,3,381.68,PT15M
2025-11-23,4,342.09,PT15M
2025-11-23,5,413.32,PT15M
2025-11-23,6,374.25,PT15M
2025-11-23,7,363.64,PT15M
2025-11-23,8,362.28,PT15M
2025-11-23,9,380.88,PT15M
2025-11-23,10,363.47,PT15M
2025-11-23,11,349.56,PT15M
2025-11-23,12,339.99,PT15M
2025-11-23,13,331.71,PT15M
2025-11-23,14,320.66,PT15M
2025-11-23,15,322.54,PT15M
2025-11-23,16,312.24,PT15M
2025-11-23,17,319.27,PT15M
2025-11-23,18,312.63,PT15M
2025-11-23,19,308.72,PT15M
2025-11-23,20,298.77,PT15M
2025-11-23,21,325.13,PT15M
2025-11-23,22,326.82,PT15M
2025-11-23,23,330.79,PT15M
2025-11-23,24,419.09,PT15M
2025-11-23,25,364.86,PT15M
2025-11-23,26,408.91,PT15M
2025-11-23,27,432.76,PT15M
2025-11-23,28,462.04,PT15M
2025-11-23,29,407.21,PT15M
2025-11-23,30,438.03,PT15M
2025-11-23,31,481.27,PT15M
2025-11-23,32,490.14,PT15M
2025-11-23,33,505.75,PT15M
2025-11-23,34,516.71,PT15M
2025-11-23,35,518.01,PT15M
2025-11-23,36,496.65,PT15M
2025-11-23,37,510.89,PT15M
2025-11-23,38,502.58,PT15M
2025-11-23,39,501.81,PT15M
2025-11-23,40,484.73,PT15M
2025-11-23,41,505.70,PT15M
2025-11-23,42,498.51,PT15M
2025-11-23,43,494.35,PT15M
2025-11-23,44,494.52,PT15M
2025-11-23,45,488.34,PT15M
2025-11-23,46,503.15,PT15M
2025-11-23,47,503.45,PT15M
2025-11-23,48,505.07,PT15M
2025-11-23,49,497.72,PT15M
2025-11-23,50,498.48,PT15M
2025-11-23,51,500.58,PT15M
2025-11-23,52,503.57,PT15M
2025-11-23,53,494.41,PT15M
2025-11-23,54,520.38,PT15M
2025-11-23,55,525.14,PT15M
2025-11-23,56,554.34,PT15M
2025-11-23,57,529.04,PT15M
2025-11-23,58,555.18,PT15M
2025-11-23,59,618.24,PT15M
2025-11-23,60,685.12,PT15M
2025-11-23,61,565.83,PT15M
2025-11-23,62,598.06,PT15M
2025-11-23,63,665.38,PT15M
2025-11-23,64,723.35,PT15M
2025-11-23,65,683.66,PT15M
2025-11-23,66,734.43,PT15M
2025-11-23,67,772.00,PT15M
2025-11-23,68,828.52,PT15M
2025-11-23,69,669.21,PT15M
2025-11-23,70,689.18,PT15M
2025-11-23,71,703.16,PT15M
2025-11-23,72,721.72,PT15M
2025-11-23,73,694.61,PT15M
2025-11-23,74,691.82,PT15M
2025-11-23,75,705.13,PT15M
2025-11-23,76,691.79,PT15M
2025-11-23,77,701.82,PT15M
2025-11-23,78,704.78,PT15M
2025-11-23,79,709.47,PT15M
2025-11-23,80,677.87,PT15M
2025-11-23,81,701.02,PT15M
2025-11-23,82,650.58,PT15M
2025-11-23,83,618.07,PT15M
2025-11-23,84,578.92,PT15M
2025-11-23,85,608.47,PT15M
2025-11-23,86,581.05,PT15M
2025-11-23,87,517.25,PT15M
2025-11-23,88,455.83,PT15M
2025-11-23,89,571.41,PT15M
2025-11-23,90,539.90,PT15M
2025-11-23,91,473.13,PT15M
2025-11-23,92,415.56,PT15M
2025-11-23,93,445.66,PT15M
2025-11-23,94,381.68,PT15M
2025-11-23,95,367.54,PT15M
2025-11-23,96,354.88,PT15M
2025-11-23,1,467.90,PT30M
2025-11-23,2,361.89,PT30M
2025-11-23,3,393.79,PT30M
2025-11-23,4,362.96,PT30M
2025-11-23,5,372.17,PT30M
2025-11-23,6,344.77,PT30M
2025-11-23,7,326.19,PT30M
2025-11-23,8,317.39,PT30M
2025-11-23,9,315.95,PT30M
2025-11-23,10,303.74,PT30M
2025-11-23,11,325.98,PT30M
2025-11-23,12,374.94,PT30M
2025-11-23,13,386.88,PT30M
2025-11-23,14,447.40,PT30M
2025-11-23,15,422.62,PT30M
2025-11-23,16,485.71,PT30M
2025-11-23,17,511.23,PT30M
2025-11-23,18,507.33,PT30M
2025-11-23,19,506.73,PT30M
2025-11-23,20,493.27,PT30M
2025-11-23,21,502.11,PT30M
2025-11-23,22,494.44,PT30M
2025-11-23,23,495.74,PT30M
2025-11-23,24,504.26,PT30M
2025-11-23,25,498.10,PT30M
2025-11-23,26,502.07,PT30M
2025-11-23,27,507.39,PT30M
2025-11-23,28,539.74,PT30M
2025-11-23,29,542.11,PT30M
2025-11-23,30,651.68,PT30M
2025-11-23,31,581.94,PT30M
2025-11-23,32,694.36,PT30M
2025-11-23,33,709.04,PT30M
2025-11-23,34,800.26,PT30M
2025-11-23,35,679.20,PT30M
2025-11-23,36,712.44,PT30M
2025-11-23,37,693.21,PT30M
2025-11-23,38,698.46,PT30M
2025-11-23,39,703.30,PT30M
2025-11-23,40,693.67,PT30M
2025-11-23,41,675.80,PT30M
2025-11-23,42,598.49,PT30M
2025-11-23,43,594.76,PT30M
2025-11-23,44,486.54,PT30M
2025-11-23,45,555.65,PT30M
2025-11-23,46,444.35,PT30M
2025-11-23,47,413.67,PT30M
2025-11-23,48,361.21,PT30M
2025-11-23,1,414.90,PT60M
2025-11-23,2,378.37,PT60M
2025-11-23,3,358.47,PT60M
2025-11-23,4,321.79,PT60M
2025-11-23,5,309.85,PT60M
2025-11-23,6,350.46,PT60M
2025-11-23,7,417.14,PT60M
2025-11-23,8,454.17,PT60M
2025-11-23,9,509.28,PT60M
2025-11-23,10,500.00,PT60M
2025-11-23,11,498.27,PT60M
2025-11-23,12,500.00,PT60M
2025-11-23,13,500.08,PT60M
2025-11-23,14,523.56,PT60M
2025-11-23,15,596.89,PT60M
2025-11-23,16,638.15,PT60M
2025-11-23,17,754.65,PT60M
2025-11-23,18,695.82,PT60M
2025-11-23,19,695.84,PT60M
2025-11-23,20,698.49,PT60M
2025-11-23,21,637.15,PT60M
2025-11-23,22,540.65,PT60M
2025-11-23,23,500.00,PT60M
2025-11-23,24,387.44,PT60M
2025-11-24,1,407.72,PT15M
2025-11-24,2,381.68,PT15M
2025-11-24,3,384.51,PT15M
2025-11-24,4,378.31,PT15M
2025-11-24,5,376.55,PT15M
2025-11-24,6,356.66,PT15M
2025-11-24,7,359.67,PT15M
2025-11-24,8,364.24,PT15M
2025-11-24,9,353.03,PT15M
2025-11-24,10,377.36,PT15M
2025-11-24,11,376.32,PT15M
2025-11-24,12,385.94,PT15M
2025-11-24,13,368.92,PT15M
2025-11-24,14,374.69,PT15M
2025-11-24,15,394.46,PT15M
2025-11-24,16,397.05,PT15M
2025-11-24,17,373.83,PT15M
2025-11-24,18,392.41,PT15M
2025-11-24,19,383.36,PT15M
2025-11-24,20,410.80,PT15M
2025-11-24,21,363.25,PT15M
2025-11-24,22,447.17,PT15M
2025-11-24,23,513.99,PT15M
2025-11-24,24,584.39,PT15M
2025-11-24,25,521.63,PT15M
2025-11-24,26,642.33,PT15M
2025-11-24,27,722.50,PT15M
2025-11-24,28,850.45,PT15M
2025-11-24,29,752.89,PT15M
2025-11-24,30,844.10,PT15M
2025-11-24,31,956.27,PT15M
2025-11-24,32,920.08,PT15M
2025-11-24,33,826.56,PT15M
2025-11-24,34,636.33,PT15M
2025-11-24,35,615.97,PT15M
2025-11-24,36,328.67,PT15M
2025-11-24,37,615.95,PT15M
2025-11-24,38,364.86,PT15M
2025-11-24,39,76.82,PT15M
2025-11-24,40,65.74,PT15M
2025-11-24,41,76.81,PT15M
2025-11-24,42,65.01,PT15M
2025-11-24,43,76.83,PT15M
2025-11-24,44,118.66,PT15M
2025-11-24,45,269.89,PT15M
2025-11-24,46,78.05,PT15M
2025-11-24,47,78.06,PT15M
2025-11-24,48,509.56,PT15M
2025-11-24,49,152.12,PT15M
2025-11-24,50,615.94,PT15M
2025-11-24,51,615.96,PT15M
2025-11-24,52,615.98,PT15M
2025-11-24,53,422.24,PT15M
2025-11-24,54,523.51,PT15M
2025-11-24,55,662.73,PT15M
2025-11-24,56,1017.22,PT15M
2025-11-24,57,615.94,PT15M
2025-11-24,58,1169.00,PT15M
2025-11-24,59,1170.56,PT15M
2025-11-24,60,1129.76,PT15M
2025-11-24,61,977.79,PT15M
2025-11-24,62,1077.81,PT15M
2025-11-24,63,1255.43,PT15M
2025-11-24,64,1422.30,PT15M
2025-11-24,65,1143.38,PT15M
2025-11-24,66,1246.37,PT15M
2025-11-24,67,1431.63,PT15M
2025-11-24,68,1615.57,PT15M
2025-11-24,69,1225.50,PT15M
2025-11-24,70,1394.53,PT15M
2025-11-24,71,1389.17,PT15M
2025-11-24,72,1418.13,PT15M
2025-11-24,73,1421.28,PT15M
2025-11-24,74,1224.13,PT15M
2025-11-24,75,1159.70,PT15M
2025-11-24,76,1060.05,PT15M
2025-11-24,77,1157.28,PT15M
2025-11-24,78,1056.81,PT15M
2025-11-24,79,1033.98,PT15M
2025-11-24,80,929.91,PT15M
2025-11-24,81,1075.32,PT15M
2025-11-24,82,921.13,PT15M
2025-11-24,83,863.75,PT15M
2025-11-24,84,762.86,PT15M
2025-11-24,85,842.98,PT15M
2025-11-24,86,743.22,PT15M
2025-11-24,87,673.64,PT15M
2025-11-24,88,621.38,PT15M
2025-11-24,89,708.20,PT15M
2025-11-24,90,683.41,PT15M
2025-11-24,91,622.42,PT15M
2025-11-24,92,559.29,PT15M
2025-11-24,93,601.03,PT15M
2025-11-24,94,529.22,PT15M
2025-11-24,95,518.15,PT15M
2025-11-24,96,504.96,PT15M
2025-11-24,1,394.70,PT30M
2025-11-24,2,381.41,PT30M
2025-11-24,3,366.60,PT30M
2025-11-24,4,361.96,PT30M
2025-11-24,5,365.19,PT30M
2025-11-24,6,381.13,PT30M
2025-11-24,7,371.80,PT30M
2025-11-24,8,395.76,PT30M
2025-11-24,9,383.12,PT30M
2025-11-24,10,397.08,PT30M
2025-11-24,11,405.21,PT30M
2025-11-24,12,549.19,PT30M
2025-11-24,13,581.98,PT30M
2025-11-24,14,786.47,PT30M
2025-11-24,15,798.50,PT30M
2025-11-24,16,938.17,PT30M
2025-11-24,17,731.44,PT30M
2025-11-24,18,472.32,PT30M
2025-11-24,19,490.41,PT30M
2025-11-24,20,71.28,PT30M
2025-11-24,21,70.91,PT30M
2025-11-24,22,97.75,PT30M
2025-11-24,23,173.97,PT30M
2025-11-24,24,293.81,PT30M
2025-11-24,25,384.03,PT30M
2025-11-24,26,615.97,PT30M
2025-11-24,27,472.87,PT30M
2025-11-24,28,839.98,PT30M
2025-11-24,29,892.47,PT30M
2025-11-24,30,1150.16,PT30M
2025-11-24,31,1027.80,PT30M
2025-11-24,32,1338.87,PT30M
2025-11-24,33,1194.88,PT30M
2025-11-24,34,1523.60,PT30M
2025-11-24,35,1310.02,PT30M
2025-11-24,36,1403.65,PT30M
2025-11-24,37,1322.71,PT30M
2025-11-24,38,1109.87,PT30M
2025-11-24,39,1107.05,PT30M
2025-11-24,40,981.95,PT30M
2025-11-24,41,998.22,PT30M
2025-11-24,42,813.30,PT30M
2025-11-24,43,793.10,PT30M
2025-11-24,44,647.51,PT30M
2025-11-24,45,695.81,PT30M
2025-11-24,46,590.86,PT30M
2025-11-24,47,565.13,PT30M
2025-11-24,48,511.55,PT30M
2025-11-24,1,388.06,PT60M
2025-11-24,2,364.28,PT60M
2025-11-24,3,373.16,PT60M
2025-11-24,4,383.78,PT60M
2025-11-24,5,390.10,PT60M
2025-11-24,6,477.20,PT60M
2025-11-24,7,684.23,PT60M
2025-11-24,8,868.33,PT60M
2025-11-24,9,601.88,PT60M
2025-11-24,10,280.84,PT60M
2025-11-24,11,84.33,PT60M
2025-11-24,12,233.89,PT60M
2025-11-24,13,500.00,PT60M
2025-11-24,14,656.42,PT60M
2025-11-24,15,1021.31,PT60M
2025-11-24,16,1183.33,PT60M
2025-11-24,17,1359.24,PT60M
2025-11-24,18,1356.83,PT60M
2025-11-24,19,1216.29,PT60M
2025-11-24,20,1044.50,PT60M
2025-11-24,21,905.76,PT60M
2025-11-24,22,720.31,PT60M
2025-11-24,23,643.33,PT60M
2025-11-24,24,538.34,PT60M
2025-11-25,1,527.52,PT15M
2025-11-25,2,521.26,PT15M
2025-11-25,3,539.34,PT15M
2025-11-25,4,529.32,PT15M
2025-11-25,5,538.37,PT15M
2025-11-25,6,537.74,PT15M
2025-11-25,7,509.85,PT15M
2025-11-25,8,510.23,PT15M
2025-11-25,9,520.24,PT15M
2025-11-25,10,514.74,PT15M
2025-11-25,11,518.22,PT15M
2025-11-25,12,522.69,PT15M
2025-11-25,13,527.78,PT15M
2025-11-25,14,502.56,PT15M
2025-11-25,15,509.34,PT15M
2025-11-25,16,516.85,PT15M
2025-11-25,17,526.36,PT15M
2025-11-25,18,540.09,PT15M
2025-11-25,19,522.64,PT15M
2025-11-25,20,548.56,PT15M
2025-11-25,21,445.40,PT15M
2025-11-25,22,506.98,PT15M
2025-11-25,23,529.06,PT15M
2025-11-25,24,658.02,PT15M
2025-11-25,25,650.57,PT15M
2025-11-25,26,874.25,PT15M
2025-11-25,27,1033.16,PT15M
2025-11-25,28,1336.93,PT15M
2025-11-25,29,1004.74,PT15M
2025-11-25,30,1547.29,PT15M
2025-11-25,31,1679.83,PT15M
2025-11-25,32,1805.64,PT15M
2025-11-25,33,1558.11,PT15M
2025-11-25,34,729.32,PT15M
2025-11-25,35,615.97,PT15M
2025-11-25,36,615.94,PT15M
2025-11-25,37,615.96,PT15M
2025-11-25,38,529.02,PT15M
2025-11-25,39,505.03,PT15M
2025-11-25,40,350.00,PT15M
2025-11-25,41,615.97,PT15M
2025-11-25,42,615.96,PT15M
2025-11-25,43,451.52,PT15M
2025-11-25,44,316.54,PT15M
2025-11-25,45,299.71,PT15M
2025-11-25,46,260.86,PT15M
2025-11-25,47,299.71,PT15M
2025-11-25,48,299.73,PT15M
2025-11-25,49,341.43,PT15M
2025-11-25,50,130.04,PT15M
2025-11-25,51,285.89,PT15M
2025-11-25,52,299.74,PT15M
2025-11-25,53,299.74,PT15M
2025-11-25,54,529.03,PT15M
2025-11-25,55,555.26,PT15M
2025-11-25,56,615.98,PT15M
2025-11-25,57,615.95,PT15M
2025-11-25,58,1064.37,PT15M
2025-11-25,59,1777.98,PT15M
2025-11-25,60,1737.77,PT15M
2025-11-25,61,1500.02,PT15M
2025-11-25,62,1553.28,PT15M
2025-11-25,63,1695.78,PT15M
2025-11-25,64,1827.44,PT15M
2025-11-25,65,995.39,PT15M
2025-11-25,66,1468.31,PT15M
2025-11-25,67,1679.14,PT15M
2025-11-25,68,1837.16,PT15M
2025-11-25,69,667.34,PT15M
2025-11-25,70,658.26,PT15M
2025-11-25,71,652.95,PT15M
2025-11-25,72,711.97,PT15M
2025-11-25,73,1127.82,PT15M
2025-11-25,74,1457.40,PT15M
2025-11-25,75,1220.73,PT15M
2025-11-25,76,1190.44,PT15M
2025-11-25,77,1591.77,PT15M
2025-11-25,78,915.22,PT15M
2025-11-25,79,648.78,PT15M
2025-11-25,80,529.06,PT15M
2025-11-25,81,834.10,PT15M
2025-11-25,82,698.60,PT15M
2025-11-25,83,544.51,PT15M
2025-11-25,84,529.02,PT15M
2025-11-25,85,725.27,PT15M
2025-11-25,86,529.06,PT15M
2025-11-25,87,529.01,PT15M
2025-11-25,88,496.62,PT15M
2025-11-25,89,514.77,PT15M
2025-11-25,90,519.12,PT15M
2025-11-25,91,487.68,PT15M
2025-11-25,92,478.43,PT15M
2025-11-25,93,587.66,PT15M
2025-11-25,94,459.12,PT15M
2025-11-25,95,398.63,PT15M
2025-11-25,96,366.39,PT15M
2025-11-25,1,524.39,PT30M
2025-11-25,2,534.33,PT30M
2025-11-25,3,538.05,PT30M
2025-11-25,4,510.04,PT30M
2025-11-25,5,517.49,PT30M
2025-11-25,6,520.45,PT30M
2025-11-25,7,515.17,PT30M
2025-11-25,8,513.10,PT30M
2025-11-25,9,533.22,PT30M
2025-11-25,10,535.60,PT30M
2025-11-25,11,476.19,PT30M
2025-11-25,12,593.54,PT30M
2025-11-25,13,762.41,PT30M
2025-11-25,14,1185.04,PT30M
2025-11-25,15,1276.01,PT30M
2025-11-25,16,1742.74,PT30M
2025-11-25,17,1143.72,PT30M
2025-11-25,18,615.96,PT30M
2025-11-25,19,572.49,PT30M
2025-11-25,20,427.51,PT30M
2025-11-25,21,615.97,PT30M
2025-11-25,22,384.03,PT30M
2025-11-25,23,280.28,PT30M
2025-11-25,24,299.72,PT30M
2025-11-25,25,235.73,PT30M
2025-11-25,26,292.82,PT30M
2025-11-25,27,414.38,PT30M
2025-11-25,28,585.62,PT30M
2025-11-25,29,840.16,PT30M
2025-11-25,30,1757.88,PT30M
2025-11-25,31,1526.65,PT30M
2025-11-25,32,1761.61,PT30M
2025-11-25,33,1231.85,PT30M
2025-11-25,34,1758.15,PT30M
2025-11-25,35,662.80,PT30M
2025-11-25,36,682.46,PT30M
2025-11-25,37,1292.61,PT30M
2025-11-25,38,1205.59,PT30M
2025-11-25,39,1253.50,PT30M
2025-11-25,40,588.92,PT30M
2025-11-25,41,766.35,PT30M
2025-11-25,42,536.77,PT30M
2025-11-25,43,627.17,PT30M
2025-11-25,44,512.82,PT30M
2025-11-25,45,516.95,PT30M
2025-11-25,46,483.05,PT30M
2025-11-25,47,523.39,PT30M
2025-11-25,48,382.51,PT30M
2025-11-25,1,529.36,PT60M
2025-11-25,2,524.05,PT60M
2025-11-25,3,518.97,PT60M
2025-11-25,4,514.13,PT60M
2025-11-25,5,534.41,PT60M
2025-11-25,6,534.86,PT60M
2025-11-25,7,973.73,PT60M
2025-11-25,8,1509.38,PT60M
2025-11-25,9,879.84,PT60M
2025-11-25,10,500.00,PT60M
2025-11-25,11,500.00,PT60M
2025-11-25,12,290.00,PT60M
2025-11-25,13,264.28,PT60M
2025-11-25,14,500.00,PT60M
2025-11-25,15,1299.02,PT60M
2025-11-25,16,1644.13,PT60M
2025-11-25,17,1495.00,PT60M
2025-11-25,18,672.63,PT60M
2025-11-25,19,1249.10,PT60M
2025-11-25,20,921.21,PT60M
2025-11-25,21,651.56,PT60M
2025-11-25,22,569.99,PT60M
2025-11-25,23,500.00,PT60M
2025-11-25,24,452.95,PT60M
2025-11-26,1,431.56,PT15M
2025-11-26,2,429.66,PT15M
2025-11-26,3,433.66,PT15M
2025-11-26,4,429.13,PT15M
2025-11-26,5,414.28,PT15M
2025-11-26,6,381.53,PT15M
2025-11-26,7,190.77,PT15M
2025-11-26,8,428.16,PT15M
2025-11-26,9,415.86,PT15M
2025-11-26,10,418.07,PT15M
2025-11-26,11,452.11,PT15M
2025-11-26,12,452.08,PT15M
2025-11-26,13,459.71,PT15M
2025-11-26,14,460.72,PT15M
2025-11-26,15,467.27,PT15M
2025-11-26,16,466.03,PT15M
2025-11-26,17,452.08,PT15M
2025-11-26,18,460.43,PT15M
2025-11-26,19,468.45,PT15M
2025-11-26,20,481.45,PT15M
2025-11-26,21,440.83,PT15M
2025-11-26,22,468.29,PT15M
2025-11-26,23,522.32,PT15M
2025-11-26,24,568.55,PT15M
2025-11-26,25,497.62,PT15M
2025-11-26,26,583.84,PT15M
2025-11-26,27,652.15,PT15M
2025-11-26,28,804.00,PT15M
2025-11-26,29,733.84,PT15M
2025-11-26,30,916.94,PT15M
2025-11-26,31,1022.98,PT15M
2025-11-26,32,1160.27,PT15M
2025-11-26,33,1068.74,PT15M
2025-11-26,34,1105.87,PT15M
2025-11-26,35,1335.35,PT15M
2025-11-26,36,1188.68,PT15M
2025-11-26,37,1220.85,PT15M
2025-11-26,38,1002.54,PT15M
2025-11-26,39,1000.89,PT15M
2025-11-26,40,775.72,PT15M
2025-11-26,41,616.35,PT15M
2025-11-26,42,989.39,PT15M
2025-11-26,43,889.86,PT15M
2025-11-26,44,774.49,PT15M
2025-11-26,45,918.67,PT15M
2025-11-26,46,873.81,PT15M
2025-11-26,47,846.38,PT15M
2025-11-26,48,828.89,PT15M
2025-11-26,49,840.09,PT15M
2025-11-26,50,811.44,PT15M
2025-11-26,51,837.76,PT15M
2025-11-26,52,838.70,PT15M
2025-11-26,53,845.62,PT15M
2025-11-26,54,885.52,PT15M
2025-11-26,55,879.09,PT15M
2025-11-26,56,827.50,PT15M
2025-11-26,57,817.81,PT15M
2025-11-26,58,866.80,PT15M
2025-11-26,59,993.87,PT15M
2025-11-26,60,1050.76,PT15M
2025-11-26,61,856.21,PT15M
2025-11-26,62,1010.52,PT15M
2025-11-26,63,1194.01,PT15M
2025-11-26,64,1454.97,PT15M
2025-11-26,65,1071.42,PT15M
2025-11-26,66,1382.62,PT15M
2025-11-26,67,1563.06,PT15M
2025-11-26,68,1845.37,PT15M
2025-11-26,69,1439.00,PT15M
2025-11-26,70,1475.45,PT15M
2025-11-26,71,1481.68,PT15M
2025-11-26,72,1470.66,PT15M
2025-11-26,73,1335.27,PT15M
2025-11-26,74,1078.22,PT15M
2025-11-26,75,1142.44,PT15M
2025-11-26,76,1056.40,PT15M
2025-11-26,77,1115.39,PT15M
2025-11-26,78,966.55,PT15M
2025-11-26,79,859.32,PT15M
2025-11-26,80,785.30,PT15M
2025-11-26,81,885.21,PT15M
2025-11-26,82,759.42,PT15M
2025-11-26,83,653.37,PT15M
2025-11-26,84,564.58,PT15M
2025-11-26,85,713.08,PT15M
2025-11-26,86,629.95,PT15M
2025-11-26,87,523.71,PT15M
2025-11-26,88,464.96,PT15M
2025-11-26,89,604.09,PT15M
2025-11-26,90,534.04,PT15M
2025-11-26,91,479.54,PT15M
2025-11-26,92,459.06,PT15M
2025-11-26,93,510.83,PT15M
2025-11-26,94,462.41,PT15M
2025-11-26,95,447.99,PT15M
2025-11-26,96,417.92,PT15M
2025-11-26,1,430.61,PT30M
2025-11-26,2,431.39,PT30M
2025-11-26,3,397.91,PT30M
2025-11-26,4,309.46,PT30M
2025-11-26,5,416.97,PT30M
2025-11-26,6,452.09,PT30M
2025-11-26,7,460.22,PT30M
2025-11-26,8,466.65,PT30M
2025-11-26,9,456.26,PT30M
2025-11-26,10,474.95,PT30M
2025-11-26,11,454.56,PT30M
2025-11-26,12,545.44,PT30M
2025-11-26,13,540.73,PT30M
2025-11-26,14,728.07,PT30M
2025-11-26,15,825.39,PT30M
2025-11-26,16,1091.62,PT30M
2025-11-26,17,1087.30,PT30M
2025-11-26,18,1262.01,PT30M
2025-11-26,19,1111.70,PT30M
2025-11-26,20,888.30,PT30M
2025-11-26,21,802.87,PT30M
2025-11-26,22,832.18,PT30M
2025-11-26,23,896.24,PT30M
2025-11-26,24,837.63,PT30M
2025-11-26,25,825.77,PT30M
2025-11-26,26,838.23,PT30M
2025-11-26,27,865.57,PT30M
2025-11-26,28,853.30,PT30M
2025-11-26,29,842.30,PT30M
2025-11-26,30,1022.32,PT30M
2025-11-26,31,933.37,PT30M
2025-11-26,32,1324.49,PT30M
2025-11-26,33,1227.02,PT30M
2025-11-26,34,1704.22,PT30M
2025-11-26,35,1457.22,PT30M
2025-11-26,36,1476.17,PT30M
2025-11-26,37,1206.75,PT30M
2025-11-26,38,1099.42,PT30M
2025-11-26,39,1040.97,PT30M
2025-11-26,40,822.31,PT30M
2025-11-26,41,822.32,PT30M
2025-11-26,42,608.97,PT30M
2025-11-26,43,671.52,PT30M
2025-11-26,44,494.34,PT30M
2025-11-26,45,569.06,PT30M
2025-11-26,46,469.30,PT30M
2025-11-26,47,486.62,PT30M
2025-11-26,48,432.95,PT30M
2025-11-26,1,431.00,PT60M
2025-11-26,2,353.68,PT60M
2025-11-26,3,434.53,PT60M
2025-11-26,4,463.44,PT60M
2025-11-26,5,465.60,PT60M
2025-11-26,6,500.00,PT60M
2025-11-26,7,634.40,PT60M
2025-11-26,8,958.51,PT60M
2025-11-26,9,1174.66,PT60M
2025-11-26,10,1000.00,PT60M
2025-11-26,11,817.52,PT60M
2025-11-26,12,866.94,PT60M
2025-11-26,13,832.00,PT60M
2025-11-26,14,859.43,PT60M
2025-11-26,15,932.31,PT60M
2025-11-26,16,1128.93,PT60M
2025-11-26,17,1465.62,PT60M
2025-11-26,18,1466.70,PT60M
2025-11-26,19,1153.08,PT60M
2025-11-26,20,931.64,PT60M
2025-11-26,21,715.65,PT60M
2025-11-26,22,582.93,PT60M
2025-11-26,23,519.18,PT60M
2025-11-26,24,459.79,PT60M
2025-11-27,1,478.73,PT15M
2025-11-27,2,464.17,PT15M
2025-11-27,3,446.84,PT15M
2025-11-27,4,442.48,PT15M
2025-11-27,5,453.37,PT15M
2025-11-27,6,437.12,PT15M
2025-11-27,7,421.25,PT15M
2025-11-27,8,407.28,PT15M
2025-11-27,9,427.69,PT15M
2025-11-27,10,414.69,PT15M
2025-11-27,11,406.18,PT15M
2025-11-27,12,386.46,PT15M
2025-11-27,13,416.36,PT15M
2025-11-27,14,408.96,PT15M
2025-11-27,15,397.85,PT15M
2025-11-27,16,367.45,PT15M
2025-11-27,17,396.92,PT15M
2025-11-27,18,398.46,PT15M
2025-11-27,19,432.57,PT15M
2025-11-27,20,439.41,PT15M
2025-11-27,21,428.76,PT15M
2025-11-27,22,379.23,PT15M
2025-11-27,23,439.83,PT15M
2025-11-27,24,456.33,PT15M
2025-11-27,25,459.39,PT15M
2025-11-27,26,563.90,PT15M
2025-11-27,27,604.68,PT15M
2025-11-27,28,666.65,PT15M
2025-11-27,29,591.19,PT15M
2025-11-27,30,667.71,PT15M
2025-11-27,31,693.81,PT15M
2025-11-27,32,716.56,PT15M
2025-11-27,33,739.15,PT15M
2025-11-27,34,760.99,PT15M
2025-11-27,35,708.40,PT15M
2025-11-27,36,572.75,PT15M
2025-11-27,37,721.02,PT15M
2025-11-27,38,729.94,PT15M
2025-11-27,39,615.94,PT15M
2025-11-27,40,491.28,PT15M
2025-11-27,41,646.81,PT15M
2025-11-27,42,589.05,PT15M
2025-11-27,43,553.81,PT15M
2025-11-27,44,499.97,PT15M
2025-11-27,45,550.64,PT15M
2025-11-27,46,557.52,PT15M
2025-11-27,47,561.29,PT15M
2025-11-27,48,549.58,PT15M
2025-11-27,49,531.64,PT15M
2025-11-27,50,564.35,PT15M
2025-11-27,51,562.90,PT15M
2025-11-27,52,591.71,PT15M
2025-11-27,53,624.01,PT15M
2025-11-27,54,642.77,PT15M
2025-11-27,55,655.87,PT15M
2025-11-27,56,673.35,PT15M
2025-11-27,57,645.47,PT15M
2025-11-27,58,739.35,PT15M
2025-11-27,59,851.63,PT15M
2025-11-27,60,867.64,PT15M
2025-11-27,61,752.32,PT15M
2025-11-27,62,821.44,PT15M
2025-11-27,63,853.91,PT15M
2025-11-27,64,923.67,PT15M
2025-11-27,65,869.35,PT15M
2025-11-27,66,893.65,PT15M
2025-11-27,67,937.17,PT15M
2025-11-27,68,930.89,PT15M
2025-11-27,69,859.17,PT15M
2025-11-27,70,810.42,PT15M
2025-11-27,71,784.26,PT15M
2025-11-27,72,752.50,PT15M
2025-11-27,73,721.09,PT15M
2025-11-27,74,717.35,PT15M
2025-11-27,75,715.64,PT15M
2025-11-27,76,724.04,PT15M
2025-11-27,77,726.43,PT15M
2025-11-27,78,733.87,PT15M
2025-11-27,79,722.98,PT15M
2025-11-27,80,624.77,PT15M
2025-11-27,81,682.34,PT15M
2025-11-27,82,635.03,PT15M
2025-11-27,83,587.14,PT15M
2025-11-27,84,571.42,PT15M
2025-11-27,85,586.82,PT15M
2025-11-27,86,539.68,PT15M
2025-11-27,87,532.26,PT15M
2025-11-27,88,491.82,PT15M
2025-11-27,89,549.25,PT15M
2025-11-27,90,529.01,PT15M
2025-11-27,91,458.48,PT15M
2025-11-27,92,419.53,PT15M
2025-11-27,93,494.49,PT15M
2025-11-27,94,416.49,PT15M
2025-11-27,95,365.92,PT15M
2025-11-27,96,263.67,PT15M
2025-11-27,1,471.45,PT30M
2025-11-27,2,444.66,PT30M
2025-11-27,3,445.25,PT30M
2025-11-27,4,414.27,PT30M
2025-11-27,5,421.19,PT30M
2025-11-27,6,396.32,PT30M
2025-11-27,7,412.66,PT30M
2025-11-27,8,382.65,PT30M
2025-11-27,9,397.69,PT30M
2025-11-27,10,435.99,PT30M
2025-11-27,11,403.99,PT30M
2025-11-27,12,448.08,PT30M
2025-11-27,13,511.64,PT30M
2025-11-27,14,635.67,PT30M
2025-11-27,15,629.45,PT30M
2025-11-27,16,705.18,PT30M
2025-11-27,17,750.07,PT30M
2025-11-27,18,640.57,PT30M
2025-11-27,19,725.48,PT30M
2025-11-27,20,553.61,PT30M
2025-11-27,21,617.93,PT30M
2025-11-27,22,526.89,PT30M
2025-11-27,23,554.08,PT30M
2025-11-27,24,555.44,PT30M
2025-11-27,25,548.00,PT30M
2025-11-27,26,577.31,PT30M
2025-11-27,27,633.39,PT30M
2025-11-27,28,664.61,PT30M
2025-11-27,29,692.41,PT30M
2025-11-27,30,859.63,PT30M
2025-11-27,31,786.88,PT30M
2025-11-27,32,888.79,PT30M
2025-11-27,33,881.50,PT30M
2025-11-27,34,934.03,PT30M
2025-11-27,35,834.80,PT30M
2025-11-27,36,768.38,PT30M
2025-11-27,37,719.22,PT30M
2025-11-27,38,719.84,PT30M
2025-11-27,39,730.15,PT30M
2025-11-27,40,673.87,PT30M
2025-11-27,41,658.68,PT30M
2025-11-27,42,579.28,PT30M
2025-11-27,43,563.25,PT30M
2025-11-27,44,512.04,PT30M
2025-11-27,45,539.13,PT30M
2025-11-27,46,439.00,PT30M
2025-11-27,47,455.49,PT30M
2025-11-27,48,314.80,PT30M
2025-11-27,1,458.05,PT60M
2025-11-27,2,429.76,PT60M
2025-11-27,3,408.76,PT60M
2025-11-27,4,397.66,PT60M
2025-11-27,5,416.84,PT60M
2025-11-27,6,426.04,PT60M
2025-11-27,7,573.66,PT60M
2025-11-27,8,667.32,PT60M
2025-11-27,9,695.32,PT60M
2025-11-27,10,639.54,PT60M
2025-11-27,11,572.41,PT60M
2025-11-27,12,554.76,PT60M
2025-11-27,13,562.65,PT60M
2025-11-27,14,649.00,PT60M
2025-11-27,15,776.02,PT60M
2025-11-27,16,837.84,PT60M
2025-11-27,17,907.76,PT60M
2025-11-27,18,801.59,PT60M
2025-11-27,19,719.53,PT60M
2025-11-27,20,702.01,PT60M
2025-11-27,21,618.98,PT60M
2025-11-27,22,537.65,PT60M
2025-11-27,23,489.06,PT60M
2025-11-27,24,385.14,PT60M
2025-11-28,1,434.79,PT15M
2025-11-28,2,450.73,PT15M
2025-11-28,3,433.75,PT15M
2025-11-28,4,442.89,PT15M
2025-11-28,5,412.45,PT15M
2025-11-28,6,381.06,PT15M
2025-11-28,7,352.56,PT15M
2025-11-28,8,312.89,PT15M
2025-11-28,9,383.46,PT15M
2025-11-28,10,352.12,PT15M
2025-11-28,11,389.61,PT15M
2025-11-28,12,341.48,PT15M
2025-11-28,13,372.07,PT15M
2025-11-28,14,412.09,PT15M
2025-11-28,15,417.29,PT15M
2025-11-28,16,425.30,PT15M
2025-11-28,17,325.04,PT15M
2025-11-28,18,327.65,PT15M
2025-11-28,19,416.96,PT15M
2025-11-28,20,454.10,PT15M
2025-11-28,21,452.82,PT15M
2025-11-28,22,498.11,PT15M
2025-11-28,23,531.64,PT15M
2025-11-28,24,574.13,PT15M
2025-11-28,25,508.47,PT15M
2025-11-28,26,598.76,PT15M
2025-11-28,27,640.32,PT15M
2025-11-28,28,729.62,PT15M
2025-11-28,29,694.25,PT15M
2025-11-28,30,770.78,PT15M
2025-11-28,31,842.39,PT15M
2025-11-28,32,875.05,PT15M
2025-11-28,33,798.07,PT15M
2025-11-28,34,790.15,PT15M
2025-11-28,35,763.53,PT15M
2025-11-28,36,678.48,PT15M
2025-11-28,37,857.21,PT15M
2025-11-28,38,731.40,PT15M
2025-11-28,39,682.65,PT15M
2025-11-28,40,559.05,PT15M
2025-11-28,41,921.27,PT15M
2025-11-28,42,1041.97,PT15M
2025-11-28,43,599.76,PT15M
2025-11-28,44,531.91,PT15M
2025-11-28,45,609.23,PT15M
2025-11-28,46,590.92,PT15M
2025-11-28,47,716.76,PT15M
2025-11-28,48,1011.48,PT15M
2025-11-28,49,616.97,PT15M
2025-11-28,50,854.16,PT15M
2025-11-28,51,655.13,PT15M
2025-11-28,52,602.23,PT15M
2025-11-28,53,614.23,PT15M
2025-11-28,54,618.56,PT15M
2025-11-28,55,637.55,PT15M
2025-11-28,56,725.66,PT15M
2025-11-28,57,686.75,PT15M
2025-11-28,58,806.35,PT15M
2025-11-28,59,1000.28,PT15M
2025-11-28,60,1076.69,PT15M
2025-11-28,61,606.30,PT15M
2025-11-28,62,704.74,PT15M
2025-11-28,63,801.38,PT15M
2025-11-28,64,825.26,PT15M
2025-11-28,65,729.98,PT15M
2025-11-28,66,766.06,PT15M
2025-11-28,67,809.34,PT15M
2025-11-28,68,832.18,PT15M
2025-11-28,69,732.55,PT15M
2025-11-28,70,735.12,PT15M
2025-11-28,71,710.13,PT15M
2025-11-28,72,706.44,PT15M
2025-11-28,73,676.83,PT15M
2025-11-28,74,676.17,PT15M
2025-11-28,75,724.99,PT15M
2025-11-28,76,689.01,PT15M
2025-11-28,77,735.89,PT15M
2025-11-28,78,696.15,PT15M
2025-11-28,79,689.45,PT15M
2025-11-28,80,620.54,PT15M
2025-11-28,81,689.53,PT15M
2025-11-28,82,655.47,PT15M
2025-11-28,83,599.73,PT15M
2025-11-28,84,577.37,PT15M
2025-11-28,85,606.71,PT15M
2025-11-28,86,593.16,PT15M
2025-11-28,87,580.64,PT15M
2025-11-28,88,522.36,PT15M
2025-11-28,89,627.05,PT15M
2025-11-28,90,574.69,PT15M
2025-11-28,91,545.06,PT15M
2025-11-28,92,497.68,PT15M
2025-11-28,93,564.47,PT15M
2025-11-28,94,491.10,PT15M
2025-11-28,95,436.35,PT15M
2025-11-28,96,413.59,PT15M
2025-11-28,1,442.76,PT30M
2025-11-28,2,438.32,PT30M
2025-11-28,3,396.75,PT30M
2025-11-28,4,332.72,PT30M
2025-11-28,5,367.79,PT30M
2025-11-28,6,365.55,PT30M
2025-11-28,7,392.08,PT30M
2025-11-28,8,421.30,PT30M
2025-11-28,9,326.35,PT30M
2025-11-28,10,435.53,PT30M
2025-11-28,11,475.46,PT30M
2025-11-28,12,552.88,PT30M
2025-11-28,13,553.61,PT30M
2025-11-28,14,684.97,PT30M
2025-11-28,15,732.52,PT30M
2025-11-28,16,858.72,PT30M
2025-11-28,17,794.11,PT30M
2025-11-28,18,721.01,PT30M
2025-11-28,19,794.30,PT30M
2025-11-28,20,620.85,PT30M
2025-11-28,21,981.62,PT30M
2025-11-28,22,565.84,PT30M
2025-11-28,23,600.08,PT30M
2025-11-28,24,864.12,PT30M
2025-11-28,25,735.56,PT30M
2025-11-28,26,628.68,PT30M
2025-11-28,27,616.40,PT30M
2025-11-28,28,681.60,PT30M
2025-11-28,29,746.55,PT30M
2025-11-28,30,1038.49,PT30M
2025-11-28,31,655.52,PT30M
2025-11-28,32,813.32,PT30M
2025-11-28,33,748.02,PT30M
2025-11-28,34,820.76,PT30M
2025-11-28,35,733.84,PT30M
2025-11-28,36,708.29,PT30M
2025-11-28,37,676.50,PT30M
2025-11-28,38,707.00,PT30M
2025-11-28,39,716.02,PT30M
2025-11-28,40,654.99,PT30M
2025-11-28,41,672.50,PT30M
2025-11-28,42,588.55,PT30M
2025-11-28,43,599.94,PT30M
2025-11-28,44,551.50,PT30M
2025-11-28,45,600.87,PT30M
2025-11-28,46,521.37,PT30M
2025-11-28,47,527.79,PT30M
2025-11-28,48,424.97,PT30M
2025-11-28,1,440.54,PT60M
2025-11-28,2,364.74,PT60M
2025-11-28,3,366.67,PT60M
2025-11-28,4,406.69,PT60M
2025-11-28,5,380.94,PT60M
2025-11-28,6,514.17,PT60M
2025-11-28,7,619.29,PT60M
2025-11-28,8,795.62,PT60M
2025-11-28,9,757.56,PT60M
2025-11-28,10,707.58,PT60M
2025-11-28,11,773.73,PT60M
2025-11-28,12,732.10,PT60M
2025-11-28,13,682.12,PT60M
2025-11-28,14,649.00,PT60M
2025-11-28,15,892.52,PT60M
2025-11-28,16,734.42,PT60M
2025-11-28,17,784.39,PT60M
2025-11-28,18,721.06,PT60M
2025-11-28,19,691.75,PT60M
2025-11-28,20,685.51,PT60M
2025-11-28,21,630.53,PT60M
2025-11-28,22,575.72,PT60M
2025-11-28,23,561.12,PT60M
2025-11-28,24,476.38,PT60M
2025-11-29,1,514.41,PT15M
2025-11-29,2,506.93,PT15M
2025-11-29,3,485.87,PT15M
2025-11-29,4,455.63,PT15M
2025-11-29,5,463.81,PT15M
2025-11-29,6,462.88,PT15M
2025-11-29,7,467.74,PT15M
2025-11-29,8,489.67,PT15M
2025-11-29,9,485.10,PT15M
2025-11-29,10,455.23,PT15M
2025-11-29,11,456.65,PT15M
2025-11-29,12,452.79,PT15M
2025-11-29,13,454.03,PT15M
2025-11-29,14,466.00,PT15M
2025-11-29,15,463.19,PT15M
2025-11-29,16,454.94,PT15M
2025-11-29,17,442.37,PT15M
2025-11-29,18,459.44,PT15M
2025-11-29,19,473.46,PT15M
2025-11-29,20,490.24,PT15M
2025-11-29,21,477.99,PT15M
2025-11-29,22,473.59,PT15M
2025-11-29,23,496.61,PT15M
2025-11-29,24,537.71,PT15M
2025-11-29,25,413.44,PT15M
2025-11-29,26,493.27,PT15M
2025-11-29,27,549.73,PT15M
2025-11-29,28,566.92,PT15M
2025-11-29,29,547.18,PT15M
2025-11-29,30,567.07,PT15M
2025-11-29,31,583.80,PT15M
2025-11-29,32,601.26,PT15M
2025-11-29,33,597.13,PT15M
2025-11-29,34,583.12,PT15M
2025-11-29,35,582.01,PT15M
2025-11-29,36,576.20,PT15M
2025-11-29,37,598.57,PT15M
2025-11-29,38,579.21,PT15M
2025-11-29,39,553.55,PT15M
2025-11-29,40,533.29,PT15M
2025-11-29,41,570.75,PT15M
2025-11-29,42,538.64,PT15M
2025-11-29,43,525.08,PT15M
2025-11-29,44,505.40,PT15M
2025-11-29,45,528.82,PT15M
2025-11-29,46,528.09,PT15M
2025-11-29,47,524.26,PT15M
2025-11-29,48,523.63,PT15M
2025-11-29,49,535.53,PT15M
2025-11-29,50,529.16,PT15M
2025-11-29,51,521.60,PT15M
2025-11-29,52,514.53,PT15M
2025-11-29,53,535.73,PT15M
2025-11-29,54,497.11,PT15M
2025-11-29,55,498.07,PT15M
2025-11-29,56,505.77,PT15M
2025-11-29,57,507.79,PT15M
2025-11-29,58,525.60,PT15M
2025-11-29,59,552.21,PT15M
2025-11-29,60,646.84,PT15M
2025-11-29,61,532.88,PT15M
2025-11-29,62,591.66,PT15M
2025-11-29,63,637.17,PT15M
2025-11-29,64,719.26,PT15M
2025-11-29,65,665.49,PT15M
2025-11-29,66,725.65,PT15M
2025-11-29,67,750.03,PT15M
2025-11-29,68,759.94,PT15M
2025-11-29,69,712.03,PT15M
2025-11-29,70,714.57,PT15M
2025-11-29,71,712.40,PT15M
2025-11-29,72,709.40,PT15M
2025-11-29,73,708.45,PT15M
2025-11-29,74,729.69,PT15M
2025-11-29,75,730.51,PT15M
2025-11-29,76,650.60,PT15M
2025-11-29,77,725.60,PT15M
2025-11-29,78,725.91,PT15M
2025-11-29,79,704.57,PT15M
2025-11-29,80,611.22,PT15M
2025-11-29,81,730.21,PT15M
2025-11-29,82,695.27,PT15M
2025-11-29,83,632.85,PT15M
2025-11-29,84,547.64,PT15M
2025-11-29,85,646.50,PT15M
2025-11-29,86,613.52,PT15M
2025-11-29,87,596.81,PT15M
2025-11-29,88,533.79,PT15M
2025-11-29,89,648.79,PT15M
2025-11-29,90,618.08,PT15M
2025-11-29,91,581.98,PT15M
2025-11-29,92,506.84,PT15M
2025-11-29,93,633.11,PT15M
2025-11-29,94,540.54,PT15M
2025-11-29,95,479.77,PT15M
2025-11-29,96,426.12,PT15M
2025-11-29,1,510.67,PT30M
2025-11-29,2,470.75,PT30M
2025-11-29,3,463.34,PT30M
2025-11-29,4,478.71,PT30M
2025-11-29,5,470.17,PT30M
2025-11-29,6,454.72,PT30M
2025-11-29,7,460.01,PT30M
2025-11-29,8,459.06,PT30M
2025-11-29,9,450.90,PT30M
2025-11-29,10,481.85,PT30M
2025-11-29,11,475.79,PT30M
2025-11-29,12,517.16,PT30M
2025-11-29,13,453.36,PT30M
2025-11-29,14,558.32,PT30M
2025-11-29,15,557.13,PT30M
2025-11-29,16,592.53,PT30M
2025-11-29,17,590.12,PT30M
2025-11-29,18,579.10,PT30M
2025-11-29,19,588.89,PT30M
2025-11-29,20,543.42,PT30M
2025-11-29,21,554.70,PT30M
2025-11-29,22,515.24,PT30M
2025-11-29,23,528.45,PT30M
2025-11-29,24,523.95,PT30M
2025-11-29,25,532.34,PT30M
2025-11-29,26,518.06,PT30M
2025-11-29,27,516.42,PT30M
2025-11-29,28,501.92,PT30M
2025-11-29,29,516.69,PT30M
2025-11-29,30,599.53,PT30M
2025-11-29,31,562.27,PT30M
2025-11-29,32,678.22,PT30M
2025-11-29,33,695.57,PT30M
2025-11-29,34,754.99,PT30M
2025-11-29,35,713.30,PT30M
2025-11-29,36,710.90,PT30M
2025-11-29,37,719.07,PT30M
2025-11-29,38,690.55,PT30M
2025-11-29,39,725.75,PT30M
2025-11-29,40,657.90,PT30M
2025-11-29,41,712.74,PT30M
2025-11-29,42,590.24,PT30M
2025-11-29,43,630.01,PT30M
2025-11-29,44,565.30,PT30M
2025-11-29,45,633.44,PT30M
2025-11-29,46,544.41,PT30M
2025-11-29,47,586.83,PT30M
2025-11-29,48,452.94,PT30M
2025-11-29,1,490.71,PT60M
2025-11-29,2,471.03,PT60M
2025-11-29,3,462.44,PT60M
2025-11-29,4,459.54,PT60M
2025-11-29,5,466.38,PT60M
2025-11-29,6,496.48,PT60M
2025-11-29,7,505.84,PT60M
2025-11-29,8,574.83,PT60M
2025-11-29,9,584.61,PT60M
2025-11-29,10,566.16,PT60M
2025-11-29,11,534.97,PT60M
2025-11-29,12,526.20,PT60M
2025-11-29,13,525.20,PT60M
2025-11-29,14,509.17,PT60M
2025-11-29,15,558.11,PT60M
2025-11-29,16,620.25,PT60M
2025-11-29,17,725.28,PT60M
2025-11-29,18,712.10,PT60M
2025-11-29,19,704.81,PT60M
2025-11-29,20,691.83,PT60M
2025-11-29,21,651.49,PT60M
2025-11-29,22,597.65,PT60M
2025-11-29,23,588.92,PT60M
2025-11-29,24,519.88,PT60M
2025-11-30,1,541.23,PT15M
2025-11-30,2,529.18,PT15M
2025-11-30,3,462.52,PT15M
2025-11-30,4,435.68,PT15M
2025-11-30,5,488.70,PT15M
2025-11-30,6,474.28,PT15M
2025-11-30,7,466.42,PT15M
2025-11-30,8,472.93,PT15M
2025-11-30,9,455.24,PT15M
2025-11-30,10,437.84,PT15M
2025-11-30,11,452.78,PT15M
2025-11-30,12,434.41,PT15M
2025-11-30,13,440.20,PT15M
2025-11-30,14,435.08,PT15M
2025-11-30,15,438.36,PT15M
2025-11-30,16,438.81,PT15M
2025-11-30,17,425.59,PT15M
2025-11-30,18,424.56,PT15M
2025-11-30,19,426.48,PT15M
2025-11-30,20,447.82,PT15M
2025-11-30,21,437.76,PT15M
2025-11-30,22,453.28,PT15M
2025-11-30,23,471.74,PT15M
2025-11-30,24,488.58,PT15M
2025-11-30,25,453.83,PT15M
2025-11-30,26,463.55,PT15M
2025-11-30,27,493.14,PT15M
2025-11-30,28,504.01,PT15M
2025-11-30,29,476.99,PT15M
2025-11-30,30,493.64,PT15M
2025-11-30,31,487.23,PT15M
2025-11-30,32,490.40,PT15M
2025-11-30,33,489.76,PT15M
2025-11-30,34,492.99,PT15M
2025-11-30,35,477.63,PT15M
2025-11-30,36,458.48,PT15M
2025-11-30,37,505.74,PT15M
2025-11-30,38,494.55,PT15M
2025-11-30,39,450.35,PT15M
2025-11-30,40,455.28,PT15M
2025-11-30,41,468.07,PT15M
2025-11-30,42,437.95,PT15M
2025-11-30,43,444.64,PT15M
2025-11-30,44,437.64,PT15M
2025-11-30,45,436.87,PT15M
2025-11-30,46,444.59,PT15M
2025-11-30,47,451.04,PT15M
2025-11-30,48,455.11,PT15M
2025-11-30,49,475.01,PT15M
2025-11-30,50,415.83,PT15M
2025-11-30,51,419.85,PT15M
2025-11-30,52,436.33,PT15M
2025-11-30,53,437.80,PT15M
2025-11-30,54,437.47,PT15M
2025-11-30,55,469.20,PT15M
2025-11-30,56,504.27,PT15M
2025-11-30,57,455.21,PT15M
2025-11-30,58,496.08,PT15M
2025-11-30,59,548.49,PT15M
2025-11-30,60,583.22,PT15M
2025-11-30,61,483.66,PT15M
2025-11-30,62,548.44,PT15M
2025-11-30,63,604.63,PT15M
2025-11-30,64,611.51,PT15M
2025-11-30,65,584.95,PT15M
2025-11-30,66,622.49,PT15M
2025-11-30,67,669.97,PT15M
2025-11-30,68,681.31,PT15M
2025-11-30,69,637.53,PT15M
2025-11-30,70,635.44,PT15M
2025-11-30,71,653.19,PT15M
2025-11-30,72,669.84,PT15M
2025-11-30,73,650.65,PT15M
2025-11-30,74,663.53,PT15M
2025-11-30,75,647.70,PT15M
2025-11-30,76,669.29,PT15M
2025-11-30,77,681.50,PT15M
2025-11-30,78,666.05,PT15M
2025-11-30,79,664.61,PT15M
2025-11-30,80,656.33,PT15M
2025-11-30,81,690.69,PT15M
2025-11-30,82,677.38,PT15M
2025-11-30,83,672.86,PT15M
2025-11-30,84,604.27,PT15M
2025-11-30,85,664.20,PT15M
2025-11-30,86,622.39,PT15M
2025-11-30,87,605.14,PT15M
2025-11-30,88,558.14,PT15M
2025-11-30,89,608.40,PT15M
2025-11-30,90,597.94,PT15M
2025-11-30,91,579.00,PT15M
2025-11-30,92,538.63,PT15M
2025-11-30,93,560.36,PT15M
2025-11-30,94,513.59,PT15M
2025-11-30,95,494.44,PT15M
2025-11-30,96,439.28,PT15M
2025-11-30,1,535.20,PT30M
2025-11-30,2,449.10,PT30M
2025-11-30,3,481.49,PT30M
2025-11-30,4,469.68,PT30M
2025-11-30,5,446.54,PT30M
2025-11-30,6,443.59,PT30M
2025-11-30,7,437.64,PT30M
2025-11-30,8,438.58,PT30M
2025-11-30,9,425.07,PT30M
2025-11-30,10,437.15,PT30M
2025-11-30,11,445.52,PT30M
2025-11-30,12,480.16,PT30M
2025-11-30,13,458.69,PT30M
2025-11-30,14,498.57,PT30M
2025-11-30,15,485.32,PT30M
2025-11-30,16,488.82,PT30M
2025-11-30,17,491.37,PT30M
2025-11-30,18,468.06,PT30M
2025-11-30,19,500.14,PT30M
2025-11-30,20,452.82,PT30M
2025-11-30,21,453.01,PT30M
2025-11-30,22,441.14,PT30M
2025-11-30,23,440.73,PT30M
2025-11-30,24,453.07,PT30M
2025-11-30,25,445.42,PT30M
2025-11-30,26,428.09,PT30M
2025-11-30,27,437.63,PT30M
2025-11-30,28,486.73,PT30M
2025-11-30,29,475.64,PT30M
2025-11-30,30,565.85,PT30M
2025-11-30,31,516.05,PT30M
2025-11-30,32,608.07,PT30M
2025-11-30,33,603.72,PT30M
2025-11-30,34,675.64,PT30M
2025-11-30,35,636.49,PT30M
2025-11-30,36,661.51,PT30M
2025-11-30,37,657.09,PT30M
2025-11-30,38,658.50,PT30M
2025-11-30,39,673.77,PT30M
2025-11-30,40,660.47,PT30M
2025-11-30,41,684.03,PT30M
2025-11-30,42,638.56,PT30M
2025-11-30,43,643.30,PT30M
2025-11-30,44,581.64,PT30M
2025-11-30,45,603.17,PT30M
2025-11-30,46,558.82,PT30M
2025-11-30,47,536.98,PT30M
2025-11-30,48,466.86,PT30M
2025-11-30,1,492.15,PT60M
2025-11-30,2,475.58,PT60M
2025-11-30,3,445.07,PT60M
2025-11-30,4,438.11,PT60M
2025-11-30,5,431.11,PT60M
2025-11-30,6,462.84,PT60M
2025-11-30,7,478.63,PT60M
2025-11-30,8,487.07,PT60M
2025-11-30,9,479.71,PT60M
2025-11-30,10,476.48,PT60M
2025-11-30,11,447.08,PT60M
2025-11-30,12,446.90,PT60M
2025-11-30,13,436.76,PT60M
2025-11-30,14,462.18,PT60M
2025-11-30,15,520.75,PT60M
2025-11-30,16,562.06,PT60M
2025-11-30,17,639.68,PT60M
2025-11-30,18,649.00,PT60M
2025-11-30,19,657.79,PT60M
2025-11-30,20,667.12,PT60M
2025-11-30,21,661.30,PT60M
2025-11-30,22,612.47,PT60M
2025-11-30,23,580.99,PT60M
2025-11-30,24,501.92,PT60M
2025-12-01,1,529.20,PT15M
2025-12-01,2,522.67,PT15M
2025-12-01,3,498.63,PT15M
2025-12-01,4,490.20,PT15M
2025-12-01,5,527.38,PT15M
2025-12-01,6,511.77,PT15M
2025-12-01,7,502.93,PT15M
2025-12-01,8,485.79,PT15M
2025-12-01,9,505.22,PT15M
2025-12-01,10,489.82,PT15M
2025-12-01,11,491.93,PT15M
2025-12-01,12,482.05,PT15M
2025-12-01,13,452.19,PT15M
2025-12-01,14,465.89,PT15M
2025-12-01,15,479.14,PT15M
2025-12-01,16,485.75,PT15M
2025-12-01,17,481.38,PT15M
2025-12-01,18,491.76,PT15M
2025-12-01,19,500.70,PT15M
2025-12-01,20,498.31,PT15M
2025-12-01,21,468.30,PT15M
2025-12-01,22,506.13,PT15M
2025-12-01,23,538.70,PT15M
2025-12-01,24,636.63,PT15M
2025-12-01,25,560.57,PT15M
2025-12-01,26,694.81,PT15M
2025-12-01,27,835.10,PT15M
2025-12-01,28,861.73,PT15M
2025-12-01,29,774.33,PT15M
2025-12-01,30,786.93,PT15M
2025-12-01,31,749.75,PT15M
2025-12-01,32,835.74,PT15M
2025-12-01,33,910.81,PT15M
2025-12-01,34,864.38,PT15M
2025-12-01,35,833.17,PT15M
2025-12-01,36,806.70,PT15M
2025-12-01,37,868.81,PT15M
2025-12-01,38,841.75,PT15M
2025-12-01,39,813.28,PT15M
2025-12-01,40,766.75,PT15M
2025-12-01,41,764.83,PT15M
2025-12-01,42,749.51,PT15M
2025-12-01,43,736.50,PT15M
2025-12-01,44,730.47,PT15M
2025-12-01,45,708.05,PT15M
2025-12-01,46,713.50,PT15M
2025-12-01,47,734.29,PT15M
2025-12-01,48,725.31,PT15M
2025-12-01,49,762.87,PT15M
2025-12-01,50,766.01,PT15M
2025-12-01,51,797.80,PT15M
2025-12-01,52,832.80,PT15M
2025-12-01,53,755.98,PT15M
2025-12-01,54,836.87,PT15M
2025-12-01,55,851.84,PT15M
2025-12-01,56,822.89,PT15M
2025-12-01,57,778.79,PT15M
2025-12-01,58,882.37,PT15M
2025-12-01,59,951.84,PT15M
2025-12-01,60,1041.38,PT15M
2025-12-01,61,959.87,PT15M
2025-12-01,62,1026.80,PT15M
2025-12-01,63,1141.71,PT15M
2025-12-01,64,1207.08,PT15M
2025-12-01,65,1216.86,PT15M
2025-12-01,66,1254.17,PT15M
2025-12-01,67,1314.74,PT15M
2025-12-01,68,1372.73,PT15M
2025-12-01,69,1123.66,PT15M
2025-12-01,70,1142.75,PT15M
2025-12-01,71,1118.85,PT15M
2025-12-01,72,1049.28,PT15M
2025-12-01,73,1231.98,PT15M
2025-12-01,74,1271.08,PT15M
2025-12-01,75,1178.95,PT15M
2025-12-01,76,1173.09,PT15M
2025-12-01,77,1209.62,PT15M
2025-12-01,78,1089.73,PT15M
2025-12-01,79,1086.49,PT15M
2025-12-01,80,1018.33,PT15M
2025-12-01,81,1057.54,PT15M
2025-12-01,82,976.18,PT15M
2025-12-01,83,892.58,PT15M
2025-12-01,84,754.30,PT15M
2025-12-01,85,907.75,PT15M
2025-12-01,86,793.84,PT15M
2025-12-01,87,708.08,PT15M
2025-12-01,88,579.35,PT15M
2025-12-01,89,727.98,PT15M
2025-12-01,90,696.86,PT15M
2025-12-01,91,664.32,PT15M
2025-12-01,92,573.78,PT15M
2025-12-01,93,632.37,PT15M
2025-12-01,94,593.84,PT15M
2025-12-01,95,554.81,PT15M
2025-12-01,96,518.35,PT15M
2025-12-01,1,525.93,PT30M
2025-12-01,2,494.41,PT30M
2025-12-01,3,519.57,PT30M
2025-12-01,4,494.36,PT30M
2025-12-01,5,497.52,PT30M
2025-12-01,6,486.99,PT30M
2025-12-01,7,459.04,PT30M
2025-12-01,8,482.44,PT30M
2025-12-01,9,486.57,PT30M
2025-12-01,10,499.51,PT30M
2025-12-01,11,487.22,PT30M
2025-12-01,12,587.67,PT30M
2025-12-01,13,627.69,PT30M
2025-12-01,14,848.42,PT30M
2025-12-01,15,780.63,PT30M
2025-12-01,16,792.74,PT30M
2025-12-01,17,887.60,PT30M
2025-12-01,18,819.94,PT30M
2025-12-01,19,855.28,PT30M
2025-12-01,20,790.01,PT30M
2025-12-01,21,757.17,PT30M
2025-12-01,22,733.49,PT30M
2025-12-01,23,710.78,PT30M
2025-12-01,24,729.80,PT30M
2025-12-01,25,764.44,PT30M
2025-12-01,26,815.30,PT30M
2025-12-01,27,796.42,PT30M
2025-12-01,28,837.37,PT30M
2025-12-01,29,830.58,PT30M
2025-12-01,30,996.61,PT30M
2025-12-01,31,993.34,PT30M
2025-12-01,32,1174.39,PT30M
2025-12-01,33,1235.51,PT30M
2025-12-01,34,1343.73,PT30M
2025-12-01,35,1133.20,PT30M
2025-12-01,36,1084.06,PT30M
2025-12-01,37,1251.53,PT30M
2025-12-01,38,1176.02,PT30M
2025-12-01,39,1149.67,PT30M
2025-12-01,40,1052.41,PT30M
2025-12-01,41,1016.86,PT30M
2025-12-01,42,823.44,PT30M
2025-12-01,43,850.79,PT30M
2025-12-01,44,643.71,PT30M
2025-12-01,45,712.42,PT30M
2025-12-01,46,619.05,PT30M
2025-12-01,47,613.11,PT30M
2025-12-01,48,536.58,PT30M
2025-12-01,1,510.17,PT60M
2025-12-01,2,506.97,PT60M
2025-12-01,3,492.26,PT60M
2025-12-01,4,470.74,PT60M
2025-12-01,5,493.04,PT60M
2025-12-01,6,537.44,PT60M
2025-12-01,7,738.05,PT60M
2025-12-01,8,786.68,PT60M
2025-12-01,9,853.77,PT60M
2025-12-01,10,822.65,PT60M
2025-12-01,11,745.33,PT60M
2025-12-01,12,720.29,PT60M
2025-12-01,13,789.87,PT60M
2025-12-01,14,816.90,PT60M
2025-12-01,15,913.59,PT60M
2025-12-01,16,1083.87,PT60M
2025-12-01,17,1289.62,PT60M
2025-12-01,18,1108.63,PT60M
2025-12-01,19,1213.77,PT60M
2025-12-01,20,1101.04,PT60M
2025-12-01,21,920.15,PT60M
2025-12-01,22,747.25,PT60M
2025-12-01,23,665.73,PT60M
2025-12-01,24,574.84,PT60M
2025-12-02,1,588.95,PT15M
2025-12-02,2,544.01,PT15M
2025-12-02,3,527.65,PT15M
2025-12-02,4,490.50,PT15M
2025-12-02,5,535.59,PT15M
2025-12-02,6,526.20,PT15M
2025-12-02,7,512.78,PT15M
2025-12-02,8,529.63,PT15M
2025-12-02,9,534.15,PT15M
2025-12-02,10,497.97,PT15M
2025-12-02,11,505.02,PT15M
2025-12-02,12,480.82,PT15M
2025-12-02,13,487.68,PT15M
2025-12-02,14,477.68,PT15M
2025-12-02,15,477.94,PT15M
2025-12-02,16,486.26,PT15M
2025-12-02,17,477.22,PT15M
2025-12-02,18,478.55,PT15M
2025-12-02,19,496.50,PT15M
2025-12-02,20,541.15,PT15M
2025-12-02,21,457.17,PT15M
2025-12-02,22,529.21,PT15M
2025-12-02,23,534.84,PT15M
2025-12-02,24,581.36,PT15M
2025-12-02,25,579.12,PT15M
2025-12-02,26,611.99,PT15M
2025-12-02,27,700.86,PT15M
2025-12-02,28,806.50,PT15M
2025-12-02,29,811.27,PT15M
2025-12-02,30,868.76,PT15M
2025-12-02,31,954.45,PT15M
2025-12-02,32,1008.23,PT15M
2025-12-02,33,906.31,PT15M
2025-12-02,34,899.93,PT15M
2025-12-02,35,957.36,PT15M
2025-12-02,36,851.38,PT15M
2025-12-02,37,940.41,PT15M
2025-12-02,38,899.25,PT15M
2025-12-02,39,812.75,PT15M
2025-12-02,40,712.55,PT15M
2025-12-02,41,837.74,PT15M
2025-12-02,42,794.89,PT15M
2025-12-02,43,799.31,PT15M
2025-12-02,44,791.38,PT15M
2025-12-02,45,807.03,PT15M
2025-12-02,46,785.75,PT15M
2025-12-02,47,782.50,PT15M
2025-12-02,48,744.96,PT15M
2025-12-02,49,727.61,PT15M
2025-12-02,50,752.18,PT15M
2025-12-02,51,762.82,PT15M
2025-12-02,52,770.65,PT15M
2025-12-02,53,759.50,PT15M
2025-12-02,54,872.97,PT15M
2025-12-02,55,940.81,PT15M
2025-12-02,56,855.65,PT15M
2025-12-02,57,728.57,PT15M
2025-12-02,58,819.04,PT15M
2025-12-02,59,924.91,PT15M
2025-12-02,60,1061.72,PT15M
2025-12-02,61,865.71,PT15M
2025-12-02,62,915.98,PT15M
2025-12-02,63,964.07,PT15M
2025-12-02,64,1094.53,PT15M
2025-12-02,65,971.25,PT15M
2025-12-02,66,1033.73,PT15M
2025-12-02,67,1069.95,PT15M
2025-12-02,68,1124.82,PT15M
2025-12-02,69,991.49,PT15M
2025-12-02,70,1021.84,PT15M
2025-12-02,71,933.16,PT15M
2025-12-02,72,890.33,PT15M
2025-12-02,73,860.02,PT15M
2025-12-02,74,875.99,PT15M
2025-12-02,75,903.16,PT15M
2025-12-02,76,896.30,PT15M
2025-12-02,77,930.39,PT15M
2025-12-02,78,823.12,PT15M
2025-12-02,79,852.05,PT15M
2025-12-02,80,787.60,PT15M
2025-12-02,81,894.25,PT15M
2025-12-02,82,794.64,PT15M
2025-12-02,83,725.34,PT15M
2025-12-02,84,645.48,PT15M
2025-12-02,85,716.71,PT15M
2025-12-02,86,695.89,PT15M
2025-12-02,87,652.06,PT15M
2025-12-02,88,582.86,PT15M
2025-12-02,89,671.27,PT15M
2025-12-02,90,625.81,PT15M
2025-12-02,91,593.70,PT15M
2025-12-02,92,554.95,PT15M
2025-12-02,93,573.19,PT15M
2025-12-02,94,553.81,PT15M
2025-12-02,95,528.47,PT15M
2025-12-02,96,482.65,PT15M
2025-12-02,1,566.48,PT30M
2025-12-02,2,509.08,PT30M
2025-12-02,3,530.90,PT30M
2025-12-02,4,521.21,PT30M
2025-12-02,5,516.06,PT30M
2025-12-02,6,492.92,PT30M
2025-12-02,7,482.68,PT30M
2025-12-02,8,482.10,PT30M
2025-12-02,9,477.88,PT30M
2025-12-02,10,518.83,PT30M
2025-12-02,11,493.19,PT30M
2025-12-02,12,558.10,PT30M
2025-12-02,13,595.56,PT30M
2025-12-02,14,753.68,PT30M
2025-12-02,15,840.01,PT30M
2025-12-02,16,981.34,PT30M
2025-12-02,17,903.12,PT30M
2025-12-02,18,904.37,PT30M
2025-12-02,19,919.83,PT30M
2025-12-02,20,762.65,PT30M
2025-12-02,21,816.31,PT30M
2025-12-02,22,795.34,PT30M
2025-12-02,23,796.39,PT30M
2025-12-02,24,763.73,PT30M
2025-12-02,25,739.90,PT30M
2025-12-02,26,766.74,PT30M
2025-12-02,27,816.24,PT30M
2025-12-02,28,898.23,PT30M
2025-12-02,29,773.81,PT30M
2025-12-02,30,993.32,PT30M
2025-12-02,31,890.84,PT30M
2025-12-02,32,1029.30,PT30M
2025-12-02,33,1002.49,PT30M
2025-12-02,34,1097.38,PT30M
2025-12-02,35,1006.66,PT30M
2025-12-02,36,911.75,PT30M
2025-12-02,37,868.01,PT30M
2025-12-02,38,899.73,PT30M
2025-12-02,39,876.75,PT30M
2025-12-02,40,819.83,PT30M
2025-12-02,41,844.44,PT30M
2025-12-02,42,685.41,PT30M
2025-12-02,43,706.30,PT30M
2025-12-02,44,617.46,PT30M
2025-12-02,45,648.54,PT30M
2025-12-02,46,574.33,PT30M
2025-12-02,47,563.50,PT30M
2025-12-02,48,505.56,PT30M
2025-12-02,1,537.78,PT60M
2025-12-02,2,526.05,PT60M
2025-12-02,3,504.49,PT60M
2025-12-02,4,482.39,PT60M
2025-12-02,5,498.36,PT60M
2025-12-02,6,525.64,PT60M
2025-12-02,7,674.62,PT60M
2025-12-02,8,910.68,PT60M
2025-12-02,9,903.75,PT60M
2025-12-02,10,841.24,PT60M
2025-12-02,11,805.83,PT60M
2025-12-02,12,780.06,PT60M
2025-12-02,13,753.32,PT60M
2025-12-02,14,857.23,PT60M
2025-12-02,15,883.56,PT60M
2025-12-02,16,960.07,PT60M
2025-12-02,17,1049.94,PT60M
2025-12-02,18,959.20,PT60M
2025-12-02,19,883.87,PT60M
2025-12-02,20,848.29,PT60M
2025-12-02,21,764.93,PT60M
2025-12-02,22,661.88,PT60M
2025-12-02,23,611.43,PT60M
2025-12-02,24,534.53,PT60M
2025-12-03,1,569.08,PT15M
2025-12-03,2,529.14,PT15M
2025-12-03,3,511.70,PT15M
2025-12-03,4,508.55,PT15M
2025-12-03,5,562.09,PT15M
2025-12-03,6,518.02,PT15M
2025-12-03,7,508.82,PT15M
2025-12-03,8,520.60,PT15M
2025-12-03,9,520.28,PT15M
2025-12-03,10,510.69,PT15M
2025-12-03,11,503.33,PT15M
2025-12-03,12,496.01,PT15M
2025-12-03,13,508.22,PT15M
2025-12-03,14,506.54,PT15M
2025-12-03,15,504.08,PT15M
2025-12-03,16,504.16,PT15M
2025-12-03,17,508.25,PT15M
2025-12-03,18,517.60,PT15M
2025-12-03,19,519.24,PT15M
2025-12-03,20,537.24,PT15M
2025-12-03,21,495.75,PT15M
2025-12-03,22,523.28,PT15M
2025-12-03,23,549.05,PT15M
2025-12-03,24,616.49,PT15M
2025-12-03,25,569.68,PT15M
2025-12-03,26,702.72,PT15M
2025-12-03,27,771.15,PT15M
2025-12-03,28,933.63,PT15M
2025-12-03,29,747.64,PT15M
2025-12-03,30,890.68,PT15M
2025-12-03,31,1130.63,PT15M
2025-12-03,32,1087.54,PT15M
2025-12-03,33,1133.42,PT15M
2025-12-03,34,1248.70,PT15M
2025-12-03,35,1290.24,PT15M
2025-12-03,36,1119.09,PT15M
2025-12-03,37,1286.33,PT15M
2025-12-03,38,1160.75,PT15M
2025-12-03,39,898.89,PT15M
2025-12-03,40,897.86,PT15M
2025-12-03,41,1014.96,PT15M
2025-12-03,42,891.22,PT15M
2025-12-03,43,861.12,PT15M
2025-12-03,44,853.18,PT15M
2025-12-03,45,858.15,PT15M
2025-12-03,46,835.26,PT15M
2025-12-03,47,831.87,PT15M
2025-12-03,48,845.79,PT15M
2025-12-03,49,814.05,PT15M
2025-12-03,50,773.17,PT15M
2025-12-03,51,816.96,PT15M
2025-12-03,52,861.22,PT15M
2025-12-03,53,848.89,PT15M
2025-12-03,54,856.36,PT15M
2025-12-03,55,904.09,PT15M
2025-12-03,56,913.42,PT15M
2025-12-03,57,873.18,PT15M
2025-12-03,58,951.92,PT15M
2025-12-03,59,1098.59,PT15M
2025-12-03,60,1073.72,PT15M
2025-12-03,61,979.55,PT15M
2025-12-03,62,1086.01,PT15M
2025-12-03,63,1354.37,PT15M
2025-12-03,64,1479.82,PT15M
2025-12-03,65,1207.36,PT15M
2025-12-03,66,1534.98,PT15M
2025-12-03,67,1668.68,PT15M
2025-12-03,68,1809.42,PT15M
2025-12-03,69,1382.54,PT15M
2025-12-03,70,1435.22,PT15M
2025-12-03,71,1277.62,PT15M
2025-12-03,72,1112.01,PT15M
2025-12-03,73,1101.30,PT15M
2025-12-03,74,1110.60,PT15M
2025-12-03,75,999.99,PT15M
2025-12-03,76,909.70,PT15M
2025-12-03,77,1024.20,PT15M
2025-12-03,78,891.01,PT15M
2025-12-03,79,812.77,PT15M
2025-12-03,80,767.48,PT15M
2025-12-03,81,874.08,PT15M
2025-12-03,82,764.08,PT15M
2025-12-03,83,687.00,PT15M
2025-12-03,84,631.26,PT15M
2025-12-03,85,703.65,PT15M
2025-12-03,86,668.71,PT15M
2025-12-03,87,595.97,PT15M
2025-12-03,88,561.88,PT15M
2025-12-03,89,691.77,PT15M
2025-12-03,90,624.27,PT15M
2025-12-03,91,573.85,PT15M
2025-12-03,92,541.38,PT15M
2025-12-03,93,619.45,PT15M
2025-12-03,94,565.14,PT15M
2025-12-03,95,532.53,PT15M
2025-12-03,96,508.07,PT15M
2025-12-03,1,549.11,PT30M
2025-12-03,2,510.12,PT30M
2025-12-03,3,540.05,PT30M
2025-12-03,4,514.71,PT30M
2025-12-03,5,515.49,PT30M
2025-12-03,6,499.67,PT30M
2025-12-03,7,507.38,PT30M
2025-12-03,8,504.12,PT30M
2025-12-03,9,512.92,PT30M
2025-12-03,10,528.24,PT30M
2025-12-03,11,509.51,PT30M
2025-12-03,12,582.77,PT30M
2025-12-03,13,636.20,PT30M
2025-12-03,14,852.39,PT30M
2025-12-03,15,819.16,PT30M
2025-12-03,16,1109.09,PT30M
2025-12-03,17,1191.06,PT30M
2025-12-03,18,1204.67,PT30M
2025-12-03,19,1223.54,PT30M
2025-12-03,20,898.37,PT30M
2025-12-03,21,953.09,PT30M
2025-12-03,22,857.15,PT30M
2025-12-03,23,846.71,PT30M
2025-12-03,24,838.83,PT30M
2025-12-03,25,793.61,PT30M
2025-12-03,26,839.09,PT30M
2025-12-03,27,852.63,PT30M
2025-12-03,28,908.76,PT30M
2025-12-03,29,912.55,PT30M
2025-12-03,30,1086.15,PT30M
2025-12-03,31,1032.78,PT30M
2025-12-03,32,1417.10,PT30M
2025-12-03,33,1371.17,PT30M
2025-12-03,34,1739.05,PT30M
2025-12-03,35,1408.88,PT30M
2025-12-03,36,1194.82,PT30M
2025-12-03,37,1105.95,PT30M
2025-12-03,38,954.85,PT30M
2025-12-03,39,957.61,PT30M
2025-12-03,40,790.12,PT30M
2025-12-03,41,819.08,PT30M
2025-12-03,42,659.13,PT30M
2025-12-03,43,686.18,PT30M
2025-12-03,44,578.92,PT30M
2025-12-03,45,658.02,PT30M
2025-12-03,46,557.61,PT30M
2025-12-03,47,592.29,PT30M
2025-12-03,48,520.30,PT30M
2025-12-03,1,529.62,PT60M
2025-12-03,2,527.38,PT60M
2025-12-03,3,507.58,PT60M
2025-12-03,4,505.75,PT60M
2025-12-03,5,520.58,PT60M
2025-12-03,6,546.14,PT60M
2025-12-03,7,744.30,PT60M
2025-12-03,8,964.13,PT60M
2025-12-03,9,1197.86,PT60M
2025-12-03,10,1060.95,PT60M
2025-12-03,11,905.12,PT60M
2025-12-03,12,842.77,PT60M
2025-12-03,13,816.35,PT60M
2025-12-03,14,880.69,PT60M
2025-12-03,15,999.35,PT60M
2025-12-03,16,1224.94,PT60M
2025-12-03,17,1555.11,PT60M
2025-12-03,18,1301.85,PT60M
2025-12-03,19,1030.40,PT60M
2025-12-03,20,873.86,PT60M
2025-12-03,21,739.10,PT60M
2025-12-03,22,632.55,PT60M
2025-12-03,23,607.82,PT60M
2025-12-03,24,556.30,PT60M
2025-12-04,1,530.83,PT15M
2025-12-04,2,523.59,PT15M
2025-12-04,3,505.17,PT15M
2025-12-04,4,482.07,PT15M
2025-12-04,5,519.25,PT15M
2025-12-04,6,496.79,PT15M
2025-12-04,7,475.72,PT15M
2025-12-04,8,465.02,PT15M
2025-12-04,9,482.75,PT15M
2025-12-04,10,469.04,PT15M
2025-12-04,11,469.11,PT15M
2025-12-04,12,476.98,PT15M
2025-12-04,13,482.48,PT15M
2025-12-04,14,474.81,PT15M
2025-12-04,15,472.94,PT15M
2025-12-04,16,468.53,PT15M
2025-12-04,17,477.83,PT15M
2025-12-04,18,490.39,PT15M
2025-12-04,19,497.80,PT15M
2025-12-04,20,513.11,PT15M
2025-12-04,21,490.59,PT15M
2025-12-04,22,513.94,PT15M
2025-12-04,23,532.22,PT15M
2025-12-04,24,586.87,PT15M
2025-12-04,25,528.49,PT15M
2025-12-04,26,609.39,PT15M
2025-12-04,27,701.39,PT15M
2025-12-04,28,789.82,PT15M
2025-12-04,29,731.40,PT15M
2025-12-04,30,873.98,PT15M
2025-12-04,31,848.77,PT15M
2025-12-04,32,871.72,PT15M
2025-12-04,33,834.42,PT15M
2025-12-04,34,922.44,PT15M
2025-12-04,35,944.04,PT15M
2025-12-04,36,838.90,PT15M
2025-12-04,37,928.37,PT15M
2025-12-04,38,865.29,PT15M
2025-12-04,39,808.14,PT15M
2025-12-04,40,715.70,PT15M
2025-12-04,41,782.39,PT15M
2025-12-04,42,715.70,PT15M
2025-12-04,43,726.85,PT15M
2025-12-04,44,725.00,PT15M
2025-12-04,45,616.00,PT15M
2025-12-04,46,637.31,PT15M
2025-12-04,47,746.84,PT15M
2025-12-04,48,727.87,PT15M
2025-12-04,49,747.73,PT15M
2025-12-04,50,720.52,PT15M
2025-12-04,51,713.38,PT15M
2025-12-04,52,737.50,PT15M
2025-12-04,53,737.47,PT15M
2025-12-04,54,773.86,PT15M
2025-12-04,55,772.16,PT15M
2025-12-04,56,788.76,PT15M
2025-12-04,57,733.03,PT15M
2025-12-04,58,781.33,PT15M
2025-12-04,59,843.05,PT15M
2025-12-04,60,843.88,PT15M
2025-12-04,61,756.50,PT15M
2025-12-04,62,791.90,PT15M
2025-12-04,63,759.51,PT15M
2025-12-04,64,869.23,PT15M
2025-12-04,65,749.88,PT15M
2025-12-04,66,792.81,PT15M
2025-12-04,67,814.29,PT15M
2025-12-04,68,837.22,PT15M
2025-12-04,69,756.17,PT15M
2025-12-04,70,765.76,PT15M
2025-12-04,71,739.03,PT15M
2025-12-04,72,749.65,PT15M
2025-12-04,73,728.70,PT15M
2025-12-04,74,721.06,PT15M
2025-12-04,75,744.64,PT15M
2025-12-04,76,775.18,PT15M
2025-12-04,77,773.57,PT15M
2025-12-04,78,722.25,PT15M
2025-12-04,79,710.18,PT15M
2025-12-04,80,664.44,PT15M
2025-12-04,81,714.93,PT15M
2025-12-04,82,697.00,PT15M
2025-12-04,83,631.63,PT15M
2025-12-04,84,581.89,PT15M
2025-12-04,85,667.31,PT15M
2025-12-04,86,626.51,PT15M
2025-12-04,87,580.02,PT15M
2025-12-04,88,548.75,PT15M
2025-12-04,89,593.17,PT15M
2025-12-04,90,589.20,PT15M
2025-12-04,91,570.46,PT15M
2025-12-04,92,535.34,PT15M
2025-12-04,93,556.96,PT15M
2025-12-04,94,534.02,PT15M
2025-12-04,95,501.75,PT15M
2025-12-04,96,454.89,PT15M
2025-12-04,1,527.21,PT30M
2025-12-04,2,493.62,PT30M
2025-12-04,3,508.02,PT30M
2025-12-04,4,470.37,PT30M
2025-12-04,5,475.89,PT30M
2025-12-04,6,473.04,PT30M
2025-12-04,7,478.64,PT30M
2025-12-04,8,470.74,PT30M
2025-12-04,9,484.11,PT30M
2025-12-04,10,505.46,PT30M
2025-12-04,11,502.27,PT30M
2025-12-04,12,559.55,PT30M
2025-12-04,13,568.94,PT30M
2025-12-04,14,745.61,PT30M
2025-12-04,15,802.69,PT30M
2025-12-04,16,860.24,PT30M
2025-12-04,17,878.43,PT30M
2025-12-04,18,891.47,PT30M
2025-12-04,19,896.83,PT30M
2025-12-04,20,761.92,PT30M
2025-12-04,21,749.04,PT30M
2025-12-04,22,725.93,PT30M
2025-12-04,23,626.65,PT30M
2025-12-04,24,737.35,PT30M
2025-12-04,25,734.12,PT30M
2025-12-04,26,725.44,PT30M
2025-12-04,27,755.66,PT30M
2025-12-04,28,780.46,PT30M
2025-12-04,29,757.18,PT30M
2025-12-04,30,843.46,PT30M
2025-12-04,31,774.20,PT30M
2025-12-04,32,814.37,PT30M
2025-12-04,33,771.35,PT30M
2025-12-04,34,825.75,PT30M
2025-12-04,35,760.97,PT30M
2025-12-04,36,744.34,PT30M
2025-12-04,37,724.88,PT30M
2025-12-04,38,759.91,PT30M
2025-12-04,39,747.91,PT30M
2025-12-04,40,687.31,PT30M
2025-12-04,41,705.96,PT30M
2025-12-04,42,606.76,PT30M
2025-12-04,43,646.91,PT30M
2025-12-04,44,564.38,PT30M
2025-12-04,45,591.18,PT30M
2025-12-04,46,552.90,PT30M
2025-12-04,47,545.49,PT30M
2025-12-04,48,478.32,PT30M
2025-12-04,1,510.42,PT60M
2025-12-04,2,489.20,PT60M
2025-12-04,3,474.47,PT60M
2025-12-04,4,474.69,PT60M
2025-12-04,5,494.78,PT60M
2025-12-04,6,530.91,PT60M
2025-12-04,7,657.27,PT60M
2025-12-04,8,831.47,PT60M
2025-12-04,9,884.95,PT60M
2025-12-04,10,829.38,PT60M
2025-12-04,11,737.48,PT60M
2025-12-04,12,682.00,PT60M
2025-12-04,13,729.78,PT60M
2025-12-04,14,768.06,PT60M
2025-12-04,15,800.32,PT60M
2025-12-04,16,794.28,PT60M
2025-12-04,17,798.55,PT60M
2025-12-04,18,752.65,PT60M
2025-12-04,19,742.39,PT60M
2025-12-04,20,717.61,PT60M
2025-12-04,21,656.36,PT60M
2025-12-04,22,605.65,PT60M
2025-12-04,23,572.04,PT60M
2025-12-04,24,511.90,PT60M
2025-12-05,1,534.64,PT15M
2025-12-05,2,513.46,PT15M
2025-12-05,3,498.05,PT15M
2025-12-05,4,475.96,PT15M
2025-12-05,5,516.74,PT15M
2025-12-05,6,501.37,PT15M
2025-12-05,7,489.96,PT15M
2025-12-05,8,477.13,PT15M
2025-12-05,9,482.27,PT15M
2025-12-05,10,483.35,PT15M
2025-12-05,11,484.39,PT15M
2025-12-05,12,460.19,PT15M
2025-12-05,13,456.82,PT15M
2025-12-05,14,469.15,PT15M
2025-12-05,15,474.66,PT15M
2025-12-05,16,505.42,PT15M
2025-12-05,17,481.16,PT15M
2025-12-05,18,483.99,PT15M
2025-12-05,19,510.85,PT15M
2025-12-05,20,525.11,PT15M
2025-12-05,21,480.96,PT15M
2025-12-05,22,507.75,PT15M
2025-12-05,23,535.97,PT15M
2025-12-05,24,598.28,PT15M
2025-12-05,25,501.51,PT15M
2025-12-05,26,583.85,PT15M
2025-12-05,27,654.31,PT15M
2025-12-05,28,821.14,PT15M
2025-12-05,29,724.29,PT15M
2025-12-05,30,799.80,PT15M
2025-12-05,31,699.14,PT15M
2025-12-05,32,699.14,PT15M
2025-12-05,33,765.48,PT15M
2025-12-05,34,699.14,PT15M
2025-12-05,35,711.15,PT15M
2025-12-05,36,873.66,PT15M
2025-12-05,37,823.85,PT15M
2025-12-05,38,801.92,PT15M
2025-12-05,39,713.70,PT15M
2025-12-05,40,818.58,PT15M
2025-12-05,41,638.34,PT15M
2025-12-05,42,698.70,PT15M
2025-12-05,43,842.71,PT15M
2025-12-05,44,811.16,PT15M
2025-12-05,45,776.77,PT15M
2025-12-05,46,798.70,PT15M
2025-12-05,47,797.59,PT15M
2025-12-05,48,796.13,PT15M
2025-12-05,49,719.17,PT15M
2025-12-05,50,699.13,PT15M
2025-12-05,51,699.12,PT15M
2025-12-05,52,699.13,PT15M
2025-12-05,53,677.87,PT15M
2025-12-05,54,699.11,PT15M
2025-12-05,55,699.13,PT15M
2025-12-05,56,733.20,PT15M
2025-12-05,57,765.62,PT15M
2025-12-05,58,763.22,PT15M
2025-12-05,59,731.07,PT15M
2025-12-05,60,699.11,PT15M
2025-12-05,61,737.25,PT15M
2025-12-05,62,757.54,PT15M
2025-12-05,63,773.97,PT15M
2025-12-05,64,783.33,PT15M
2025-12-05,65,673.08,PT15M
2025-12-05,66,745.47,PT15M
2025-12-05,67,835.66,PT15M
2025-12-05,68,843.12,PT15M
2025-12-05,69,785.88,PT15M
2025-12-05,70,728.79,PT15M
2025-12-05,71,788.76,PT15M
2025-12-05,72,727.65,PT15M
2025-12-05,73,788.07,PT15M
2025-12-05,74,744.40,PT15M
2025-12-05,75,718.10,PT15M
2025-12-05,76,642.67,PT15M
2025-12-05,77,727.87,PT15M
2025-12-05,78,677.05,PT15M
2025-12-05,79,646.28,PT15M
2025-12-05,80,559.57,PT15M
2025-12-05,81,624.23,PT15M
2025-12-05,82,609.36,PT15M
2025-12-05,83,564.45,PT15M
2025-12-05,84,506.72,PT15M
2025-12-05,85,560.19,PT15M
2025-12-05,86,532.07,PT15M
2025-12-05,87,507.44,PT15M
2025-12-05,88,463.43,PT15M
2025-12-05,89,530.84,PT15M
2025-12-05,90,510.82,PT15M
2025-12-05,91,474.93,PT15M
2025-12-05,92,456.60,PT15M
2025-12-05,93,513.00,PT15M
2025-12-05,94,460.68,PT15M
2025-12-05,95,407.62,PT15M
2025-12-05,96,368.31,PT15M
2025-12-05,1,524.05,PT30M
2025-12-05,2,487.01,PT30M
2025-12-05,3,509.05,PT30M
2025-12-05,4,483.54,PT30M
2025-12-05,5,482.81,PT30M
2025-12-05,6,472.29,PT30M
2025-12-05,7,462.99,PT30M
2025-12-05,8,490.04,PT30M
2025-12-05,9,482.57,PT30M
2025-12-05,10,517.98,PT30M
2025-12-05,11,494.35,PT30M
2025-12-05,12,567.13,PT30M
2025-12-05,13,542.68,PT30M
2025-12-05,14,737.72,PT30M
2025-12-05,15,762.04,PT30M
2025-12-05,16,699.14,PT30M
2025-12-05,17,732.31,PT30M
2025-12-05,18,792.40,PT30M
2025-12-05,19,812.88,PT30M
2025-12-05,20,766.14,PT30M
2025-12-05,21,668.52,PT30M
2025-12-05,22,826.93,PT30M
2025-12-05,23,787.74,PT30M
2025-12-05,24,796.86,PT30M
2025-12-05,25,709.15,PT30M
2025-12-05,26,699.12,PT30M
2025-12-05,27,688.49,PT30M
2025-12-05,28,716.16,PT30M
2025-12-05,29,764.42,PT30M
2025-12-05,30,715.09,PT30M
2025-12-05,31,747.40,PT30M
2025-12-05,32,778.65,PT30M
2025-12-05,33,709.28,PT30M
2025-12-05,34,839.39,PT30M
2025-12-05,35,757.33,PT30M
2025-12-05,36,758.21,PT30M
2025-12-05,37,766.24,PT30M
2025-12-05,38,680.39,PT30M
2025-12-05,39,702.46,PT30M
2025-12-05,40,602.92,PT30M
2025-12-05,41,616.79,PT30M
2025-12-05,42,535.59,PT30M
2025-12-05,43,546.13,PT30M
2025-12-05,44,485.44,PT30M
2025-12-05,45,520.83,PT30M
2025-12-05,46,465.77,PT30M
2025-12-05,47,486.84,PT30M
2025-12-05,48,387.97,PT30M
2025-12-05,1,505.53,PT60M
2025-12-05,2,496.30,PT60M
2025-12-05,3,477.55,PT60M
2025-12-05,4,476.51,PT60M
2025-12-05,5,500.28,PT60M
2025-12-05,6,530.74,PT60M
2025-12-05,7,640.20,PT60M
2025-12-05,8,730.59,PT60M
2025-12-05,9,762.36,PT60M
2025-12-05,10,789.51,PT60M
2025-12-05,11,747.73,PT60M
2025-12-05,12,792.30,PT60M
2025-12-05,13,704.14,PT60M
2025-12-05,14,702.33,PT60M
2025-12-05,15,739.76,PT60M
2025-12-05,16,763.02,PT60M
2025-12-05,17,774.33,PT60M
2025-12-05,18,757.77,PT60M
2025-12-05,19,723.31,PT60M
2025-12-05,20,652.69,PT60M
2025-12-05,21,576.19,PT60M
2025-12-05,22,515.79,PT60M
2025-12-05,23,493.30,PT60M
2025-12-05,24,437.41,PT60M
2025-12-06,1,466.60,PT15M
2025-12-06,2,424.75,PT15M
2025-12-06,3,404.11,PT15M
2025-12-06,4,400.70,PT15M
2025-12-06,5,449.69,PT15M
2025-12-06,6,414.26,PT15M
2025-12-06,7,399.24,PT15M
2025-12-06,8,359.04,PT15M
2025-12-06,9,418.86,PT15M
2025-12-06,10,397.93,PT15M
2025-12-06,11,373.30,PT15M
2025-12-06,12,364.38,PT15M
2025-12-06,13,398.40,PT15M
2025-12-06,14,398.90,PT15M
2025-12-06,15,398.53,PT15M
2025-12-06,16,407.36,PT15M
2025-12-06,17,402.69,PT15M
2025-12-06,18,406.88,PT15M
2025-12-06,19,430.67,PT15M
2025-12-06,20,427.98,PT15M
2025-12-06,21,436.41,PT15M
2025-12-06,22,424.72,PT15M
2025-12-06,23,430.87,PT15M
2025-12-06,24,441.31,PT15M
2025-12-06,25,402.99,PT15M
2025-12-06,26,457.85,PT15M
2025-12-06,27,484.79,PT15M
2025-12-06,28,527.11,PT15M
2025-12-06,29,494.47,PT15M
2025-12-06,30,511.40,PT15M
2025-12-06,31,542.46,PT15M
2025-12-06,32,561.37,PT15M
2025-12-06,33,555.06,PT15M
2025-12-06,34,563.97,PT15M
2025-12-06,35,571.87,PT15M
2025-12-06,36,567.55,PT15M
2025-12-06,37,574.08,PT15M
2025-12-06,38,566.38,PT15M
2025-12-06,39,553.39,PT15M
2025-12-06,40,535.41,PT15M
2025-12-06,41,523.21,PT15M
2025-12-06,42,505.64,PT15M
2025-12-06,43,504.10,PT15M
2025-12-06,44,501.50,PT15M
2025-12-06,45,500.39,PT15M
2025-12-06,46,499.44,PT15M
2025-12-06,47,498.06,PT15M
2025-12-06,48,502.10,PT15M
2025-12-06,49,481.94,PT15M
2025-12-06,50,503.38,PT15M
2025-12-06,51,503.61,PT15M
2025-12-06,52,511.07,PT15M
2025-12-06,53,518.06,PT15M
2025-12-06,54,523.21,PT15M
2025-12-06,55,535.16,PT15M
2025-12-06,56,546.84,PT15M
2025-12-06,57,523.23,PT15M
2025-12-06,58,543.98,PT15M
2025-12-06,59,567.24,PT15M
2025-12-06,60,631.09,PT15M
2025-12-06,61,570.23,PT15M
2025-12-06,62,593.97,PT15M
2025-12-06,63,608.00,PT15M
2025-12-06,64,647.96,PT15M
2025-12-06,65,611.52,PT15M
2025-12-06,66,651.06,PT15M
2025-12-06,67,667.97,PT15M
2025-12-06,68,669.46,PT15M
2025-12-06,69,636.81,PT15M
2025-12-06,70,626.55,PT15M
2025-12-06,71,628.45,PT15M
2025-12-06,72,632.92,PT15M
2025-12-06,73,622.75,PT15M
2025-12-06,74,627.09,PT15M
2025-12-06,75,631.38,PT15M
2025-12-06,76,606.42,PT15M
2025-12-06,77,633.65,PT15M
2025-12-06,78,621.19,PT15M
2025-12-06,79,612.81,PT15M
2025-12-06,80,602.25,PT15M
2025-12-06,81,670.61,PT15M
2025-12-06,82,629.29,PT15M
2025-12-06,83,585.66,PT15M
2025-12-06,84,562.43,PT15M
2025-12-06,85,558.39,PT15M
2025-12-06,86,529.08,PT15M
2025-12-06,87,501.25,PT15M
2025-12-06,88,461.74,PT15M
2025-12-06,89,512.95,PT15M
2025-12-06,90,488.99,PT15M
2025-12-06,91,471.97,PT15M
2025-12-06,92,455.22,PT15M
2025-12-06,93,487.75,PT15M
2025-12-06,94,473.47,PT15M
2025-12-06,95,444.24,PT15M
2025-12-06,96,409.90,PT15M
2025-12-06,1,445.67,PT30M
2025-12-06,2,402.41,PT30M
2025-12-06,3,431.97,PT30M
2025-12-06,4,379.14,PT30M
2025-12-06,5,408.39,PT30M
2025-12-06,6,368.84,PT30M
2025-12-06,7,398.65,PT30M
2025-12-06,8,402.94,PT30M
2025-12-06,9,404.78,PT30M
2025-12-06,10,429.32,PT30M
2025-12-06,11,430.56,PT30M
2025-12-06,12,436.09,PT30M
2025-12-06,13,430.42,PT30M
2025-12-06,14,505.95,PT30M
2025-12-06,15,502.94,PT30M
2025-12-06,16,551.91,PT30M
2025-12-06,17,559.51,PT30M
2025-12-06,18,569.71,PT30M
2025-12-06,19,570.23,PT30M
2025-12-06,20,544.40,PT30M
2025-12-06,21,514.42,PT30M
2025-12-06,22,502.80,PT30M
2025-12-06,23,499.92,PT30M
2025-12-06,24,500.08,PT30M
2025-12-06,25,492.66,PT30M
2025-12-06,26,507.34,PT30M
2025-12-06,27,520.63,PT30M
2025-12-06,28,541.00,PT30M
2025-12-06,29,533.61,PT30M
2025-12-06,30,599.16,PT30M
2025-12-06,31,582.10,PT30M
2025-12-06,32,627.98,PT30M
2025-12-06,33,631.29,PT30M
2025-12-06,34,668.71,PT30M
2025-12-06,35,631.68,PT30M
2025-12-06,36,630.68,PT30M
2025-12-06,37,624.92,PT30M
2025-12-06,38,618.90,PT30M
2025-12-06,39,627.42,PT30M
2025-12-06,40,607.53,PT30M
2025-12-06,41,649.95,PT30M
2025-12-06,42,574.04,PT30M
2025-12-06,43,543.73,PT30M
2025-12-06,44,481.50,PT30M
2025-12-06,45,500.97,PT30M
2025-12-06,46,463.59,PT30M
2025-12-06,47,480.61,PT30M
2025-12-06,48,427.07,PT30M
2025-12-06,1,424.04,PT60M
2025-12-06,2,405.56,PT60M
2025-12-06,3,388.62,PT60M
2025-12-06,4,400.80,PT60M
2025-12-06,5,417.05,PT60M
2025-12-06,6,433.33,PT60M
2025-12-06,7,468.19,PT60M
2025-12-06,8,527.43,PT60M
2025-12-06,9,564.61,PT60M
2025-12-06,10,557.32,PT60M
2025-12-06,11,508.61,PT60M
2025-12-06,12,500.00,PT60M
2025-12-06,13,500.00,PT60M
2025-12-06,14,530.82,PT60M
2025-12-06,15,566.39,PT60M
2025-12-06,16,605.04,PT60M
2025-12-06,17,650.00,PT60M
2025-12-06,18,631.18,PT60M
2025-12-06,19,621.91,PT60M
2025-12-06,20,617.48,PT60M
2025-12-06,21,611.99,PT60M
2025-12-06,22,512.62,PT60M
2025-12-06,23,482.28,PT60M
2025-12-06,24,453.84,PT60M
2025-12-07,1,467.25,PT15M
2025-12-07,2,436.21,PT15M
2025-12-07,3,429.91,PT15M
2025-12-07,4,419.71,PT15M
2025-12-07,5,427.51,PT15M
2025-12-07,6,420.21,PT15M
2025-12-07,7,409.78,PT15M
2025-12-07,8,425.16,PT15M
2025-12-07,9,430.10,PT15M
2025-12-07,10,422.56,PT15M
2025-12-07,11,406.62,PT15M
2025-12-07,12,405.51,PT15M
2025-12-07,13,396.86,PT15M
2025-12-07,14,389.37,PT15M
2025-12-07,15,378.17,PT15M
2025-12-07,16,385.67,PT15M
2025-12-07,17,402.88,PT15M
2025-12-07,18,398.00,PT15M
2025-12-07,19,382.46,PT15M
2025-12-07,20,399.30,PT15M
2025-12-07,21,398.93,PT15M
2025-12-07,22,397.17,PT15M
2025-12-07,23,397.62,PT15M
2025-12-07,24,396.30,PT15M
2025-12-07,25,391.13,PT15M
2025-12-07,26,410.36,PT15M
2025-12-07,27,426.93,PT15M
2025-12-07,28,433.97,PT15M
2025-12-07,29,426.17,PT15M
2025-12-07,30,434.36,PT15M
2025-12-07,31,443.72,PT15M
2025-12-07,32,462.63,PT15M
2025-12-07,33,438.78,PT15M
2025-12-07,34,445.73,PT15M
2025-12-07,35,449.59,PT15M
2025-12-07,36,465.19,PT15M
2025-12-07,37,467.00,PT15M
2025-12-07,38,480.60,PT15M
2025-12-07,39,454.70,PT15M
2025-12-07,40,449.94,PT15M
2025-12-07,41,490.41,PT15M
2025-12-07,42,487.12,PT15M
2025-12-07,43,470.09,PT15M
2025-12-07,44,488.41,PT15M
2025-12-07,45,467.52,PT15M
2025-12-07,46,486.28,PT15M
2025-12-07,47,493.52,PT15M
2025-12-07,48,426.29,PT15M
2025-12-07,49,465.95,PT15M
2025-12-07,50,464.93,PT15M
2025-12-07,51,452.57,PT15M
2025-12-07,52,443.62,PT15M
2025-12-07,53,446.15,PT15M
2025-12-07,54,465.43,PT15M
2025-12-07,55,477.24,PT15M
2025-12-07,56,525.73,PT15M
2025-12-07,57,437.39,PT15M
2025-12-07,58,474.79,PT15M
2025-12-07,59,549.80,PT15M
2025-12-07,60,578.04,PT15M
2025-12-07,61,550.47,PT15M
2025-12-07,62,564.31,PT15M
2025-12-07,63,568.64,PT15M
2025-12-07,64,580.19,PT15M
2025-12-07,65,568.60,PT15M
2025-12-07,66,573.03,PT15M
2025-12-07,67,583.54,PT15M
2025-12-07,68,615.24,PT15M
2025-12-07,69,572.69,PT15M
2025-12-07,70,568.32,PT15M
2025-12-07,71,541.08,PT15M
2025-12-07,72,527.92,PT15M
2025-12-07,73,566.66,PT15M
2025-12-07,74,561.66,PT15M
2025-12-07,75,553.51,PT15M
2025-12-07,76,542.88,PT15M
2025-12-07,77,569.49,PT15M
2025-12-07,78,572.04,PT15M
2025-12-07,79,578.33,PT15M
2025-12-07,80,583.74,PT15M
2025-12-07,81,598.08,PT15M
2025-12-07,82,594.43,PT15M
2025-12-07,83,571.10,PT15M
2025-12-07,84,515.22,PT15M
2025-12-07,85,563.34,PT15M
2025-12-07,86,555.71,PT15M
2025-12-07,87,490.84,PT15M
2025-12-07,88,439.14,PT15M
2025-12-07,89,519.84,PT15M
2025-12-07,90,483.76,PT15M
2025-12-07,91,432.18,PT15M
2025-12-07,92,409.75,PT15M
2025-12-07,93,446.20,PT15M
2025-12-07,94,414.70,PT15M
2025-12-07,95,383.61,PT15M
2025-12-07,96,325.67,PT15M
2025-12-07,1,451.73,PT30M
2025-12-07,2,424.81,PT30M
2025-12-07,3,423.86,PT30M
2025-12-07,4,417.47,PT30M
2025-12-07,5,426.33,PT30M
2025-12-07,6,406.06,PT30M
2025-12-07,7,393.11,PT30M
2025-12-07,8,381.92,PT30M
2025-12-07,9,400.44,PT30M
2025-12-07,10,390.88,PT30M
2025-12-07,11,398.05,PT30M
2025-12-07,12,396.96,PT30M
2025-12-07,13,400.74,PT30M
2025-12-07,14,430.45,PT30M
2025-12-07,15,430.26,PT30M
2025-12-07,16,453.17,PT30M
2025-12-07,17,442.26,PT30M
2025-12-07,18,457.39,PT30M
2025-12-07,19,473.80,PT30M
2025-12-07,20,452.32,PT30M
2025-12-07,21,488.76,PT30M
2025-12-07,22,479.25,PT30M
2025-12-07,23,476.90,PT30M
2025-12-07,24,459.91,PT30M
2025-12-07,25,465.44,PT30M
2025-12-07,26,448.10,PT30M
2025-12-07,27,455.79,PT30M
2025-12-07,28,501.48,PT30M
2025-12-07,29,456.09,PT30M
2025-12-07,30,563.92,PT30M
2025-12-07,31,557.39,PT30M
2025-12-07,32,574.42,PT30M
2025-12-07,33,570.81,PT30M
2025-12-07,34,599.39,PT30M
2025-12-07,35,570.51,PT30M
2025-12-07,36,534.50,PT30M
2025-12-07,37,564.16,PT30M
2025-12-07,38,548.20,PT30M
2025-12-07,39,570.77,PT30M
2025-12-07,40,581.04,PT30M
2025-12-07,41,596.26,PT30M
2025-12-07,42,543.16,PT30M
2025-12-07,43,559.53,PT30M
2025-12-07,44,464.99,PT30M
2025-12-07,45,501.80,PT30M
2025-12-07,46,420.97,PT30M
2025-12-07,47,430.45,PT30M
2025-12-07,48,354.64,PT30M
2025-12-07,1,438.27,PT60M
2025-12-07,2,420.66,PT60M
2025-12-07,3,416.20,PT60M
2025-12-07,4,387.52,PT60M
2025-12-07,5,395.66,PT60M
2025-12-07,6,397.51,PT60M
2025-12-07,7,415.60,PT60M
2025-12-07,8,441.72,PT60M
2025-12-07,9,449.82,PT60M
2025-12-07,10,463.06,PT60M
2025-12-07,11,484.01,PT60M
2025-12-07,12,468.40,PT60M
2025-12-07,13,456.77,PT60M
2025-12-07,14,478.64,PT60M
2025-12-07,15,510.01,PT60M
2025-12-07,16,565.90,PT60M
2025-12-07,17,585.10,PT60M
2025-12-07,18,552.50,PT60M
2025-12-07,19,556.18,PT60M
2025-12-07,20,575.90,PT60M
2025-12-07,21,569.71,PT60M
2025-12-07,22,512.26,PT60M
2025-12-07,23,461.38,PT60M
2025-12-07,24,392.55,PT60M
2025-12-08,1,419.71,PT15M
2025-12-08,2,406.15,PT15M
2025-12-08,3,393.12,PT15M
2025-12-08,4,401.21,PT15M
2025-12-08,5,407.35,PT15M
2025-12-08,6,407.35,PT15M
2025-12-08,7,400.25,PT15M
2025-12-08,8,397.33,PT15M
2025-12-08,9,371.20,PT15M
2025-12-08,10,381.89,PT15M
2025-12-08,11,381.89,PT15M
2025-12-08,12,339.03,PT15M
2025-12-08,13,398.87,PT15M
2025-12-08,14,386.50,PT15M
2025-12-08,15,399.82,PT15M
2025-12-08,16,399.97,PT15M
2025-12-08,17,384.61,PT15M
2025-12-08,18,392.84,PT15M
2025-12-08,19,401.33,PT15M
2025-12-08,20,415.10,PT15M
2025-12-08,21,396.84,PT15M
2025-12-08,22,403.89,PT15M
2025-12-08,23,422.70,PT15M
2025-12-08,24,504.78,PT15M
2025-12-08,25,442.02,PT15M
2025-12-08,26,504.76,PT15M
2025-12-08,27,560.20,PT15M
2025-12-08,28,617.30,PT15M
2025-12-08,29,615.00,PT15M
2025-12-08,30,651.13,PT15M
2025-12-08,31,651.27,PT15M
2025-12-08,32,661.60,PT15M
2025-12-08,33,651.25,PT15M
2025-12-08,34,629.86,PT15M
2025-12-08,35,617.24,PT15M
2025-12-08,36,603.31,PT15M
2025-12-08,37,611.69,PT15M
2025-12-08,38,611.45,PT15M
2025-12-08,39,571.78,PT15M
2025-12-08,40,521.46,PT15M
2025-12-08,41,625.45,PT15M
2025-12-08,42,561.04,PT15M
2025-12-08,43,527.33,PT15M
2025-12-08,44,508.06,PT15M
2025-12-08,45,550.11,PT15M
2025-12-08,46,542.63,PT15M
2025-12-08,47,529.34,PT15M
2025-12-08,48,530.77,PT15M
2025-12-08,49,525.08,PT15M
2025-12-08,50,521.72,PT15M
2025-12-08,51,534.29,PT15M
2025-12-08,52,571.78,PT15M
2025-12-08,53,529.56,PT15M
2025-12-08,54,564.60,PT15M
2025-12-08,55,584.21,PT15M
2025-12-08,56,589.16,PT15M
2025-12-08,57,501.36,PT15M
2025-12-08,58,604.40,PT15M
2025-12-08,59,670.30,PT15M
2025-12-08,60,638.42,PT15M
2025-12-08,61,560.58,PT15M
2025-12-08,62,616.28,PT15M
2025-12-08,63,621.99,PT15M
2025-12-08,64,645.11,PT15M
2025-12-08,65,639.25,PT15M
2025-12-08,66,672.57,PT15M
2025-12-08,67,674.98,PT15M
2025-12-08,68,675.95,PT15M
2025-12-08,69,692.66,PT15M
2025-12-08,70,639.18,PT15M
2025-12-08,71,620.40,PT15M
2025-12-08,72,622.64,PT15M
2025-12-08,73,635.55,PT15M
2025-12-08,74,625.25,PT15M
2025-12-08,75,620.46,PT15M
2025-12-08,76,632.05,PT15M
2025-12-08,77,651.41,PT15M
2025-12-08,78,654.74,PT15M
2025-12-08,79,632.52,PT15M
2025-12-08,80,628.99,PT15M
2025-12-08,81,646.97,PT15M
2025-12-08,82,616.46,PT15M
2025-12-08,83,595.30,PT15M
2025-12-08,84,551.76,PT15M
2025-12-08,85,610.23,PT15M
2025-12-08,86,584.95,PT15M
2025-12-08,87,584.87,PT15M
2025-12-08,88,502.67,PT15M
2025-12-08,89,582.01,PT15M
2025-12-08,90,562.68,PT15M
2025-12-08,91,514.22,PT15M
2025-12-08,92,458.19,PT15M
2025-12-08,93,500.05,PT15M
2025-12-08,94,459.52,PT15M
2025-12-08,95,439.05,PT15M
2025-12-08,96,423.60,PT15M
2025-12-08,1,412.93,PT30M
2025-12-08,2,397.17,PT30M
2025-12-08,3,407.35,PT30M
2025-12-08,4,398.79,PT30M
2025-12-08,5,376.55,PT30M
2025-12-08,6,360.46,PT30M
2025-12-08,7,392.68,PT30M
2025-12-08,8,399.90,PT30M
2025-12-08,9,388.72,PT30M
2025-12-08,10,408.21,PT30M
2025-12-08,11,400.37,PT30M
2025-12-08,12,463.74,PT30M
2025-12-08,13,473.39,PT30M
2025-12-08,14,588.75,PT30M
2025-12-08,15,633.07,PT30M
2025-12-08,16,656.43,PT30M
2025-12-08,17,640.56,PT30M
2025-12-08,18,610.28,PT30M
2025-12-08,19,611.57,PT30M
2025-12-08,20,546.62,PT30M
2025-12-08,21,593.24,PT30M
2025-12-08,22,517.70,PT30M
2025-12-08,23,546.37,PT30M
2025-12-08,24,530.06,PT30M
2025-12-08,25,523.40,PT30M
2025-12-08,26,553.03,PT30M
2025-12-08,27,547.08,PT30M
2025-12-08,28,586.69,PT30M
2025-12-08,29,552.88,PT30M
2025-12-08,30,654.36,PT30M
2025-12-08,31,588.43,PT30M
2025-12-08,32,633.55,PT30M
2025-12-08,33,655.91,PT30M
2025-12-08,34,675.47,PT30M
2025-12-08,35,665.92,PT30M
2025-12-08,36,621.52,PT30M
2025-12-08,37,630.40,PT30M
2025-12-08,38,626.26,PT30M
2025-12-08,39,653.07,PT30M
2025-12-08,40,630.76,PT30M
2025-12-08,41,631.72,PT30M
2025-12-08,42,573.53,PT30M
2025-12-08,43,597.59,PT30M
2025-12-08,44,543.77,PT30M
2025-12-08,45,572.35,PT30M
2025-12-08,46,486.20,PT30M
2025-12-08,47,479.79,PT30M
2025-12-08,48,431.32,PT30M
2025-12-08,1,405.05,PT60M
2025-12-08,2,403.07,PT60M
2025-12-08,3,368.50,PT60M
2025-12-08,4,396.29,PT60M
2025-12-08,5,398.47,PT60M
2025-12-08,6,432.05,PT60M
2025-12-08,7,531.07,PT60M
2025-12-08,8,644.75,PT60M
2025-12-08,9,625.42,PT60M
2025-12-08,10,579.09,PT60M
2025-12-08,11,555.47,PT60M
2025-12-08,12,538.21,PT60M
2025-12-08,13,538.22,PT60M
2025-12-08,14,566.88,PT60M
2025-12-08,15,603.62,PT60M
2025-12-08,16,610.99,PT60M
2025-12-08,17,665.69,PT60M
2025-12-08,18,643.72,PT60M
2025-12-08,19,628.33,PT60M
2025-12-08,20,641.92,PT60M
2025-12-08,21,602.62,PT60M
2025-12-08,22,570.68,PT60M
2025-12-08,23,529.28,PT60M
2025-12-08,24,455.55,PT60M
2025-12-09,1,467.86,PT15M
2025-12-09,2,449.77,PT15M
2025-12-09,3,417.39,PT15M
2025-12-09,4,416.43,PT15M
2025-12-09,5,443.50,PT15M
2025-12-09,6,435.11,PT15M
2025-12-09,7,428.12,PT15M
2025-12-09,8,419.13,PT15M
2025-12-09,9,448.91,PT15M
2025-12-09,10,431.69,PT15M
2025-12-09,11,423.93,PT15M
2025-12-09,12,423.24,PT15M
2025-12-09,13,425.89,PT15M
2025-12-09,14,423.85,PT15M
2025-12-09,15,428.82,PT15M
2025-12-09,16,428.55,PT15M
2025-12-09,17,428.01,PT15M
2025-12-09,18,433.27,PT15M
2025-12-09,19,449.51,PT15M
2025-12-09,20,474.30,PT15M
2025-12-09,21,418.42,PT15M
2025-12-09,22,461.79,PT15M
2025-12-09,23,505.72,PT15M
2025-12-09,24,602.06,PT15M
2025-12-09,25,541.60,PT15M
2025-12-09,26,592.99,PT15M
2025-12-09,27,678.34,PT15M
2025-12-09,28,884.54,PT15M
2025-12-09,29,696.28,PT15M
2025-12-09,30,628.22,PT15M
2025-12-09,31,666.92,PT15M
2025-12-09,32,687.97,PT15M
2025-12-09,33,699.37,PT15M
2025-12-09,34,688.79,PT15M
2025-12-09,35,653.24,PT15M
2025-12-09,36,609.41,PT15M
2025-12-09,37,658.89,PT15M
2025-12-09,38,599.31,PT15M
2025-12-09,39,584.79,PT15M
2025-12-09,40,572.99,PT15M
2025-12-09,41,611.16,PT15M
2025-12-09,42,570.75,PT15M
2025-12-09,43,568.17,PT15M
2025-12-09,44,556.06,PT15M
2025-12-09,45,570.71,PT15M
2025-12-09,46,565.65,PT15M
2025-12-09,47,564.03,PT15M
2025-12-09,48,558.15,PT15M
2025-12-09,49,577.03,PT15M
2025-12-09,50,578.18,PT15M
2025-12-09,51,561.94,PT15M
2025-12-09,52,561.29,PT15M
2025-12-09,53,593.72,PT15M
2025-12-09,54,592.70,PT15M
2025-12-09,55,593.66,PT15M
2025-12-09,56,608.21,PT15M
2025-12-09,57,616.29,PT15M
2025-12-09,58,705.81,PT15M
2025-12-09,59,739.51,PT15M
2025-12-09,60,748.16,PT15M
2025-12-09,61,574.02,PT15M
2025-12-09,62,616.83,PT15M
2025-12-09,63,646.01,PT15M
2025-12-09,64,759.14,PT15M
2025-12-09,65,654.90,PT15M
2025-12-09,66,720.50,PT15M
2025-12-09,67,751.79,PT15M
2025-12-09,68,794.35,PT15M
2025-12-09,69,721.50,PT15M
2025-12-09,70,694.86,PT15M
2025-12-09,71,678.61,PT15M
2025-12-09,72,654.47,PT15M
2025-12-09,73,688.78,PT15M
2025-12-09,74,674.73,PT15M
2025-12-09,75,699.64,PT15M
2025-12-09,76,712.34,PT15M
2025-12-09,77,708.90,PT15M
2025-12-09,78,770.96,PT15M
2025-12-09,79,702.77,PT15M
2025-12-09,80,617.37,PT15M
2025-12-09,81,751.87,PT15M
2025-12-09,82,650.18,PT15M
2025-12-09,83,592.14,PT15M
2025-12-09,84,568.07,PT15M
2025-12-09,85,642.81,PT15M
2025-12-09,86,666.81,PT15M
2025-12-09,87,608.27,PT15M
2025-12-09,88,527.09,PT15M
2025-12-09,89,594.14,PT15M
2025-12-09,90,567.32,PT15M
2025-12-09,91,545.20,PT15M
2025-12-09,92,497.34,PT15M
2025-12-09,93,504.52,PT15M
2025-12-09,94,456.70,PT15M
2025-12-09,95,423.44,PT15M
2025-12-09,96,408.05,PT15M
2025-12-09,1,458.81,PT30M
2025-12-09,2,416.91,PT30M
2025-12-09,3,439.30,PT30M
2025-12-09,4,423.62,PT30M
2025-12-09,5,440.30,PT30M
2025-12-09,6,423.59,PT30M
2025-12-09,7,424.87,PT30M
2025-12-09,8,428.68,PT30M
2025-12-09,9,430.64,PT30M
2025-12-09,10,461.91,PT30M
2025-12-09,11,440.11,PT30M
2025-12-09,12,553.89,PT30M
2025-12-09,13,567.30,PT30M
2025-12-09,14,781.44,PT30M
2025-12-09,15,662.25,PT30M
2025-12-09,16,677.44,PT30M
2025-12-09,17,694.08,PT30M
2025-12-09,18,631.32,PT30M
2025-12-09,19,629.10,PT30M
2025-12-09,20,578.89,PT30M
2025-12-09,21,590.95,PT30M
2025-12-09,22,562.12,PT30M
2025-12-09,23,568.18,PT30M
2025-12-09,24,561.09,PT30M
2025-12-09,25,577.60,PT30M
2025-12-09,26,561.62,PT30M
2025-12-09,27,593.21,PT30M
2025-12-09,28,600.93,PT30M
2025-12-09,29,661.05,PT30M
2025-12-09,30,743.84,PT30M
2025-12-09,31,595.42,PT30M
2025-12-09,32,702.58,PT30M
2025-12-09,33,687.70,PT30M
2025-12-09,34,773.07,PT30M
2025-12-09,35,708.18,PT30M
2025-12-09,36,666.54,PT30M
2025-12-09,37,681.76,PT30M
2025-12-09,38,705.99,PT30M
2025-12-09,39,739.93,PT30M
2025-12-09,40,660.07,PT30M
2025-12-09,41,701.03,PT30M
2025-12-09,42,580.11,PT30M
2025-12-09,43,654.81,PT30M
2025-12-09,44,567.68,PT30M
2025-12-09,45,580.73,PT30M
2025-12-09,46,521.27,PT30M
2025-12-09,47,480.61,PT30M
2025-12-09,48,415.74,PT30M
2025-12-09,1,437.86,PT60M
2025-12-09,2,431.46,PT60M
2025-12-09,3,431.94,PT60M
2025-12-09,4,426.78,PT60M
2025-12-09,5,446.27,PT60M
2025-12-09,6,497.00,PT60M
2025-12-09,7,674.37,PT60M
2025-12-09,8,669.85,PT60M
2025-12-09,9,662.70,PT60M
2025-12-09,10,603.99,PT60M
2025-12-09,11,576.54,PT60M
2025-12-09,12,564.63,PT60M
2025-12-09,13,569.61,PT60M
2025-12-09,14,597.07,PT60M
2025-12-09,15,702.44,PT60M
2025-12-09,16,649.00,PT60M
2025-12-09,17,730.38,PT60M
2025-12-09,18,687.36,PT60M
2025-12-09,19,693.87,PT60M
2025-12-09,20,700.00,PT60M
2025-12-09,21,640.57,PT60M
2025-12-09,22,611.24,PT60M
2025-12-09,23,551.00,PT60M
2025-12-09,24,448.18,PT60M
2025-12-10,1,429.11,PT15M
2025-12-10,2,438.78,PT15M
2025-12-10,3,433.80,PT15M
2025-12-10,4,424.36,PT15M
2025-12-10,5,426.72,PT15M
2025-12-10,6,426.12,PT15M
2025-12-10,7,424.53,PT15M
2025-12-10,8,425.11,PT15M
2025-12-10,9,418.70,PT15M
2025-12-10,10,420.50,PT15M
2025-12-10,11,417.13,PT15M
2025-12-10,12,410.93,PT15M
2025-12-10,13,421.43,PT15M
2025-12-10,14,424.28,PT15M
2025-12-10,15,425.26,PT15M
2025-12-10,16,425.64,PT15M
2025-12-10,17,421.93,PT15M
2025-12-10,18,427.03,PT15M
2025-12-10,19,432.50,PT15M
2025-12-10,20,458.58,PT15M
2025-12-10,21,440.11,PT15M
2025-12-10,22,457.65,PT15M
2025-12-10,23,481.48,PT15M
2025-12-10,24,544.53,PT15M
2025-12-10,25,497.59,PT15M
2025-12-10,26,578.14,PT15M
2025-12-10,27,651.68,PT15M
2025-12-10,28,746.02,PT15M
2025-12-10,29,737.71,PT15M
2025-12-10,30,789.95,PT15M
2025-12-10,31,843.71,PT15M
2025-12-10,32,858.37,PT15M
2025-12-10,33,798.94,PT15M
2025-12-10,34,756.24,PT15M
2025-12-10,35,831.27,PT15M
2025-12-10,36,787.75,PT15M
2025-12-10,37,792.51,PT15M
2025-12-10,38,713.95,PT15M
2025-12-10,39,616.49,PT15M
2025-12-10,40,557.03,PT15M
2025-12-10,41,658.28,PT15M
2025-12-10,42,610.14,PT15M
2025-12-10,43,574.13,PT15M
2025-12-10,44,529.57,PT15M
2025-12-10,45,547.43,PT15M
2025-12-10,46,517.44,PT15M
2025-12-10,47,508.84,PT15M
2025-12-10,48,510.93,PT15M
2025-12-10,49,513.22,PT15M
2025-12-10,50,500.85,PT15M
2025-12-10,51,506.41,PT15M
2025-12-10,52,507.12,PT15M
2025-12-10,53,527.00,PT15M
2025-12-10,54,536.64,PT15M
2025-12-10,55,534.63,PT15M
2025-12-10,56,561.41,PT15M
2025-12-10,57,565.63,PT15M
2025-12-10,58,622.11,PT15M
2025-12-10,59,653.76,PT15M
2025-12-10,60,740.65,PT15M
2025-12-10,61,575.38,PT15M
2025-12-10,62,610.70,PT15M
2025-12-10,63,729.93,PT15M
2025-12-10,64,777.14,PT15M
2025-12-10,65,671.71,PT15M
2025-12-10,66,742.57,PT15M
2025-12-10,67,749.95,PT15M
2025-12-10,68,781.87,PT15M
2025-12-10,69,714.80,PT15M
2025-12-10,70,728.81,PT15M
2025-12-10,71,755.48,PT15M
2025-12-10,72,798.16,PT15M
2025-12-10,73,738.14,PT15M
2025-12-10,74,743.05,PT15M
2025-12-10,75,760.69,PT15M
2025-12-10,76,766.30,PT15M
2025-12-10,77,810.01,PT15M
2025-12-10,78,794.77,PT15M
2025-12-10,79,757.43,PT15M
2025-12-10,80,703.62,PT15M
2025-12-10,81,870.62,PT15M
2025-12-10,82,843.70,PT15M
2025-12-10,83,774.92,PT15M
2025-12-10,84,649.47,PT15M
2025-12-10,85,790.16,PT15M
2025-12-10,86,713.55,PT15M
2025-12-10,87,674.36,PT15M
2025-12-10,88,611.84,PT15M
2025-12-10,89,660.32,PT15M
2025-12-10,90,672.22,PT15M
2025-12-10,91,659.10,PT15M
2025-12-10,92,563.35,PT15M
2025-12-10,93,654.58,PT15M
2025-12-10,94,559.91,PT15M
2025-12-10,95,500.46,PT15M
2025-12-10,96,480.02,PT15M
2025-12-10,1,433.94,PT30M
2025-12-10,2,429.08,PT30M
2025-12-10,3,426.42,PT30M
2025-12-10,4,424.82,PT30M
2025-12-10,5,419.60,PT30M
2025-12-10,6,414.03,PT30M
2025-12-10,7,422.85,PT30M
2025-12-10,8,425.45,PT30M
2025-12-10,9,424.48,PT30M
2025-12-10,10,445.54,PT30M
2025-12-10,11,448.88,PT30M
2025-12-10,12,513.00,PT30M
2025-12-10,13,537.86,PT30M
2025-12-10,14,698.85,PT30M
2025-12-10,15,763.83,PT30M
2025-12-10,16,851.04,PT30M
2025-12-10,17,777.59,PT30M
2025-12-10,18,809.51,PT30M
2025-12-10,19,753.23,PT30M
2025-12-10,20,586.76,PT30M
2025-12-10,21,634.21,PT30M
2025-12-10,22,551.85,PT30M
2025-12-10,23,532.44,PT30M
2025-12-10,24,509.88,PT30M
2025-12-10,25,507.04,PT30M
2025-12-10,26,506.77,PT30M
2025-12-10,27,531.82,PT30M
2025-12-10,28,548.02,PT30M
2025-12-10,29,593.87,PT30M
2025-12-10,30,697.20,PT30M
2025-12-10,31,593.04,PT30M
2025-12-10,32,753.54,PT30M
2025-12-10,33,707.14,PT30M
2025-12-10,34,765.91,PT30M
2025-12-10,35,721.81,PT30M
2025-12-10,36,776.82,PT30M
2025-12-10,37,740.60,PT30M
2025-12-10,38,763.49,PT30M
2025-12-10,39,802.39,PT30M
2025-12-10,40,730.52,PT30M
2025-12-10,41,857.16,PT30M
2025-12-10,42,712.20,PT30M
2025-12-10,43,751.86,PT30M
2025-12-10,44,643.10,PT30M
2025-12-10,45,666.27,PT30M
2025-12-10,46,611.23,PT30M
2025-12-10,47,607.24,PT30M
2025-12-10,48,490.24,PT30M
2025-12-10,1,431.51,PT60M
2025-12-10,2,425.62,PT60M
2025-12-10,3,416.82,PT60M
2025-12-10,4,424.15,PT60M
2025-12-10,5,435.01,PT60M
2025-12-10,6,480.94,PT60M
2025-12-10,7,618.36,PT60M
2025-12-10,8,807.43,PT60M
2025-12-10,9,793.55,PT60M
2025-12-10,10,669.99,PT60M
2025-12-10,11,593.03,PT60M
2025-12-10,12,521.16,PT60M
2025-12-10,13,506.90,PT60M
2025-12-10,14,539.92,PT60M
2025-12-10,15,645.54,PT60M
2025-12-10,16,673.29,PT60M
2025-12-10,17,736.52,PT60M
2025-12-10,18,749.31,PT60M
2025-12-10,19,752.05,PT60M
2025-12-10,20,766.45,PT60M
2025-12-10,21,784.68,PT60M
2025-12-10,22,697.48,PT60M
2025-12-10,23,638.75,PT60M
2025-12-10,24,548.74,PT60M
2025-12-11,1,507.81,PT15M
2025-12-11,2,490.28,PT15M
2025-12-11,3,469.18,PT15M
2025-12-11,4,455.06,PT15M
2025-12-11,5,465.19,PT15M
2025-12-11,6,459.24,PT15M
2025-12-11,7,460.54,PT15M
2025-12-11,8,456.42,PT15M
2025-12-11,9,459.71,PT15M
2025-12-11,10,453.10,PT15M
2025-12-11,11,446.05,PT15M
2025-12-11,12,438.68,PT15M
2025-12-11,13,450.46,PT15M
2025-12-11,14,444.33,PT15M
2025-12-11,15,450.61,PT15M
2025-12-11,16,451.74,PT15M
2025-12-11,17,454.34,PT15M
2025-12-11,18,456.75,PT15M
2025-12-11,19,458.83,PT15M
2025-12-11,20,466.25,PT15M
2025-12-11,21,439.29,PT15M
2025-12-11,22,475.41,PT15M
2025-12-11,23,515.35,PT15M
2025-12-11,24,703.96,PT15M
2025-12-11,25,522.97,PT15M
2025-12-11,26,608.12,PT15M
2025-12-11,27,667.15,PT15M
2025-12-11,28,699.63,PT15M
2025-12-11,29,649.74,PT15M
2025-12-11,30,677.28,PT15M
2025-12-11,31,699.97,PT15M
2025-12-11,32,688.56,PT15M
2025-12-11,33,825.06,PT15M
2025-12-11,34,764.45,PT15M
2025-12-11,35,663.36,PT15M
2025-12-11,36,621.21,PT15M
2025-12-11,37,699.00,PT15M
2025-12-11,38,658.77,PT15M
2025-12-11,39,625.37,PT15M
2025-12-11,40,597.87,PT15M
2025-12-11,41,648.51,PT15M
2025-12-11,42,613.30,PT15M
2025-12-11,43,611.68,PT15M
2025-12-11,44,568.72,PT15M
2025-12-11,45,584.88,PT15M
2025-12-11,46,572.99,PT15M
2025-12-11,47,564.30,PT15M
2025-12-11,48,561.92,PT15M
2025-12-11,49,562.44,PT15M
2025-12-11,50,555.85,PT15M
2025-12-11,51,538.86,PT15M
2025-12-11,52,535.95,PT15M
2025-12-11,53,560.73,PT15M
2025-12-11,54,564.63,PT15M
2025-12-11,55,576.07,PT15M
2025-12-11,56,599.21,PT15M
2025-12-11,57,587.16,PT15M
2025-12-11,58,616.06,PT15M
2025-12-11,59,672.61,PT15M
2025-12-11,60,763.71,PT15M
2025-12-11,61,614.78,PT15M
2025-12-11,62,684.07,PT15M
2025-12-11,63,678.74,PT15M
2025-12-11,64,1401.54,PT15M
2025-12-11,65,692.04,PT15M
2025-12-11,66,729.95,PT15M
2025-12-11,67,699.97,PT15M
2025-12-11,68,728.33,PT15M
2025-12-11,69,676.09,PT15M
2025-12-11,70,681.91,PT15M
2025-12-11,71,658.78,PT15M
2025-12-11,72,693.83,PT15M
2025-12-11,73,646.51,PT15M
2025-12-11,74,635.18,PT15M
2025-12-11,75,659.25,PT15M
2025-12-11,76,700.61,PT15M
2025-12-11,77,695.24,PT15M
2025-12-11,78,686.14,PT15M
2025-12-11,79,645.28,PT15M
2025-12-11,80,624.42,PT15M
2025-12-11,81,720.95,PT15M
2025-12-11,82,657.20,PT15M
2025-12-11,83,614.45,PT15M
2025-12-11,84,592.96,PT15M
2025-12-11,85,672.70,PT15M
2025-12-11,86,649.13,PT15M
2025-12-11,87,571.08,PT15M
2025-12-11,88,518.60,PT15M
2025-12-11,89,585.77,PT15M
2025-12-11,90,546.34,PT15M
2025-12-11,91,569.04,PT15M
2025-12-11,92,502.85,PT15M
2025-12-11,93,543.30,PT15M
2025-12-11,94,493.95,PT15M
2025-12-11,95,468.67,PT15M
2025-12-11,96,445.81,PT15M
2025-12-11,1,499.05,PT30M
2025-12-11,2,462.12,PT30M
2025-12-11,3,462.21,PT30M
2025-12-11,4,458.48,PT30M
2025-12-11,5,456.41,PT30M
2025-12-11,6,442.36,PT30M
2025-12-11,7,447.40,PT30M
2025-12-11,8,451.18,PT30M
2025-12-11,9,455.54,PT30M
2025-12-11,10,462.54,PT30M
2025-12-11,11,457.35,PT30M
2025-12-11,12,609.66,PT30M
2025-12-11,13,565.55,PT30M
2025-12-11,14,683.39,PT30M
2025-12-11,15,663.51,PT30M
2025-12-11,16,694.27,PT30M
2025-12-11,17,794.76,PT30M
2025-12-11,18,642.28,PT30M
2025-12-11,19,678.88,PT30M
2025-12-11,20,611.62,PT30M
2025-12-11,21,630.90,PT30M
2025-12-11,22,590.20,PT30M
2025-12-11,23,578.94,PT30M
2025-12-11,24,563.11,PT30M
2025-12-11,25,559.15,PT30M
2025-12-11,26,537.41,PT30M
2025-12-11,27,562.68,PT30M
2025-12-11,28,587.64,PT30M
2025-12-11,29,601.61,PT30M
2025-12-11,30,718.16,PT30M
2025-12-11,31,649.43,PT30M
2025-12-11,32,1040.14,PT30M
2025-12-11,33,711.00,PT30M
2025-12-11,34,714.15,PT30M
2025-12-11,35,679.00,PT30M
2025-12-11,36,676.31,PT30M
2025-12-11,37,640.85,PT30M
2025-12-11,38,679.93,PT30M
2025-12-11,39,690.69,PT30M
2025-12-11,40,634.85,PT30M
2025-12-11,41,689.08,PT30M
2025-12-11,42,603.71,PT30M
2025-12-11,43,660.91,PT30M
2025-12-11,44,544.84,PT30M
2025-12-11,45,566.06,PT30M
2025-12-11,46,535.94,PT30M
2025-12-11,47,518.62,PT30M
2025-12-11,48,457.24,PT30M
2025-12-11,1,480.59,PT60M
2025-12-11,2,460.35,PT60M
2025-12-11,3,449.39,PT60M
2025-12-11,4,449.29,PT60M
2025-12-11,5,459.04,PT60M
2025-12-11,6,533.50,PT60M
2025-12-11,7,624.47,PT60M
2025-12-11,8,678.89,PT60M
2025-12-11,9,718.52,PT60M
2025-12-11,10,645.25,PT60M
2025-12-11,11,610.55,PT60M
2025-12-11,12,571.02,PT60M
2025-12-11,13,548.28,PT60M
2025-12-11,14,575.16,PT60M
2025-12-11,15,659.88,PT60M
2025-12-11,16,844.78,PT60M
2025-12-11,17,712.57,PT60M
2025-12-11,18,677.65,PT60M
2025-12-11,19,660.39,PT60M
2025-12-11,20,662.77,PT60M
2025-12-11,21,646.39,PT60M
2025-12-11,22,602.87,PT60M
2025-12-11,23,551.00,PT60M
2025-12-11,24,487.93,PT60M
2025-12-12,1,507.12,PT15M
2025-12-12,2,501.75,PT15M
2025-12-12,3,479.09,PT15M
2025-12-12,4,470.25,PT15M
2025-12-12,5,496.51,PT15M
2025-12-12,6,478.45,PT15M
2025-12-12,7,485.31,PT15M
2025-12-12,8,483.11,PT15M
2025-12-12,9,494.12,PT15M
2025-12-12,10,482.90,PT15M
2025-12-12,11,488.87,PT15M
2025-12-12,12,490.62,PT15M
2025-12-12,13,488.50,PT15M
2025-12-12,14,484.79,PT15M
2025-12-12,15,472.38,PT15M
2025-12-12,16,488.58,PT15M
2025-12-12,17,457.61,PT15M
2025-12-12,18,482.53,PT15M
2025-12-12,19,494.79,PT15M
2025-12-12,20,489.60,PT15M
2025-12-12,21,469.55,PT15M
2025-12-12,22,493.91,PT15M
2025-12-12,23,519.17,PT15M
2025-12-12,24,579.73,PT15M
2025-12-12,25,550.32,PT15M
2025-12-12,26,669.58,PT15M
2025-12-12,27,690.31,PT15M
2025-12-12,28,698.46,PT15M
2025-12-12,29,647.54,PT15M
2025-12-12,30,656.14,PT15M
2025-12-12,31,674.46,PT15M
2025-12-12,32,692.10,PT15M
2025-12-12,33,702.34,PT15M
2025-12-12,34,696.31,PT15M
2025-12-12,35,686.10,PT15M
2025-12-12,36,662.57,PT15M
2025-12-12,37,685.32,PT15M
2025-12-12,38,649.81,PT15M
2025-12-12,39,641.50,PT15M
2025-12-12,40,628.09,PT15M
2025-12-12,41,663.19,PT15M
2025-12-12,42,653.47,PT15M
2025-12-12,43,611.53,PT15M
2025-12-12,44,587.12,PT15M
2025-12-12,45,631.29,PT15M
2025-12-12,46,612.48,PT15M
2025-12-12,47,610.36,PT15M
2025-12-12,48,594.72,PT15M
2025-12-12,49,574.44,PT15M
2025-12-12,50,582.07,PT15M
2025-12-12,51,583.71,PT15M
2025-12-12,52,591.42,PT15M
2025-12-12,53,589.23,PT15M
2025-12-12,54,596.79,PT15M
2025-12-12,55,625.80,PT15M
2025-12-12,56,645.10,PT15M
2025-12-12,57,595.08,PT15M
2025-12-12,58,632.83,PT15M
2025-12-12,59,694.04,PT15M
2025-12-12,60,721.11,PT15M
2025-12-12,61,635.90,PT15M
2025-12-12,62,660.74,PT15M
2025-12-12,63,716.32,PT15M
2025-12-12,64,738.97,PT15M
2025-12-12,65,714.08,PT15M
2025-12-12,66,777.39,PT15M
2025-12-12,67,860.30,PT15M
2025-12-12,68,892.41,PT15M
2025-12-12,69,759.51,PT15M
2025-12-12,70,773.62,PT15M
2025-12-12,71,730.34,PT15M
2025-12-12,72,708.78,PT15M
2025-12-12,73,694.71,PT15M
2025-12-12,74,679.13,PT15M
2025-12-12,75,680.50,PT15M
2025-12-12,76,685.05,PT15M
2025-12-12,77,692.25,PT15M
2025-12-12,78,672.03,PT15M
2025-12-12,79,668.04,PT15M
2025-12-12,80,637.28,PT15M
2025-12-12,81,708.86,PT15M
2025-12-12,82,639.34,PT15M
2025-12-12,83,610.97,PT15M
2025-12-12,84,556.82,PT15M
2025-12-12,85,659.26,PT15M
2025-12-12,86,593.91,PT15M
2025-12-12,87,556.67,PT15M
2025-12-12,88,528.20,PT15M
2025-12-12,89,580.65,PT15M
2025-12-12,90,563.78,PT15M
2025-12-12,91,554.20,PT15M
2025-12-12,92,505.36,PT15M
2025-12-12,93,552.07,PT15M
2025-12-12,94,531.99,PT15M
2025-12-12,95,488.04,PT15M
2025-12-12,96,461.03,PT15M
2025-12-12,1,504.44,PT30M
2025-12-12,2,474.67,PT30M
2025-12-12,3,487.48,PT30M
2025-12-12,4,484.21,PT30M
2025-12-12,5,488.51,PT30M
2025-12-12,6,489.74,PT30M
2025-12-12,7,486.64,PT30M
2025-12-12,8,480.48,PT30M
2025-12-12,9,470.07,PT30M
2025-12-12,10,492.19,PT30M
2025-12-12,11,481.73,PT30M
2025-12-12,12,549.45,PT30M
2025-12-12,13,609.95,PT30M
2025-12-12,14,694.39,PT30M
2025-12-12,15,651.84,PT30M
2025-12-12,16,683.28,PT30M
2025-12-12,17,699.32,PT30M
2025-12-12,18,674.33,PT30M
2025-12-12,19,667.56,PT30M
2025-12-12,20,634.80,PT30M
2025-12-12,21,658.33,PT30M
2025-12-12,22,599.33,PT30M
2025-12-12,23,621.89,PT30M
2025-12-12,24,602.54,PT30M
2025-12-12,25,578.25,PT30M
2025-12-12,26,587.56,PT30M
2025-12-12,27,593.01,PT30M
2025-12-12,28,635.45,PT30M
2025-12-12,29,613.95,PT30M
2025-12-12,30,707.57,PT30M
2025-12-12,31,648.32,PT30M
2025-12-12,32,727.65,PT30M
2025-12-12,33,745.73,PT30M
2025-12-12,34,876.35,PT30M
2025-12-12,35,766.56,PT30M
2025-12-12,36,719.56,PT30M
2025-12-12,37,686.92,PT30M
2025-12-12,38,682.77,PT30M
2025-12-12,39,682.14,PT30M
2025-12-12,40,652.66,PT30M
2025-12-12,41,674.10,PT30M
2025-12-12,42,583.90,PT30M
2025-12-12,43,626.59,PT30M
2025-12-12,44,542.44,PT30M
2025-12-12,45,572.22,PT30M
2025-12-12,46,529.78,PT30M
2025-12-12,47,542.03,PT30M
2025-12-12,48,474.54,PT30M
2025-12-12,1,489.55,PT60M
2025-12-12,2,485.85,PT60M
2025-12-12,3,489.13,PT60M
2025-12-12,4,483.56,PT60M
2025-12-12,5,481.13,PT60M
2025-12-12,6,515.59,PT60M
2025-12-12,7,652.17,PT60M
2025-12-12,8,667.56,PT60M
2025-12-12,9,686.83,PT60M
2025-12-12,10,651.18,PT60M
2025-12-12,11,628.83,PT60M
2025-12-12,12,612.21,PT60M
2025-12-12,13,582.91,PT60M
2025-12-12,14,614.23,PT60M
2025-12-12,15,660.76,PT60M
2025-12-12,16,687.98,PT60M
2025-12-12,17,811.04,PT60M
2025-12-12,18,743.06,PT60M
2025-12-12,19,684.85,PT60M
2025-12-12,20,667.40,PT60M
2025-12-12,21,629.00,PT60M
2025-12-12,22,584.51,PT60M
2025-12-12,23,551.00,PT60M
2025-12-12,24,508.28,PT60M
2025-12-13,1,551.57,PT15M
2025-12-13,2,541.58,PT15M
2025-12-13,3,533.04,PT15M
2025-12-13,4,452.26,PT15M
2025-12-13,5,524.27,PT15M
2025-12-13,6,510.74,PT15M
2025-12-13,7,489.68,PT15M
2025-12-13,8,471.00,PT15M
2025-12-13,9,505.83,PT15M
2025-12-13,10,476.02,PT15M
2025-12-13,11,479.11,PT15M
2025-12-13,12,462.88,PT15M
2025-12-13,13,485.96,PT15M
2025-12-13,14,449.74,PT15M
2025-12-13,15,458.60,PT15M
2025-12-13,16,441.65,PT15M
2025-12-13,17,452.53,PT15M
2025-12-13,18,460.13,PT15M
2025-12-13,19,462.67,PT15M
2025-12-13,20,473.73,PT15M
2025-12-13,21,471.27,PT15M
2025-12-13,22,477.24,PT15M
2025-12-13,23,498.28,PT15M
2025-12-13,24,502.73,PT15M
2025-12-13,25,488.07,PT15M
2025-12-13,26,506.75,PT15M
2025-12-13,27,549.23,PT15M
2025-12-13,28,557.65,PT15M
2025-12-13,29,561.12,PT15M
2025-12-13,30,566.29,PT15M
2025-12-13,31,558.61,PT15M
2025-12-13,32,574.23,PT15M
2025-12-13,33,573.49,PT15M
2025-12-13,34,558.90,PT15M
2025-12-13,35,583.50,PT15M
2025-12-13,36,568.55,PT15M
2025-12-13,37,561.97,PT15M
2025-12-13,38,562.78,PT15M
2025-12-13,39,557.41,PT15M
2025-12-13,40,521.84,PT15M
2025-12-13,41,558.55,PT15M
2025-12-13,42,545.94,PT15M
2025-12-13,43,525.40,PT15M
2025-12-13,44,508.10,PT15M
2025-12-13,45,531.73,PT15M
2025-12-13,46,521.21,PT15M
2025-12-13,47,515.59,PT15M
2025-12-13,48,496.92,PT15M
2025-12-13,49,521.37,PT15M
2025-12-13,50,505.20,PT15M
2025-12-13,51,502.55,PT15M
2025-12-13,52,497.21,PT15M
2025-12-13,53,512.26,PT15M
2025-12-13,54,510.38,PT15M
2025-12-13,55,513.51,PT15M
2025-12-13,56,522.73,PT15M
2025-12-13,57,495.39,PT15M
2025-12-13,58,513.02,PT15M
2025-12-13,59,557.24,PT15M
2025-12-13,60,583.94,PT15M
2025-12-13,61,556.49,PT15M
2025-12-13,62,600.64,PT15M
2025-12-13,63,619.05,PT15M
2025-12-13,64,631.67,PT15M
2025-12-13,65,591.25,PT15M
2025-12-13,66,612.10,PT15M
2025-12-13,67,631.75,PT15M
2025-12-13,68,644.68,PT15M
2025-12-13,69,620.89,PT15M
2025-12-13,70,626.72,PT15M
2025-12-13,71,622.62,PT15M
2025-12-13,72,618.39,PT15M
2025-12-13,73,608.31,PT15M
2025-12-13,74,602.87,PT15M
2025-12-13,75,621.01,PT15M
2025-12-13,76,609.92,PT15M
2025-12-13,77,624.68,PT15M
2025-12-13,78,611.55,PT15M
2025-12-13,79,617.91,PT15M
2025-12-13,80,604.57,PT15M
2025-12-13,81,643.12,PT15M
2025-12-13,82,596.73,PT15M
2025-12-13,83,564.26,PT15M
2025-12-13,84,529.11,PT15M
2025-12-13,85,607.25,PT15M
2025-12-13,86,552.25,PT15M
2025-12-13,87,527.29,PT15M
2025-12-13,88,482.22,PT15M
2025-12-13,89,567.90,PT15M
2025-12-13,90,548.77,PT15M
2025-12-13,91,508.18,PT15M
2025-12-13,92,446.93,PT15M
2025-12-13,93,519.05,PT15M
2025-12-13,94,500.21,PT15M
2025-12-13,95,462.79,PT15M
2025-12-13,96,431.13,PT15M
2025-12-13,1,546.57,PT30M
2025-12-13,2,492.65,PT30M
2025-12-13,3,517.50,PT30M
2025-12-13,4,480.34,PT30M
2025-12-13,5,490.93,PT30M
2025-12-13,6,471.00,PT30M
2025-12-13,7,467.85,PT30M
2025-12-13,8,450.13,PT30M
2025-12-13,9,456.33,PT30M
2025-12-13,10,468.20,PT30M
2025-12-13,11,474.25,PT30M
2025-12-13,12,500.51,PT30M
2025-12-13,13,497.41,PT30M
2025-12-13,14,553.44,PT30M
2025-12-13,15,563.71,PT30M
2025-12-13,16,566.42,PT30M
2025-12-13,17,566.20,PT30M
2025-12-13,18,576.02,PT30M
2025-12-13,19,562.38,PT30M
2025-12-13,20,539.62,PT30M
2025-12-13,21,552.25,PT30M
2025-12-13,22,516.75,PT30M
2025-12-13,23,526.47,PT30M
2025-12-13,24,506.26,PT30M
2025-12-13,25,513.28,PT30M
2025-12-13,26,499.88,PT30M
2025-12-13,27,511.32,PT30M
2025-12-13,28,518.12,PT30M
2025-12-13,29,504.21,PT30M
2025-12-13,30,570.59,PT30M
2025-12-13,31,578.56,PT30M
2025-12-13,32,625.36,PT30M
2025-12-13,33,601.68,PT30M
2025-12-13,34,638.22,PT30M
2025-12-13,35,623.81,PT30M
2025-12-13,36,620.51,PT30M
2025-12-13,37,605.59,PT30M
2025-12-13,38,615.46,PT30M
2025-12-13,39,618.11,PT30M
2025-12-13,40,611.24,PT30M
2025-12-13,41,619.92,PT30M
2025-12-13,42,546.69,PT30M
2025-12-13,43,579.75,PT30M
2025-12-13,44,504.76,PT30M
2025-12-13,45,558.33,PT30M
2025-12-13,46,477.55,PT30M
2025-12-13,47,509.63,PT30M
2025-12-13,48,446.96,PT30M
2025-12-13,1,519.61,PT60M
2025-12-13,2,498.92,PT60M
2025-12-13,3,480.96,PT60M
2025-12-13,4,458.99,PT60M
2025-12-13,5,462.26,PT60M
2025-12-13,6,487.38,PT60M
2025-12-13,7,525.43,PT60M
2025-12-13,8,565.06,PT60M
2025-12-13,9,571.11,PT60M
2025-12-13,10,551.00,PT60M
2025-12-13,11,534.50,PT60M
2025-12-13,12,516.36,PT60M
2025-12-13,13,506.58,PT60M
2025-12-13,14,514.72,PT60M
2025-12-13,15,537.40,PT60M
2025-12-13,16,601.96,PT60M
2025-12-13,17,619.95,PT60M
2025-12-13,18,622.16,PT60M
2025-12-13,19,610.53,PT60M
2025-12-13,20,614.68,PT60M
2025-12-13,21,583.31,PT60M
2025-12-13,22,542.26,PT60M
2025-12-13,23,517.94,PT60M
2025-12-13,24,478.29,PT60M
2025-12-14,1,496.31,PT15M
2025-12-14,2,467.91,PT15M
2025-12-14,3,455.73,PT15M
2025-12-14,4,449.89,PT15M
2025-12-14,5,508.25,PT15M
2025-12-14,6,491.27,PT15M
2025-12-14,7,442.12,PT15M
2025-12-14,8,422.87,PT15M
2025-12-14,9,460.53,PT15M
2025-12-14,10,434.22,PT15M
2025-12-14,11,427.42,PT15M
2025-12-14,12,423.83,PT15M
2025-12-14,13,417.71,PT15M
2025-12-14,14,420.34,PT15M
2025-12-14,15,415.72,PT15M
2025-12-14,16,412.86,PT15M
2025-12-14,17,433.55,PT15M
2025-12-14,18,433.86,PT15M
2025-12-14,19,436.90,PT15M
2025-12-14,20,438.60,PT15M
2025-12-14,21,420.76,PT15M
2025-12-14,22,432.90,PT15M
2025-12-14,23,448.62,PT15M
2025-12-14,24,456.38,PT15M
2025-12-14,25,404.37,PT15M
2025-12-14,26,426.41,PT15M
2025-12-14,27,450.04,PT15M
2025-12-14,28,496.74,PT15M
2025-12-14,29,482.40,PT15M
2025-12-14,30,455.89,PT15M
2025-12-14,31,451.19,PT15M
2025-12-14,32,452.29,PT15M
2025-12-14,33,440.40,PT15M
2025-12-14,34,446.52,PT15M
2025-12-14,35,497.11,PT15M
2025-12-14,36,510.67,PT15M
2025-12-14,37,528.94,PT15M
2025-12-14,38,549.31,PT15M
2025-12-14,39,520.10,PT15M
2025-12-14,40,512.97,PT15M
2025-12-14,41,530.85,PT15M
2025-12-14,42,526.84,PT15M
2025-12-14,43,524.89,PT15M
2025-12-14,44,505.45,PT15M
2025-12-14,45,518.94,PT15M
2025-12-14,46,517.26,PT15M
2025-12-14,47,513.83,PT15M
2025-12-14,48,504.54,PT15M
2025-12-14,49,507.03,PT15M
2025-12-14,50,488.20,PT15M
2025-12-14,51,473.93,PT15M
2025-12-14,52,470.85,PT15M
2025-12-14,53,124.28,PT15M
2025-12-14,54,493.01,PT15M
2025-12-14,55,489.49,PT15M
2025-12-14,56,493.22,PT15M
2025-12-14,57,455.78,PT15M
2025-12-14,58,470.82,PT15M
2025-12-14,59,490.83,PT15M
2025-12-14,60,520.07,PT15M
2025-12-14,61,476.80,PT15M
2025-12-14,62,517.35,PT15M
2025-12-14,63,563.20,PT15M
2025-12-14,64,582.66,PT15M
2025-12-14,65,566.30,PT15M
2025-12-14,66,585.38,PT15M
2025-12-14,67,601.03,PT15M
2025-12-14,68,640.23,PT15M
2025-12-14,69,657.89,PT15M
2025-12-14,70,615.33,PT15M
2025-12-14,71,583.76,PT15M
2025-12-14,72,596.59,PT15M
2025-12-14,73,605.49,PT15M
2025-12-14,74,598.43,PT15M
2025-12-14,75,604.79,PT15M
2025-12-14,76,669.50,PT15M
2025-12-14,77,627.26,PT15M
2025-12-14,78,607.29,PT15M
2025-12-14,79,639.19,PT15M
2025-12-14,80,596.14,PT15M
2025-12-14,81,611.43,PT15M
2025-12-14,82,582.67,PT15M
2025-12-14,83,579.77,PT15M
2025-12-14,84,541.18,PT15M
2025-12-14,85,581.92,PT15M
2025-12-14,86,549.98,PT15M
2025-12-14,87,507.10,PT15M
2025-12-14,88,463.75,PT15M
2025-12-14,89,536.26,PT15M
2025-12-14,90,522.71,PT15M
2025-12-14,91,480.69,PT15M
2025-12-14,92,447.66,PT15M
2025-12-14,93,501.83,PT15M
2025-12-14,94,475.80,PT15M
2025-12-14,95,465.43,PT15M
2025-12-14,96,418.63,PT15M
2025-12-14,1,482.11,PT30M
2025-12-14,2,452.81,PT30M
2025-12-14,3,499.76,PT30M
2025-12-14,4,432.50,PT30M
2025-12-14,5,447.37,PT30M
2025-12-14,6,425.62,PT30M
2025-12-14,7,419.02,PT30M
2025-12-14,8,414.29,PT30M
2025-12-14,9,433.70,PT30M
2025-12-14,10,437.75,PT30M
2025-12-14,11,426.83,PT30M
2025-12-14,12,452.50,PT30M
2025-12-14,13,415.39,PT30M
2025-12-14,14,473.39,PT30M
2025-12-14,15,469.14,PT30M
2025-12-14,16,451.74,PT30M
2025-12-14,17,443.46,PT30M
2025-12-14,18,503.89,PT30M
2025-12-14,19,539.12,PT30M
2025-12-14,20,516.53,PT30M
2025-12-14,21,528.85,PT30M
2025-12-14,22,515.17,PT30M
2025-12-14,23,518.10,PT30M
2025-12-14,24,509.19,PT30M
2025-12-14,25,497.62,PT30M
2025-12-14,26,472.39,PT30M
2025-12-14,27,308.64,PT30M
2025-12-14,28,491.36,PT30M
2025-12-14,29,463.30,PT30M
2025-12-14,30,505.45,PT30M
2025-12-14,31,497.07,PT30M
2025-12-14,32,572.93,PT30M
2025-12-14,33,575.84,PT30M
2025-12-14,34,620.63,PT30M
2025-12-14,35,636.61,PT30M
2025-12-14,36,590.18,PT30M
2025-12-14,37,601.96,PT30M
2025-12-14,38,637.14,PT30M
2025-12-14,39,617.27,PT30M
2025-12-14,40,617.67,PT30M
2025-12-14,41,597.05,PT30M
2025-12-14,42,560.47,PT30M
2025-12-14,43,565.95,PT30M
2025-12-14,44,485.43,PT30M
2025-12-14,45,529.49,PT30M
2025-12-14,46,464.18,PT30M
2025-12-14,47,488.82,PT30M
2025-12-14,48,442.03,PT30M
2025-12-14,1,467.46,PT60M
2025-12-14,2,466.13,PT60M
2025-12-14,3,436.50,PT60M
2025-12-14,4,416.66,PT60M
2025-12-14,5,435.73,PT60M
2025-12-14,6,439.67,PT60M
2025-12-14,7,444.39,PT60M
2025-12-14,8,460.44,PT60M
2025-12-14,9,473.67,PT60M
2025-12-14,10,527.83,PT60M
2025-12-14,11,522.01,PT60M
2025-12-14,12,513.65,PT60M
2025-12-14,13,485.00,PT60M
2025-12-14,14,400.00,PT60M
2025-12-14,15,484.38,PT60M
2025-12-14,16,535.00,PT60M
2025-12-14,17,598.24,PT60M
2025-12-14,18,613.39,PT60M
2025-12-14,19,619.55,PT60M
2025-12-14,20,617.47,PT60M
2025-12-14,21,578.76,PT60M
2025-12-14,22,525.69,PT60M
2025-12-14,23,496.83,PT60M
2025-12-14,24,465.42,PT60M
2025-12-15,1,456.66,PT15M
2025-12-15,2,449.65,PT15M
2025-12-15,3,432.01,PT15M
2025-12-15,4,440.58,PT15M
2025-12-15,5,440.91,PT15M
2025-12-15,6,433.20,PT15M
2025-12-15,7,429.74,PT15M
2025-12-15,8,428.82,PT15M
2025-12-15,9,431.46,PT15M
2025-12-15,10,433.65,PT15M
2025-12-15,11,435.46,PT15M
2025-12-15,12,433.75,PT15M
2025-12-15,13,433.92,PT15M
2025-12-15,14,426.01,PT15M
2025-12-15,15,432.92,PT15M
2025-12-15,16,433.96,PT15M
2025-12-15,17,428.03,PT15M
2025-12-15,18,435.53,PT15M
2025-12-15,19,443.91,PT15M
2025-12-15,20,473.29,PT15M
2025-12-15,21,468.49,PT15M
2025-12-15,22,469.94,PT15M
2025-12-15,23,514.77,PT15M
2025-12-15,24,648.42,PT15M
2025-12-15,25,621.55,PT15M
2025-12-15,26,819.58,PT15M
2025-12-15,27,862.26,PT15M
2025-12-15,28,862.26,PT15M
2025-12-15,29,910.62,PT15M
2025-12-15,30,890.82,PT15M
2025-12-15,31,711.03,PT15M
2025-12-15,32,727.67,PT15M
2025-12-15,33,720.49,PT15M
2025-12-15,34,705.32,PT15M
2025-12-15,35,677.17,PT15M
2025-12-15,36,639.22,PT15M
2025-12-15,37,785.91,PT15M
2025-12-15,38,693.74,PT15M
2025-12-15,39,593.88,PT15M
2025-12-15,40,560.67,PT15M
2025-12-15,41,661.68,PT15M
2025-12-15,42,594.85,PT15M
2025-12-15,43,584.17,PT15M
2025-12-15,44,570.07,PT15M
2025-12-15,45,578.32,PT15M
2025-12-15,46,590.89,PT15M
2025-12-15,47,548.52,PT15M
2025-12-15,48,546.55,PT15M
2025-12-15,49,529.16,PT15M
2025-12-15,50,522.64,PT15M
2025-12-15,51,529.15,PT15M
2025-12-15,52,548.70,PT15M
2025-12-15,53,559.99,PT15M
2025-12-15,54,592.19,PT15M
2025-12-15,55,616.13,PT15M
2025-12-15,56,628.97,PT15M
2025-12-15,57,555.17,PT15M
2025-12-15,58,602.33,PT15M
2025-12-15,59,789.49,PT15M
2025-12-15,60,1573.02,PT15M
2025-12-15,61,617.55,PT15M
2025-12-15,62,2000.00,PT15M
2025-12-15,63,982.87,PT15M
2025-12-15,64,1079.05,PT15M
2025-12-15,65,1460.01,PT15M
2025-12-15,66,829.53,PT15M
2025-12-15,67,846.19,PT15M
2025-12-15,68,868.32,PT15M
2025-12-15,69,728.69,PT15M
2025-12-15,70,816.83,PT15M
2025-12-15,71,1042.87,PT15M
2025-12-15,72,1079.22,PT15M
2025-12-15,73,737.82,PT15M
2025-12-15,74,819.65,PT15M
2025-12-15,75,937.35,PT15M
2025-12-15,76,885.27,PT15M
2025-12-15,77,828.36,PT15M
2025-12-15,78,781.02,PT15M
2025-12-15,79,740.50,PT15M
2025-12-15,80,746.00,PT15M
2025-12-15,81,868.17,PT15M
2025-12-15,82,782.45,PT15M
2025-12-15,83,712.72,PT15M
2025-12-15,84,643.27,PT15M
2025-12-15,85,744.75,PT15M
2025-12-15,86,679.28,PT15M
2025-12-15,87,714.78,PT15M
2025-12-15,88,529.17,PT15M
2025-12-15,89,677.34,PT15M
2025-12-15,90,690.61,PT15M
2025-12-15,91,676.79,PT15M
2025-12-15,92,584.65,PT15M
2025-12-15,93,627.71,PT15M
2025-12-15,94,572.62,PT15M
2025-12-15,95,508.23,PT15M
2025-12-15,96,476.02,PT15M
2025-12-15,1,453.16,PT30M
2025-12-15,2,436.29,PT30M
2025-12-15,3,437.06,PT30M
2025-12-15,4,429.28,PT30M
2025-12-15,5,432.56,PT30M
2025-12-15,6,434.60,PT30M
2025-12-15,7,429.96,PT30M
2025-12-15,8,433.44,PT30M
2025-12-15,9,431.78,PT30M
2025-12-15,10,458.60,PT30M
2025-12-15,11,469.22,PT30M
2025-12-15,12,581.60,PT30M
2025-12-15,13,720.57,PT30M
2025-12-15,14,862.26,PT30M
2025-12-15,15,900.72,PT30M
2025-12-15,16,719.35,PT30M
2025-12-15,17,712.90,PT30M
2025-12-15,18,658.20,PT30M
2025-12-15,19,739.82,PT30M
2025-12-15,20,577.28,PT30M
2025-12-15,21,628.26,PT30M
2025-12-15,22,577.12,PT30M
2025-12-15,23,584.61,PT30M
2025-12-15,24,547.53,PT30M
2025-12-15,25,525.90,PT30M
2025-12-15,26,538.93,PT30M
2025-12-15,27,576.09,PT30M
2025-12-15,28,622.55,PT30M
2025-12-15,29,578.75,PT30M
2025-12-15,30,1181.25,PT30M
2025-12-15,31,1308.78,PT30M
2025-12-15,32,1030.96,PT30M
2025-12-15,33,1144.77,PT30M
2025-12-15,34,857.25,PT30M
2025-12-15,35,772.76,PT30M
2025-12-15,36,1061.04,PT30M
2025-12-15,37,778.74,PT30M
2025-12-15,38,911.31,PT30M
2025-12-15,39,804.69,PT30M
2025-12-15,40,743.25,PT30M
2025-12-15,41,825.31,PT30M
2025-12-15,42,678.00,PT30M
2025-12-15,43,712.01,PT30M
2025-12-15,44,621.98,PT30M
2025-12-15,45,683.97,PT30M
2025-12-15,46,630.72,PT30M
2025-12-15,47,600.16,PT30M
2025-12-15,48,492.12,PT30M
2025-12-15,1,444.73,PT60M
2025-12-15,2,433.17,PT60M
2025-12-15,3,433.58,PT60M
2025-12-15,4,431.70,PT60M
2025-12-15,5,445.19,PT60M
2025-12-15,6,525.41,PT60M
2025-12-15,7,791.41,PT60M
2025-12-15,8,810.04,PT60M
2025-12-15,9,685.55,PT60M
2025-12-15,10,658.55,PT60M
2025-12-15,11,602.69,PT60M
2025-12-15,12,566.07,PT60M
2025-12-15,13,532.41,PT60M
2025-12-15,14,599.32,PT60M
2025-12-15,15,880.00,PT60M
2025-12-15,16,1169.87,PT60M
2025-12-15,17,1001.01,PT60M
2025-12-15,18,916.90,PT60M
2025-12-15,19,845.02,PT60M
2025-12-15,20,773.97,PT60M
2025-12-15,21,751.65,PT60M
2025-12-15,22,667.00,PT60M
2025-12-15,23,657.35,PT60M
2025-12-15,24,546.14,PT60M
2025-12-16,1,498.63,PT15M
2025-12-16,2,525.71,PT15M
2025-12-16,3,563.47,PT15M
2025-12-16,4,507.39,PT15M
2025-12-16,5,505.71,PT15M
2025-12-16,6,503.60,PT15M
2025-12-16,7,486.45,PT15M
2025-12-16,8,478.25,PT15M
2025-12-16,9,481.06,PT15M
2025-12-16,10,482.58,PT15M
2025-12-16,11,485.09,PT15M
2025-12-16,12,508.10,PT15M
2025-12-16,13,481.91,PT15M
2025-12-16,14,493.63,PT15M
2025-12-16,15,494.41,PT15M
2025-12-16,16,512.26,PT15M
2025-12-16,17,505.16,PT15M
2025-12-16,18,490.76,PT15M
2025-12-16,19,496.42,PT15M
2025-12-16,20,529.19,PT15M
2025-12-16,21,529.16,PT15M
2025-12-16,22,569.76,PT15M
2025-12-16,23,704.70,PT15M
2025-12-16,24,785.60,PT15M
2025-12-16,25,686.84,PT15M
2025-12-16,26,872.85,PT15M
2025-12-16,27,996.55,PT15M
2025-12-16,28,1028.46,PT15M
2025-12-16,29,1062.98,PT15M
2025-12-16,30,1069.19,PT15M
2025-12-16,31,993.39,PT15M
2025-12-16,32,824.16,PT15M
2025-12-16,33,747.43,PT15M
2025-12-16,34,718.25,PT15M
2025-12-16,35,688.44,PT15M
2025-12-16,36,674.99,PT15M
2025-12-16,37,697.27,PT15M
2025-12-16,38,658.66,PT15M
2025-12-16,39,638.53,PT15M
2025-12-16,40,597.60,PT15M
2025-12-16,41,668.36,PT15M
2025-12-16,42,637.53,PT15M
2025-12-16,43,620.94,PT15M
2025-12-16,44,577.36,PT15M
2025-12-16,45,626.11,PT15M
2025-12-16,46,598.20,PT15M
2025-12-16,47,576.87,PT15M
2025-12-16,48,572.56,PT15M
2025-12-16,49,602.07,PT15M
2025-12-16,50,573.97,PT15M
2025-12-16,51,600.15,PT15M
2025-12-16,52,616.13,PT15M
2025-12-16,53,615.07,PT15M
2025-12-16,54,642.05,PT15M
2025-12-16,55,666.87,PT15M
2025-12-16,56,710.61,PT15M
2025-12-16,57,632.36,PT15M
2025-12-16,58,693.90,PT15M
2025-12-16,59,764.33,PT15M
2025-12-16,60,774.60,PT15M
2025-12-16,61,667.63,PT15M
2025-12-16,62,707.70,PT15M
2025-12-16,63,980.72,PT15M
2025-12-16,64,1122.54,PT15M
2025-12-16,65,1123.81,PT15M
2025-12-16,66,1120.35,PT15M
2025-12-16,67,1184.08,PT15M
2025-12-16,68,1287.31,PT15M
2025-12-16,69,1261.97,PT15M
2025-12-16,70,1037.29,PT15M
2025-12-16,71,1012.03,PT15M
2025-12-16,72,964.73,PT15M
2025-12-16,73,897.93,PT15M
2025-12-16,74,1183.74,PT15M
2025-12-16,75,939.94,PT15M
2025-12-16,76,1072.98,PT15M
2025-12-16,77,973.84,PT15M
2025-12-16,78,971.35,PT15M
2025-12-16,79,838.69,PT15M
2025-12-16,80,721.57,PT15M
2025-12-16,81,835.77,PT15M
2025-12-16,82,714.34,PT15M
2025-12-16,83,670.91,PT15M
2025-12-16,84,609.51,PT15M
2025-12-16,85,688.39,PT15M
2025-12-16,86,631.98,PT15M
2025-12-16,87,592.89,PT15M
2025-12-16,88,530.21,PT15M
2025-12-16,89,662.81,PT15M
2025-12-16,90,601.38,PT15M
2025-12-16,91,579.44,PT15M
2025-12-16,92,543.91,PT15M
2025-12-16,93,588.93,PT15M
2025-12-16,94,552.77,PT15M
2025-12-16,95,524.89,PT15M
2025-12-16,96,474.24,PT15M
2025-12-16,1,512.17,PT30M
2025-12-16,2,535.43,PT30M
2025-12-16,3,504.65,PT30M
2025-12-16,4,482.35,PT30M
2025-12-16,5,481.82,PT30M
2025-12-16,6,496.60,PT30M
2025-12-16,7,487.77,PT30M
2025-12-16,8,503.33,PT30M
2025-12-16,9,497.96,PT30M
2025-12-16,10,512.80,PT30M
2025-12-16,11,549.46,PT30M
2025-12-16,12,745.15,PT30M
2025-12-16,13,779.84,PT30M
2025-12-16,14,1012.51,PT30M
2025-12-16,15,1066.08,PT30M
2025-12-16,16,908.77,PT30M
2025-12-16,17,732.84,PT30M
2025-12-16,18,681.72,PT30M
2025-12-16,19,677.97,PT30M
2025-12-16,20,618.07,PT30M
2025-12-16,21,652.94,PT30M
2025-12-16,22,599.15,PT30M
2025-12-16,23,612.16,PT30M
2025-12-16,24,574.72,PT30M
2025-12-16,25,588.02,PT30M
2025-12-16,26,608.14,PT30M
2025-12-16,27,628.56,PT30M
2025-12-16,28,688.74,PT30M
2025-12-16,29,663.13,PT30M
2025-12-16,30,769.47,PT30M
2025-12-16,31,687.67,PT30M
2025-12-16,32,1051.63,PT30M
2025-12-16,33,1122.08,PT30M
2025-12-16,34,1235.69,PT30M
2025-12-16,35,1149.63,PT30M
2025-12-16,36,988.38,PT30M
2025-12-16,37,1040.84,PT30M
2025-12-16,38,1006.46,PT30M
2025-12-16,39,972.60,PT30M
2025-12-16,40,780.13,PT30M
2025-12-16,41,775.06,PT30M
2025-12-16,42,640.21,PT30M
2025-12-16,43,660.19,PT30M
2025-12-16,44,561.55,PT30M
2025-12-16,45,632.10,PT30M
2025-12-16,46,561.68,PT30M
2025-12-16,47,570.85,PT30M
2025-12-16,48,499.57,PT30M
2025-12-16,1,523.80,PT60M
2025-12-16,2,493.50,PT60M
2025-12-16,3,489.21,PT60M
2025-12-16,4,495.55,PT60M
2025-12-16,5,505.38,PT60M
2025-12-16,6,647.30,PT60M
2025-12-16,7,896.17,PT60M
2025-12-16,8,987.43,PT60M
2025-12-16,9,707.28,PT60M
2025-12-16,10,648.02,PT60M
2025-12-16,11,626.05,PT60M
2025-12-16,12,593.44,PT60M
2025-12-16,13,598.08,PT60M
2025-12-16,14,658.65,PT60M
2025-12-16,15,716.30,PT60M
2025-12-16,16,869.65,PT60M
2025-12-16,17,1178.89,PT60M
2025-12-16,18,1069.00,PT60M
2025-12-16,19,1023.65,PT60M
2025-12-16,20,876.36,PT60M
2025-12-16,21,707.63,PT60M
2025-12-16,22,610.87,PT60M
2025-12-16,23,596.89,PT60M
2025-12-16,24,535.21,PT60M
2025-12-17,1,566.05,PT15M
2025-12-17,2,548.49,PT15M
2025-12-17,3,529.30,PT15M
2025-12-17,4,488.13,PT15M
2025-12-17,5,504.05,PT15M
2025-12-17,6,494.60,PT15M
2025-12-17,7,482.33,PT15M
2025-12-17,8,504.05,PT15M
2025-12-17,9,481.49,PT15M
2025-12-17,10,493.78,PT15M
2025-12-17,11,501.87,PT15M
2025-12-17,12,501.76,PT15M
2025-12-17,13,476.17,PT15M
2025-12-17,14,496.21,PT15M
2025-12-17,15,504.05,PT15M
2025-12-17,16,529.28,PT15M
2025-12-17,17,500.52,PT15M
2025-12-17,18,530.78,PT15M
2025-12-17,19,554.08,PT15M
2025-12-17,20,529.30,PT15M
2025-12-17,21,496.57,PT15M
2025-12-17,22,515.11,PT15M
2025-12-17,23,540.01,PT15M
2025-12-17,24,568.01,PT15M
2025-12-17,25,549.61,PT15M
2025-12-17,26,616.23,PT15M
2025-12-17,27,701.41,PT15M
2025-12-17,28,894.30,PT15M
2025-12-17,29,938.29,PT15M
2025-12-17,30,782.66,PT15M
2025-12-17,31,767.66,PT15M
2025-12-17,32,781.03,PT15M
2025-12-17,33,837.29,PT15M
2025-12-17,34,727.28,PT15M
2025-12-17,35,711.77,PT15M
2025-12-17,36,697.14,PT15M
2025-12-17,37,760.63,PT15M
2025-12-17,38,687.99,PT15M
2025-12-17,39,665.28,PT15M
2025-12-17,40,618.62,PT15M
2025-12-17,41,704.12,PT15M
2025-12-17,42,664.25,PT15M
2025-12-17,43,638.04,PT15M
2025-12-17,44,612.96,PT15M
2025-12-17,45,653.63,PT15M
2025-12-17,46,638.02,PT15M
2025-12-17,47,629.77,PT15M
2025-12-17,48,630.37,PT15M
2025-12-17,49,642.09,PT15M
2025-12-17,50,640.52,PT15M
2025-12-17,51,638.87,PT15M
2025-12-17,52,640.68,PT15M
2025-12-17,53,672.12,PT15M
2025-12-17,54,645.21,PT15M
2025-12-17,55,667.34,PT15M
2025-12-17,56,668.54,PT15M
2025-12-17,57,627.88,PT15M
2025-12-17,58,645.47,PT15M
2025-12-17,59,688.39,PT15M
2025-12-17,60,780.50,PT15M
2025-12-17,61,639.46,PT15M
2025-12-17,62,684.72,PT15M
2025-12-17,63,722.70,PT15M
2025-12-17,64,799.66,PT15M
2025-12-17,65,678.54,PT15M
2025-12-17,66,720.43,PT15M
2025-12-17,67,916.49,PT15M
2025-12-17,68,800.22,PT15M
2025-12-17,69,763.41,PT15M
2025-12-17,70,783.28,PT15M
2025-12-17,71,769.66,PT15M
2025-12-17,72,801.76,PT15M
2025-12-17,73,817.53,PT15M
2025-12-17,74,961.98,PT15M
2025-12-17,75,966.64,PT15M
2025-12-17,76,968.89,PT15M
2025-12-17,77,987.82,PT15M
2025-12-17,78,935.31,PT15M
2025-12-17,79,880.61,PT15M
2025-12-17,80,800.98,PT15M
2025-12-17,81,776.89,PT15M
2025-12-17,82,715.77,PT15M
2025-12-17,83,714.63,PT15M
2025-12-17,84,669.69,PT15M
2025-12-17,85,642.93,PT15M
2025-12-17,86,626.04,PT15M
2025-12-17,87,591.20,PT15M
2025-12-17,88,579.17,PT15M
2025-12-17,89,604.55,PT15M
2025-12-17,90,651.66,PT15M
2025-12-17,91,605.62,PT15M
2025-12-17,92,577.92,PT15M
2025-12-17,93,590.25,PT15M
2025-12-17,94,614.36,PT15M
2025-12-17,95,550.34,PT15M
2025-12-17,96,491.68,PT15M
2025-12-17,1,557.27,PT30M
2025-12-17,2,508.71,PT30M
2025-12-17,3,499.32,PT30M
2025-12-17,4,493.19,PT30M
2025-12-17,5,487.64,PT30M
2025-12-17,6,501.81,PT30M
2025-12-17,7,486.19,PT30M
2025-12-17,8,516.66,PT30M
2025-12-17,9,515.65,PT30M
2025-12-17,10,541.69,PT30M
2025-12-17,11,505.84,PT30M
2025-12-17,12,554.01,PT30M
2025-12-17,13,582.92,PT30M
2025-12-17,14,797.85,PT30M
2025-12-17,15,860.48,PT30M
2025-12-17,16,774.34,PT30M
2025-12-17,17,782.28,PT30M
2025-12-17,18,704.46,PT30M
2025-12-17,19,724.31,PT30M
2025-12-17,20,641.95,PT30M
2025-12-17,21,684.19,PT30M
2025-12-17,22,625.50,PT30M
2025-12-17,23,645.82,PT30M
2025-12-17,24,630.07,PT30M
2025-12-17,25,641.30,PT30M
2025-12-17,26,639.78,PT30M
2025-12-17,27,658.66,PT30M
2025-12-17,28,667.94,PT30M
2025-12-17,29,636.68,PT30M
2025-12-17,30,734.45,PT30M
2025-12-17,31,662.09,PT30M
2025-12-17,32,761.18,PT30M
2025-12-17,33,699.49,PT30M
2025-12-17,34,858.35,PT30M
2025-12-17,35,773.35,PT30M
2025-12-17,36,785.71,PT30M
2025-12-17,37,889.75,PT30M
2025-12-17,38,967.77,PT30M
2025-12-17,39,961.57,PT30M
2025-12-17,40,840.79,PT30M
2025-12-17,41,746.33,PT30M
2025-12-17,42,692.16,PT30M
2025-12-17,43,634.49,PT30M
2025-12-17,44,585.18,PT30M
2025-12-17,45,628.10,PT30M
2025-12-17,46,591.77,PT30M
2025-12-17,47,602.31,PT30M
2025-12-17,48,521.01,PT30M
2025-12-17,1,532.99,PT60M
2025-12-17,2,496.26,PT60M
2025-12-17,3,494.73,PT60M
2025-12-17,4,501.43,PT60M
2025-12-17,5,528.67,PT60M
2025-12-17,6,529.93,PT60M
2025-12-17,7,690.39,PT60M
2025-12-17,8,817.41,PT60M
2025-12-17,9,743.37,PT60M
2025-12-17,10,683.13,PT60M
2025-12-17,11,654.84,PT60M
2025-12-17,12,637.95,PT60M
2025-12-17,13,640.54,PT60M
2025-12-17,14,663.30,PT60M
2025-12-17,15,685.56,PT60M
2025-12-17,16,711.63,PT60M
2025-12-17,17,778.92,PT60M
2025-12-17,18,779.53,PT60M
2025-12-17,19,928.76,PT60M
2025-12-17,20,901.18,PT60M
2025-12-17,21,719.24,PT60M
2025-12-17,22,609.84,PT60M
2025-12-17,23,609.94,PT60M
2025-12-17,24,561.66,PT60M
2025-12-18,1,616.31,PT15M
2025-12-18,2,592.55,PT15M
2025-12-18,3,520.71,PT15M
2025-12-18,4,492.59,PT15M
2025-12-18,5,608.99,PT15M
2025-12-18,6,524.92,PT15M
2025-12-18,7,519.64,PT15M
2025-12-18,8,516.86,PT15M
2025-12-18,9,492.78,PT15M
2025-12-18,10,507.98,PT15M
2025-12-18,11,495.45,PT15M
2025-12-18,12,487.55,PT15M
2025-12-18,13,482.97,PT15M
2025-12-18,14,482.83,PT15M
2025-12-18,15,492.45,PT15M
2025-12-18,16,509.20,PT15M
2025-12-18,17,502.64,PT15M
2025-12-18,18,535.30,PT15M
2025-12-18,19,552.60,PT15M
2025-12-18,20,576.61,PT15M
2025-12-18,21,527.94,PT15M
2025-12-18,22,616.32,PT15M
2025-12-18,23,779.53,PT15M
2025-12-18,24,854.03,PT15M
2025-12-18,25,875.45,PT15M
2025-12-18,26,1039.43,PT15M
2025-12-18,27,1113.16,PT15M
2025-12-18,28,1161.84,PT15M
2025-12-18,29,1127.17,PT15M
2025-12-18,30,1134.70,PT15M
2025-12-18,31,1094.73,PT15M
2025-12-18,32,995.49,PT15M
2025-12-18,33,798.30,PT15M
2025-12-18,34,746.82,PT15M
2025-12-18,35,713.35,PT15M
2025-12-18,36,694.39,PT15M
2025-12-18,37,769.89,PT15M
2025-12-18,38,689.28,PT15M
2025-12-18,39,671.80,PT15M
2025-12-18,40,616.29,PT15M
2025-12-18,41,697.67,PT15M
2025-12-18,42,631.91,PT15M
2025-12-18,43,608.41,PT15M
2025-12-18,44,588.35,PT15M
2025-12-18,45,616.31,PT15M
2025-12-18,46,589.92,PT15M
2025-12-18,47,586.52,PT15M
2025-12-18,48,556.76,PT15M
2025-12-18,49,585.32,PT15M
2025-12-18,50,561.12,PT15M
2025-12-18,51,568.23,PT15M
2025-12-18,52,562.01,PT15M
2025-12-18,53,579.19,PT15M
2025-12-18,54,586.63,PT15M
2025-12-18,55,606.23,PT15M
2025-12-18,56,646.34,PT15M
2025-12-18,57,584.00,PT15M
2025-12-18,58,624.00,PT15M
2025-12-18,59,694.31,PT15M
2025-12-18,60,714.38,PT15M
2025-12-18,61,713.29,PT15M
2025-12-18,62,960.71,PT15M
2025-12-18,63,1222.95,PT15M
2025-12-18,64,1346.43,PT15M
2025-12-18,65,1433.65,PT15M
2025-12-18,66,1385.18,PT15M
2025-12-18,67,1365.06,PT15M
2025-12-18,68,1437.37,PT15M
2025-12-18,69,1259.05,PT15M
2025-12-18,70,1180.63,PT15M
2025-12-18,71,1176.19,PT15M
2025-12-18,72,1384.26,PT15M
2025-12-18,73,1357.27,PT15M
2025-12-18,74,1385.79,PT15M
2025-12-18,75,1276.56,PT15M
2025-12-18,76,1334.00,PT15M
2025-12-18,77,1335.22,PT15M
2025-12-18,78,1268.01,PT15M
2025-12-18,79,1327.13,PT15M
2025-12-18,80,1268.52,PT15M
2025-12-18,81,1184.70,PT15M
2025-12-18,82,1088.87,PT15M
2025-12-18,83,1046.15,PT15M
2025-12-18,84,889.32,PT15M
2025-12-18,85,949.00,PT15M
2025-12-18,86,842.77,PT15M
2025-12-18,87,733.60,PT15M
2025-12-18,88,715.99,PT15M
2025-12-18,89,706.65,PT15M
2025-12-18,90,704.76,PT15M
2025-12-18,91,677.32,PT15M
2025-12-18,92,602.96,PT15M
2025-12-18,93,671.07,PT15M
2025-12-18,94,602.45,PT15M
2025-12-18,95,528.39,PT15M
2025-12-18,96,518.68,PT15M
2025-12-18,1,604.43,PT30M
2025-12-18,2,506.65,PT30M
2025-12-18,3,566.95,PT30M
2025-12-18,4,518.25,PT30M
2025-12-18,5,500.38,PT30M
2025-12-18,6,491.50,PT30M
2025-12-18,7,482.90,PT30M
2025-12-18,8,500.83,PT30M
2025-12-18,9,518.97,PT30M
2025-12-18,10,564.61,PT30M
2025-12-18,11,572.13,PT30M
2025-12-18,12,816.78,PT30M
2025-12-18,13,957.44,PT30M
2025-12-18,14,1137.50,PT30M
2025-12-18,15,1130.93,PT30M
2025-12-18,16,1045.11,PT30M
2025-12-18,17,772.56,PT30M
2025-12-18,18,703.87,PT30M
2025-12-18,19,729.58,PT30M
2025-12-18,20,644.05,PT30M
2025-12-18,21,664.79,PT30M
2025-12-18,22,598.38,PT30M
2025-12-18,23,603.12,PT30M
2025-12-18,24,571.64,PT30M
2025-12-18,25,573.22,PT30M
2025-12-18,26,565.12,PT30M
2025-12-18,27,582.91,PT30M
2025-12-18,28,626.29,PT30M
2025-12-18,29,604.00,PT30M
2025-12-18,30,704.34,PT30M
2025-12-18,31,837.00,PT30M
2025-12-18,32,1284.69,PT30M
2025-12-18,33,1409.41,PT30M
2025-12-18,34,1401.22,PT30M
2025-12-18,35,1219.84,PT30M
2025-12-18,36,1280.22,PT30M
2025-12-18,37,1371.53,PT30M
2025-12-18,38,1305.28,PT30M
2025-12-18,39,1301.62,PT30M
2025-12-18,40,1297.82,PT30M
2025-12-18,41,1136.79,PT30M
2025-12-18,42,967.73,PT30M
2025-12-18,43,895.88,PT30M
2025-12-18,44,724.80,PT30M
2025-12-18,45,705.70,PT30M
2025-12-18,46,640.14,PT30M
2025-12-18,47,636.76,PT30M
2025-12-18,48,523.54,PT30M
2025-12-18,1,555.54,PT60M
2025-12-18,2,542.60,PT60M
2025-12-18,3,495.94,PT60M
2025-12-18,4,491.86,PT60M
2025-12-18,5,541.79,PT60M
2025-12-18,6,694.46,PT60M
2025-12-18,7,1047.47,PT60M
2025-12-18,8,1088.02,PT60M
2025-12-18,9,738.21,PT60M
2025-12-18,10,686.82,PT60M
2025-12-18,11,631.58,PT60M
2025-12-18,12,587.38,PT60M
2025-12-18,13,569.17,PT60M
2025-12-18,14,604.60,PT60M
2025-12-18,15,654.17,PT60M
2025-12-18,16,1060.84,PT60M
2025-12-18,17,1405.32,PT60M
2025-12-18,18,1250.03,PT60M
2025-12-18,19,1338.41,PT60M
2025-12-18,20,1299.72,PT60M
2025-12-18,21,1052.26,PT60M
2025-12-18,22,810.34,PT60M
2025-12-18,23,672.92,PT60M
2025-12-18,24,580.15,PT60M
2025-12-19,1,586.57,PT15M
2025-12-19,2,553.59,PT15M
2025-12-19,3,551.85,PT15M
2025-12-19,4,532.67,PT15M
2025-12-19,5,553.51,PT15M
2025-12-19,6,537.44,PT15M
2025-12-19,7,545.68,PT15M
2025-12-19,8,535.90,PT15M
2025-12-19,9,514.68,PT15M
2025-12-19,10,535.92,PT15M
2025-12-19,11,537.01,PT15M
2025-12-19,12,532.68,PT15M
2025-12-19,13,518.86,PT15M
2025-12-19,14,532.52,PT15M
2025-12-19,15,539.02,PT15M
2025-12-19,16,548.36,PT15M
2025-12-19,17,544.56,PT15M
2025-12-19,18,529.39,PT15M
2025-12-19,19,518.63,PT15M
2025-12-19,20,532.33,PT15M
2025-12-19,21,487.93,PT15M
2025-12-19,22,530.56,PT15M
2025-12-19,23,631.97,PT15M
2025-12-19,24,669.28,PT15M
2025-12-19,25,658.06,PT15M
2025-12-19,26,708.29,PT15M
2025-12-19,27,794.91,PT15M
2025-12-19,28,845.47,PT15M
2025-12-19,29,922.39,PT15M
2025-12-19,30,853.78,PT15M
2025-12-19,31,776.71,PT15M
2025-12-19,32,758.29,PT15M
2025-12-19,33,789.97,PT15M
2025-12-19,34,732.43,PT15M
2025-12-19,35,684.74,PT15M
2025-12-19,36,650.81,PT15M
2025-12-19,37,699.32,PT15M
2025-12-19,38,687.61,PT15M
2025-12-19,39,642.92,PT15M
2025-12-19,40,580.85,PT15M
2025-12-19,41,652.03,PT15M
2025-12-19,42,603.28,PT15M
2025-12-19,43,594.13,PT15M
2025-12-19,44,573.00,PT15M
2025-12-19,45,583.96,PT15M
2025-12-19,46,585.50,PT15M
2025-12-19,47,563.85,PT15M
2025-12-19,48,549.16,PT15M
2025-12-19,49,569.02,PT15M
2025-12-19,50,556.64,PT15M
2025-12-19,51,568.12,PT15M
2025-12-19,52,566.19,PT15M
2025-12-19,53,562.86,PT15M
2025-12-19,54,569.38,PT15M
2025-12-19,55,600.20,PT15M
2025-12-19,56,628.41,PT15M
2025-12-19,57,581.32,PT15M
2025-12-19,58,670.73,PT15M
2025-12-19,59,702.65,PT15M
2025-12-19,60,841.81,PT15M
2025-12-19,61,675.24,PT15M
2025-12-19,62,742.38,PT15M
2025-12-19,63,1076.46,PT15M
2025-12-19,64,1139.86,PT15M
2025-12-19,65,952.84,PT15M
2025-12-19,66,1410.73,PT15M
2025-12-19,67,1107.26,PT15M
2025-12-19,68,940.72,PT15M
2025-12-19,69,721.31,PT15M
2025-12-19,70,750.00,PT15M
2025-12-19,71,894.46,PT15M
2025-12-19,72,777.03,PT15M
2025-12-19,73,723.99,PT15M
2025-12-19,74,722.18,PT15M
2025-12-19,75,860.71,PT15M
2025-12-19,76,802.69,PT15M
2025-12-19,77,989.04,PT15M
2025-12-19,78,868.24,PT15M
2025-12-19,79,737.01,PT15M
2025-12-19,80,738.70,PT15M
2025-12-19,81,866.34,PT15M
2025-12-19,82,699.30,PT15M
2025-12-19,83,699.29,PT15M
2025-12-19,84,618.29,PT15M
2025-12-19,85,646.58,PT15M
2025-12-19,86,594.26,PT15M
2025-12-19,87,588.75,PT15M
2025-12-19,88,568.22,PT15M
2025-12-19,89,619.80,PT15M
2025-12-19,90,603.95,PT15M
2025-12-19,91,587.04,PT15M
2025-12-19,92,565.40,PT15M
2025-12-19,93,641.87,PT15M
2025-12-19,94,616.37,PT15M
2025-12-19,95,523.50,PT15M
2025-12-19,96,479.60,PT15M
2025-12-19,1,570.08,PT30M
2025-12-19,2,542.26,PT30M
2025-12-19,3,545.47,PT30M
2025-12-19,4,540.79,PT30M
2025-12-19,5,525.30,PT30M
2025-12-19,6,534.84,PT30M
2025-12-19,7,525.69,PT30M
2025-12-19,8,543.69,PT30M
2025-12-19,9,536.98,PT30M
2025-12-19,10,525.48,PT30M
2025-12-19,11,509.25,PT30M
2025-12-19,12,650.63,PT30M
2025-12-19,13,683.17,PT30M
2025-12-19,14,820.19,PT30M
2025-12-19,15,888.08,PT30M
2025-12-19,16,767.50,PT30M
2025-12-19,17,761.20,PT30M
2025-12-19,18,667.77,PT30M
2025-12-19,19,693.46,PT30M
2025-12-19,20,611.88,PT30M
2025-12-19,21,627.65,PT30M
2025-12-19,22,583.56,PT30M
2025-12-19,23,584.73,PT30M
2025-12-19,24,556.51,PT30M
2025-12-19,25,562.83,PT30M
2025-12-19,26,567.15,PT30M
2025-12-19,27,566.12,PT30M
2025-12-19,28,614.31,PT30M
2025-12-19,29,626.02,PT30M
2025-12-19,30,772.23,PT30M
2025-12-19,31,708.81,PT30M
2025-12-19,32,1108.16,PT30M
2025-12-19,33,1181.79,PT30M
2025-12-19,34,1023.99,PT30M
2025-12-19,35,735.66,PT30M
2025-12-19,36,835.74,PT30M
2025-12-19,37,723.09,PT30M
2025-12-19,38,831.70,PT30M
2025-12-19,39,928.64,PT30M
2025-12-19,40,737.86,PT30M
2025-12-19,41,782.82,PT30M
2025-12-19,42,658.79,PT30M
2025-12-19,43,620.42,PT30M
2025-12-19,44,578.49,PT30M
2025-12-19,45,611.87,PT30M
2025-12-19,46,576.22,PT30M
2025-12-19,47,629.12,PT30M
2025-12-19,48,501.55,PT30M
2025-12-19,1,556.17,PT60M
2025-12-19,2,543.13,PT60M
2025-12-19,3,530.07,PT60M
2025-12-19,4,534.69,PT60M
2025-12-19,5,531.23,PT60M
2025-12-19,6,579.94,PT60M
2025-12-19,7,751.68,PT60M
2025-12-19,8,827.79,PT60M
2025-12-19,9,714.49,PT60M
2025-12-19,10,652.67,PT60M
2025-12-19,11,605.61,PT60M
2025-12-19,12,570.62,PT60M
2025-12-19,13,564.99,PT60M
2025-12-19,14,590.21,PT60M
2025-12-19,15,699.13,PT60M
2025-12-19,16,908.49,PT60M
2025-12-19,17,1102.89,PT60M
2025-12-19,18,785.70,PT60M
2025-12-19,19,777.39,PT60M
2025-12-19,20,833.25,PT60M
2025-12-19,21,720.81,PT60M
2025-12-19,22,599.45,PT60M
2025-12-19,23,594.04,PT60M
2025-12-19,24,565.33,PT60M
2025-12-20,1,528.53,PT15M
2025-12-20,2,514.16,PT15M
2025-12-20,3,484.50,PT15M
2025-12-20,4,477.67,PT15M
2025-12-20,5,517.10,PT15M
2025-12-20,6,492.66,PT15M
2025-12-20,7,458.20,PT15M
2025-12-20,8,455.86,PT15M
2025-12-20,9,456.18,PT15M
2025-12-20,10,480.27,PT15M
2025-12-20,11,452.83,PT15M
2025-12-20,12,446.59,PT15M
2025-12-20,13,444.82,PT15M
2025-12-20,14,442.34,PT15M
2025-12-20,15,455.03,PT15M
2025-12-20,16,465.53,PT15M
2025-12-20,17,448.85,PT15M
2025-12-20,18,450.56,PT15M
2025-12-20,19,458.20,PT15M
2025-12-20,20,477.36,PT15M
2025-12-20,21,449.10,PT15M
2025-12-20,22,442.71,PT15M
2025-12-20,23,463.15,PT15M
2025-12-20,24,509.77,PT15M
2025-12-20,25,478.06,PT15M
2025-12-20,26,489.81,PT15M
2025-12-20,27,500.13,PT15M
2025-12-20,28,542.15,PT15M
2025-12-20,29,518.18,PT15M
2025-12-20,30,537.44,PT15M
2025-12-20,31,544.55,PT15M
2025-12-20,32,571.23,PT15M
2025-12-20,33,563.36,PT15M
2025-12-20,34,573.25,PT15M
2025-12-20,35,600.41,PT15M
2025-12-20,36,613.85,PT15M
2025-12-20,37,595.28,PT15M
2025-12-20,38,608.08,PT15M
2025-12-20,39,594.20,PT15M
2025-12-20,40,587.86,PT15M
2025-12-20,41,593.96,PT15M
2025-12-20,42,599.63,PT15M
2025-12-20,43,583.60,PT15M
2025-12-20,44,569.87,PT15M
2025-12-20,45,590.78,PT15M
2025-12-20,46,576.80,PT15M
2025-12-20,47,580.29,PT15M
2025-12-20,48,576.68,PT15M
2025-12-20,49,569.50,PT15M
2025-12-20,50,563.85,PT15M
2025-12-20,51,583.24,PT15M
2025-12-20,52,595.45,PT15M
2025-12-20,53,575.48,PT15M
2025-12-20,54,590.23,PT15M
2025-12-20,55,624.66,PT15M
2025-12-20,56,641.28,PT15M
2025-12-20,57,607.58,PT15M
2025-12-20,58,642.85,PT15M
2025-12-20,59,636.48,PT15M
2025-12-20,60,645.74,PT15M
2025-12-20,61,616.18,PT15M
2025-12-20,62,642.49,PT15M
2025-12-20,63,672.21,PT15M
2025-12-20,64,673.33,PT15M
2025-12-20,65,642.68,PT15M
2025-12-20,66,677.98,PT15M
2025-12-20,67,699.12,PT15M
2025-12-20,68,693.02,PT15M
2025-12-20,69,669.08,PT15M
2025-12-20,70,657.35,PT15M
2025-12-20,71,639.87,PT15M
2025-12-20,72,629.05,PT15M
2025-12-20,73,676.30,PT15M
2025-12-20,74,630.17,PT15M
2025-12-20,75,652.04,PT15M
2025-12-20,76,616.22,PT15M
2025-12-20,77,662.04,PT15M
2025-12-20,78,616.19,PT15M
2025-12-20,79,607.88,PT15M
2025-12-20,80,605.88,PT15M
2025-12-20,81,616.22,PT15M
2025-12-20,82,616.18,PT15M
2025-12-20,83,594.00,PT15M
2025-12-20,84,548.11,PT15M
2025-12-20,85,619.30,PT15M
2025-12-20,86,574.14,PT15M
2025-12-20,87,549.25,PT15M
2025-12-20,88,533.76,PT15M
2025-12-20,89,590.18,PT15M
2025-12-20,90,553.76,PT15M
2025-12-20,91,544.28,PT15M
2025-12-20,92,504.95,PT15M
2025-12-20,93,547.53,PT15M
2025-12-20,94,490.51,PT15M
2025-12-20,95,456.12,PT15M
2025-12-20,96,429.56,PT15M
2025-12-20,1,521.35,PT30M
2025-12-20,2,481.08,PT30M
2025-12-20,3,504.88,PT30M
2025-12-20,4,457.03,PT30M
2025-12-20,5,468.22,PT30M
2025-12-20,6,449.71,PT30M
2025-12-20,7,443.58,PT30M
2025-12-20,8,460.28,PT30M
2025-12-20,9,449.71,PT30M
2025-12-20,10,467.78,PT30M
2025-12-20,11,445.91,PT30M
2025-12-20,12,486.46,PT30M
2025-12-20,13,483.94,PT30M
2025-12-20,14,521.14,PT30M
2025-12-20,15,527.81,PT30M
2025-12-20,16,557.89,PT30M
2025-12-20,17,568.30,PT30M
2025-12-20,18,607.13,PT30M
2025-12-20,19,601.68,PT30M
2025-12-20,20,591.03,PT30M
2025-12-20,21,596.79,PT30M
2025-12-20,22,576.73,PT30M
2025-12-20,23,583.79,PT30M
2025-12-20,24,578.48,PT30M
2025-12-20,25,566.67,PT30M
2025-12-20,26,589.35,PT30M
2025-12-20,27,582.86,PT30M
2025-12-20,28,632.97,PT30M
2025-12-20,29,625.21,PT30M
2025-12-20,30,641.11,PT30M
2025-12-20,31,629.34,PT30M
2025-12-20,32,672.77,PT30M
2025-12-20,33,660.33,PT30M
2025-12-20,34,696.07,PT30M
2025-12-20,35,663.21,PT30M
2025-12-20,36,634.46,PT30M
2025-12-20,37,653.24,PT30M
2025-12-20,38,634.13,PT30M
2025-12-20,39,639.11,PT30M
2025-12-20,40,606.88,PT30M
2025-12-20,41,616.20,PT30M
2025-12-20,42,571.06,PT30M
2025-12-20,43,596.72,PT30M
2025-12-20,44,541.51,PT30M
2025-12-20,45,571.97,PT30M
2025-12-20,46,524.61,PT30M
2025-12-20,47,519.02,PT30M
2025-12-20,48,442.84,PT30M
2025-12-20,1,501.21,PT60M
2025-12-20,2,480.96,PT60M
2025-12-20,3,458.97,PT60M
2025-12-20,4,451.93,PT60M
2025-12-20,5,458.74,PT60M
2025-12-20,6,466.19,PT60M
2025-12-20,7,502.54,PT60M
2025-12-20,8,542.85,PT60M
2025-12-20,9,587.72,PT60M
2025-12-20,10,596.35,PT60M
2025-12-20,11,586.76,PT60M
2025-12-20,12,581.14,PT60M
2025-12-20,13,578.01,PT60M
2025-12-20,14,607.91,PT60M
2025-12-20,15,633.16,PT60M
2025-12-20,16,651.05,PT60M
2025-12-20,17,678.20,PT60M
2025-12-20,18,648.84,PT60M
2025-12-20,19,643.68,PT60M
2025-12-20,20,623.00,PT60M
2025-12-20,21,593.63,PT60M
2025-12-20,22,569.11,PT60M
2025-12-20,23,548.29,PT60M
2025-12-20,24,480.93,PT60M
2025-12-21,1,544.17,PT15M
2025-12-21,2,514.34,PT15M
2025-12-21,3,494.22,PT15M
2025-12-21,4,465.02,PT15M
2025-12-21,5,517.29,PT15M
2025-12-21,6,468.45,PT15M
2025-12-21,7,449.50,PT15M
2025-12-21,8,444.29,PT15M
2025-12-21,9,474.38,PT15M
2025-12-21,10,458.33,PT15M
2025-12-21,11,453.56,PT15M
2025-12-21,12,463.10,PT15M
2025-12-21,13,453.35,PT15M
2025-12-21,14,473.58,PT15M
2025-12-21,15,472.11,PT15M
2025-12-21,16,450.55,PT15M
2025-12-21,17,453.86,PT15M
2025-12-21,18,448.58,PT15M
2025-12-21,19,462.60,PT15M
2025-12-21,20,455.73,PT15M
2025-12-21,21,464.92,PT15M
2025-12-21,22,459.78,PT15M
2025-12-21,23,462.44,PT15M
2025-12-21,24,460.50,PT15M
2025-12-21,25,447.36,PT15M
2025-12-21,26,474.52,PT15M
2025-12-21,27,483.67,PT15M
2025-12-21,28,504.07,PT15M
2025-12-21,29,485.80,PT15M
2025-12-21,30,504.63,PT15M
2025-12-21,31,521.99,PT15M
2025-12-21,32,530.32,PT15M
2025-12-21,33,517.40,PT15M
2025-12-21,34,536.17,PT15M
2025-12-21,35,539.38,PT15M
2025-12-21,36,544.83,PT15M
2025-12-21,37,556.90,PT15M
2025-12-21,38,574.86,PT15M
2025-12-21,39,560.80,PT15M
2025-12-21,40,560.09,PT15M
2025-12-21,41,584.95,PT15M
2025-12-21,42,569.14,PT15M
2025-12-21,43,552.83,PT15M
2025-12-21,44,537.86,PT15M
2025-12-21,45,565.52,PT15M
2025-12-21,46,563.88,PT15M
2025-12-21,47,552.72,PT15M
2025-12-21,48,548.92,PT15M
2025-12-21,49,559.61,PT15M
2025-12-21,50,551.29,PT15M
2025-12-21,51,546.78,PT15M
2025-12-21,52,548.92,PT15M
2025-12-21,53,557.85,PT15M
2025-12-21,54,557.90,PT15M
2025-12-21,55,546.70,PT15M
2025-12-21,56,583.53,PT15M
2025-12-21,57,550.04,PT15M
2025-12-21,58,556.94,PT15M
2025-12-21,59,570.54,PT15M
2025-12-21,60,643.47,PT15M
2025-12-21,61,557.92,PT15M
2025-12-21,62,577.51,PT15M
2025-12-21,63,585.31,PT15M
2025-12-21,64,607.21,PT15M
2025-12-21,65,572.49,PT15M
2025-12-21,66,580.61,PT15M
2025-12-21,67,608.01,PT15M
2025-12-21,68,645.69,PT15M
2025-12-21,69,608.02,PT15M
2025-12-21,70,612.50,PT15M
2025-12-21,71,612.29,PT15M
2025-12-21,72,634.93,PT15M
2025-12-21,73,596.63,PT15M
2025-12-21,74,608.75,PT15M
2025-12-21,75,617.95,PT15M
2025-12-21,76,651.55,PT15M
2025-12-21,77,616.34,PT15M
2025-12-21,78,647.90,PT15M
2025-12-21,79,621.22,PT15M
2025-12-21,80,589.36,PT15M
2025-12-21,81,622.42,PT15M
2025-12-21,82,616.00,PT15M
2025-12-21,83,588.36,PT15M
2025-12-21,84,559.79,PT15M
2025-12-21,85,632.26,PT15M
2025-12-21,86,616.02,PT15M
2025-12-21,87,572.35,PT15M
2025-12-21,88,556.68,PT15M
2025-12-21,89,568.87,PT15M
2025-12-21,90,567.82,PT15M
2025-12-21,91,520.48,PT15M
2025-12-21,92,502.45,PT15M
2025-12-21,93,533.61,PT15M
2025-12-21,94,502.00,PT15M
2025-12-21,95,480.79,PT15M
2025-12-21,96,437.85,PT15M
2025-12-21,1,529.25,PT30M
2025-12-21,2,479.62,PT30M
2025-12-21,3,492.87,PT30M
2025-12-21,4,446.89,PT30M
2025-12-21,5,466.36,PT30M
2025-12-21,6,458.33,PT30M
2025-12-21,7,463.46,PT30M
2025-12-21,8,461.33,PT30M
2025-12-21,9,451.22,PT30M
2025-12-21,10,459.17,PT30M
2025-12-21,11,462.35,PT30M
2025-12-21,12,461.47,PT30M
2025-12-21,13,460.94,PT30M
2025-12-21,14,493.87,PT30M
2025-12-21,15,495.22,PT30M
2025-12-21,16,526.15,PT30M
2025-12-21,17,526.78,PT30M
2025-12-21,18,542.10,PT30M
2025-12-21,19,565.88,PT30M
2025-12-21,20,560.44,PT30M
2025-12-21,21,577.05,PT30M
2025-12-21,22,545.34,PT30M
2025-12-21,23,564.70,PT30M
2025-12-21,24,550.82,PT30M
2025-12-21,25,555.45,PT30M
2025-12-21,26,547.85,PT30M
2025-12-21,27,557.88,PT30M
2025-12-21,28,565.12,PT30M
2025-12-21,29,553.49,PT30M
2025-12-21,30,607.01,PT30M
2025-12-21,31,567.71,PT30M
2025-12-21,32,596.26,PT30M
2025-12-21,33,576.55,PT30M
2025-12-21,34,626.85,PT30M
2025-12-21,35,610.26,PT30M
2025-12-21,36,623.61,PT30M
2025-12-21,37,602.69,PT30M
2025-12-21,38,634.75,PT30M
2025-12-21,39,632.12,PT30M
2025-12-21,40,605.29,PT30M
2025-12-21,41,619.21,PT30M
2025-12-21,42,574.07,PT30M
2025-12-21,43,624.14,PT30M
2025-12-21,44,564.52,PT30M
2025-12-21,45,568.35,PT30M
2025-12-21,46,511.46,PT30M
2025-12-21,47,517.81,PT30M
2025-12-21,48,459.32,PT30M
2025-12-21,1,504.44,PT60M
2025-12-21,2,469.88,PT60M
2025-12-21,3,462.34,PT60M
2025-12-21,4,462.40,PT60M
2025-12-21,5,455.19,PT60M
2025-12-21,6,461.91,PT60M
2025-12-21,7,477.40,PT60M
2025-12-21,8,510.69,PT60M
2025-12-21,9,534.44,PT60M
2025-12-21,10,563.16,PT60M
2025-12-21,11,561.20,PT60M
2025-12-21,12,557.76,PT60M
2025-12-21,13,551.65,PT60M
2025-12-21,14,561.50,PT60M
2025-12-21,15,580.25,PT60M
2025-12-21,16,581.99,PT60M
2025-12-21,17,601.70,PT60M
2025-12-21,18,616.94,PT60M
2025-12-21,19,618.72,PT60M
2025-12-21,20,618.70,PT60M
2025-12-21,21,596.64,PT60M
2025-12-21,22,594.33,PT60M
2025-12-21,23,539.91,PT60M
2025-12-21,24,488.56,PT60M
2025-12-22,1,494.98,PT15M
2025-12-22,2,474.13,PT15M
2025-12-22,3,454.80,PT15M
2025-12-22,4,438.02,PT15M
2025-12-22,5,447.20,PT15M
2025-12-22,6,450.44,PT15M
2025-12-22,7,453.67,PT15M
2025-12-22,8,451.94,PT15M
2025-12-22,9,462.24,PT15M
2025-12-22,10,447.06,PT15M
2025-12-22,11,448.42,PT15M
2025-12-22,12,441.17,PT15M
2025-12-22,13,436.45,PT15M
2025-12-22,14,435.53,PT15M
2025-12-22,15,436.48,PT15M
2025-12-22,16,439.11,PT15M
2025-12-22,17,447.66,PT15M
2025-12-22,18,446.02,PT15M
2025-12-22,19,447.35,PT15M
2025-12-22,20,477.16,PT15M
2025-12-22,21,449.97,PT15M
2025-12-22,22,486.66,PT15M
2025-12-22,23,509.17,PT15M
2025-12-22,24,541.10,PT15M
2025-12-22,25,488.94,PT15M
2025-12-22,26,533.78,PT15M
2025-12-22,27,548.49,PT15M
2025-12-22,28,667.00,PT15M
2025-12-22,29,698.91,PT15M
2025-12-22,30,762.26,PT15M
2025-12-22,31,710.74,PT15M
2025-12-22,32,678.30,PT15M
2025-12-22,33,1086.15,PT15M
2025-12-22,34,699.00,PT15M
2025-12-22,35,749.92,PT15M
2025-12-22,36,664.93,PT15M
2025-12-22,37,699.00,PT15M
2025-12-22,38,1500.00,PT15M
2025-12-22,39,735.16,PT15M
2025-12-22,40,699.00,PT15M
2025-12-22,41,918.66,PT15M
2025-12-22,42,716.01,PT15M
2025-12-22,43,937.07,PT15M
2025-12-22,44,729.77,PT15M
2025-12-22,45,726.98,PT15M
2025-12-22,46,835.90,PT15M
2025-12-22,47,738.94,PT15M
2025-12-22,48,840.85,PT15M
2025-12-22,49,907.10,PT15M
2025-12-22,50,1000.00,PT15M
2025-12-22,51,1123.18,PT15M
2025-12-22,52,1000.00,PT15M
2025-12-22,53,1000.00,PT15M
2025-12-22,54,633.75,PT15M
2025-12-22,55,849.85,PT15M
2025-12-22,56,1142.49,PT15M
2025-12-22,57,610.01,PT15M
2025-12-22,58,649.65,PT15M
2025-12-22,59,1526.85,PT15M
2025-12-22,60,788.82,PT15M
2025-12-22,61,1451.00,PT15M
2025-12-22,62,698.93,PT15M
2025-12-22,63,698.92,PT15M
2025-12-22,64,735.52,PT15M
2025-12-22,65,698.95,PT15M
2025-12-22,66,701.56,PT15M
2025-12-22,67,745.66,PT15M
2025-12-22,68,805.94,PT15M
2025-12-22,69,698.95,PT15M
2025-12-22,70,700.72,PT15M
2025-12-22,71,708.29,PT15M
2025-12-22,72,966.16,PT15M
2025-12-22,73,674.98,PT15M
2025-12-22,74,698.91,PT15M
2025-12-22,75,698.94,PT15M
2025-12-22,76,777.48,PT15M
2025-12-22,77,738.35,PT15M
2025-12-22,78,735.81,PT15M
2025-12-22,79,698.93,PT15M
2025-12-22,80,697.43,PT15M
2025-12-22,81,675.61,PT15M
2025-12-22,82,630.67,PT15M
2025-12-22,83,599.34,PT15M
2025-12-22,84,569.71,PT15M
2025-12-22,85,698.91,PT15M
2025-12-22,86,633.87,PT15M
2025-12-22,87,574.19,PT15M
2025-12-22,88,509.05,PT15M
2025-12-22,89,584.83,PT15M
2025-12-22,90,554.90,PT15M
2025-12-22,91,499.08,PT15M
2025-12-22,92,477.38,PT15M
2025-12-22,93,532.47,PT15M
2025-12-22,94,479.67,PT15M
2025-12-22,95,445.37,PT15M
2025-12-22,96,419.89,PT15M
2025-12-22,1,484.56,PT30M
2025-12-22,2,446.41,PT30M
2025-12-22,3,448.82,PT30M
2025-12-22,4,452.80,PT30M
2025-12-22,5,454.65,PT30M
2025-12-22,6,444.80,PT30M
2025-12-22,7,435.99,PT30M
2025-12-22,8,437.80,PT30M
2025-12-22,9,446.84,PT30M
2025-12-22,10,462.25,PT30M
2025-12-22,11,468.31,PT30M
2025-12-22,12,525.14,PT30M
2025-12-22,13,511.36,PT30M
2025-12-22,14,607.74,PT30M
2025-12-22,15,730.59,PT30M
2025-12-22,16,694.52,PT30M
2025-12-22,17,892.57,PT30M
2025-12-22,18,707.43,PT30M
2025-12-22,19,1099.50,PT30M
2025-12-22,20,717.08,PT30M
2025-12-22,21,817.33,PT30M
2025-12-22,22,833.42,PT30M
2025-12-22,23,781.44,PT30M
2025-12-22,24,789.90,PT30M
2025-12-22,25,953.55,PT30M
2025-12-22,26,1061.59,PT30M
2025-12-22,27,816.88,PT30M
2025-12-22,28,996.17,PT30M
2025-12-22,29,629.83,PT30M
2025-12-22,30,1157.83,PT30M
2025-12-22,31,1074.96,PT30M
2025-12-22,32,717.22,PT30M
2025-12-22,33,700.25,PT30M
2025-12-22,34,775.80,PT30M
2025-12-22,35,699.83,PT30M
2025-12-22,36,837.23,PT30M
2025-12-22,37,686.94,PT30M
2025-12-22,38,738.21,PT30M
2025-12-22,39,737.08,PT30M
2025-12-22,40,698.18,PT30M
2025-12-22,41,653.14,PT30M
2025-12-22,42,584.53,PT30M
2025-12-22,43,666.39,PT30M
2025-12-22,44,541.62,PT30M
2025-12-22,45,569.87,PT30M
2025-12-22,46,488.23,PT30M
2025-12-22,47,506.07,PT30M
2025-12-22,48,432.63,PT30M
2025-12-22,1,465.48,PT60M
2025-12-22,2,450.81,PT60M
2025-12-22,3,449.72,PT60M
2025-12-22,4,436.89,PT60M
2025-12-22,5,454.55,PT60M
2025-12-22,6,496.72,PT60M
2025-12-22,7,559.55,PT60M
2025-12-22,8,712.55,PT60M
2025-12-22,9,800.00,PT60M
2025-12-22,10,908.29,PT60M
2025-12-22,11,825.38,PT60M
2025-12-22,12,785.67,PT60M
2025-12-22,13,1007.57,PT60M
2025-12-22,14,906.52,PT60M
2025-12-22,15,893.83,PT60M
2025-12-22,16,896.09,PT60M
2025-12-22,17,738.03,PT60M
2025-12-22,18,768.53,PT60M
2025-12-22,19,712.58,PT60M
2025-12-22,20,717.63,PT60M
2025-12-22,21,618.83,PT60M
2025-12-22,22,604.01,PT60M
2025-12-22,23,529.05,PT60M
2025-12-22,24,469.35,PT60M
2025-12-23,1,430.18,PT15M
2025-12-23,2,425.91,PT15M
2025-12-23,3,410.09,PT15M
2025-12-23,4,413.12,PT15M
2025-12-23,5,427.74,PT15M
2025-12-23,6,408.63,PT15M
2025-12-23,7,438.38,PT15M
2025-12-23,8,427.71,PT15M
2025-12-23,9,424.09,PT15M
2025-12-23,10,428.32,PT15M
2025-12-23,11,423.76,PT15M
2025-12-23,12,423.67,PT15M
2025-12-23,13,410.73,PT15M
2025-12-23,14,411.62,PT15M
2025-12-23,15,424.03,PT15M
2025-12-23,16,423.68,PT15M
2025-12-23,17,427.63,PT15M
2025-12-23,18,425.57,PT15M
2025-12-23,19,411.99,PT15M
2025-12-23,20,429.64,PT15M
2025-12-23,21,424.60,PT15M
2025-12-23,22,479.95,PT15M
2025-12-23,23,505.31,PT15M
2025-12-23,24,640.23,PT15M
2025-12-23,25,485.34,PT15M
2025-12-23,26,510.51,PT15M
2025-12-23,27,569.14,PT15M
2025-12-23,28,639.01,PT15M
2025-12-23,29,621.60,PT15M
2025-12-23,30,646.88,PT15M
2025-12-23,31,698.93,PT15M
2025-12-23,32,698.94,PT15M
2025-12-23,33,853.58,PT15M
2025-12-23,34,707.52,PT15M
2025-12-23,35,849.86,PT15M
2025-12-23,36,642.88,PT15M
2025-12-23,37,662.67,PT15M
2025-12-23,38,633.44,PT15M
2025-12-23,39,604.23,PT15M
2025-12-23,40,601.91,PT15M
2025-12-23,41,647.92,PT15M
2025-12-23,42,606.17,PT15M
2025-12-23,43,603.58,PT15M
2025-12-23,44,603.51,PT15M
2025-12-23,45,587.91,PT15M
2025-12-23,46,596.84,PT15M
2025-12-23,47,646.22,PT15M
2025-12-23,48,594.52,PT15M
2025-12-23,49,615.15,PT15M
2025-12-23,50,580.37,PT15M
2025-12-23,51,581.20,PT15M
2025-12-23,52,611.31,PT15M
2025-12-23,53,605.45,PT15M
2025-12-23,54,587.21,PT15M
2025-12-23,55,582.72,PT15M
2025-12-23,56,597.30,PT15M
2025-12-23,57,570.29,PT15M
2025-12-23,58,601.93,PT15M
2025-12-23,59,639.39,PT15M
2025-12-23,60,658.03,PT15M
2025-12-23,61,663.33,PT15M
2025-12-23,62,843.14,PT15M
2025-12-23,63,851.49,PT15M
2025-12-23,64,716.23,PT15M
2025-12-23,65,707.52,PT15M
2025-12-23,66,787.41,PT15M
2025-12-23,67,793.47,PT15M
2025-12-23,68,911.60,PT15M
2025-12-23,69,884.40,PT15M
2025-12-23,70,916.16,PT15M
2025-12-23,71,1022.50,PT15M
2025-12-23,72,698.95,PT15M
2025-12-23,73,698.94,PT15M
2025-12-23,74,698.94,PT15M
2025-12-23,75,817.95,PT15M
2025-12-23,76,970.08,PT15M
2025-12-23,77,814.84,PT15M
2025-12-23,78,820.69,PT15M
2025-12-23,79,698.94,PT15M
2025-12-23,80,698.92,PT15M
2025-12-23,81,747.33,PT15M
2025-12-23,82,700.23,PT15M
2025-12-23,83,636.24,PT15M
2025-12-23,84,563.99,PT15M
2025-12-23,85,651.77,PT15M
2025-12-23,86,597.19,PT15M
2025-12-23,87,529.09,PT15M
2025-12-23,88,503.51,PT15M
2025-12-23,89,586.27,PT15M
2025-12-23,90,559.50,PT15M
2025-12-23,91,641.19,PT15M
2025-12-23,92,509.26,PT15M
2025-12-23,93,563.76,PT15M
2025-12-23,94,496.21,PT15M
2025-12-23,95,462.41,PT15M
2025-12-23,96,435.91,PT15M
2025-12-23,1,428.04,PT30M
2025-12-23,2,411.61,PT30M
2025-12-23,3,418.19,PT30M
2025-12-23,4,433.04,PT30M
2025-12-23,5,426.21,PT30M
2025-12-23,6,423.72,PT30M
2025-12-23,7,411.17,PT30M
2025-12-23,8,423.85,PT30M
2025-12-23,9,426.60,PT30M
2025-12-23,10,420.82,PT30M
2025-12-23,11,452.28,PT30M
2025-12-23,12,572.77,PT30M
2025-12-23,13,497.92,PT30M
2025-12-23,14,604.08,PT30M
2025-12-23,15,634.24,PT30M
2025-12-23,16,698.93,PT30M
2025-12-23,17,780.55,PT30M
2025-12-23,18,746.37,PT30M
2025-12-23,19,648.06,PT30M
2025-12-23,20,603.07,PT30M
2025-12-23,21,627.04,PT30M
2025-12-23,22,603.54,PT30M
2025-12-23,23,592.37,PT30M
2025-12-23,24,620.37,PT30M
2025-12-23,25,597.76,PT30M
2025-12-23,26,596.26,PT30M
2025-12-23,27,596.33,PT30M
2025-12-23,28,590.01,PT30M
2025-12-23,29,586.11,PT30M
2025-12-23,30,648.71,PT30M
2025-12-23,31,753.24,PT30M
2025-12-23,32,783.86,PT30M
2025-12-23,33,747.47,PT30M
2025-12-23,34,852.53,PT30M
2025-12-23,35,900.28,PT30M
2025-12-23,36,860.73,PT30M
2025-12-23,37,698.94,PT30M
2025-12-23,38,894.01,PT30M
2025-12-23,39,817.77,PT30M
2025-12-23,40,698.93,PT30M
2025-12-23,41,723.78,PT30M
2025-12-23,42,600.11,PT30M
2025-12-23,43,624.48,PT30M
2025-12-23,44,516.30,PT30M
2025-12-23,45,572.89,PT30M
2025-12-23,46,575.22,PT30M
2025-12-23,47,529.98,PT30M
2025-12-23,48,449.16,PT30M
2025-12-23,1,419.83,PT60M
2025-12-23,2,425.61,PT60M
2025-12-23,3,424.96,PT60M
2025-12-23,4,417.51,PT60M
2025-12-23,5,423.71,PT60M
2025-12-23,6,512.52,PT60M
2025-12-23,7,551.00,PT60M
2025-12-23,8,666.59,PT60M
2025-12-23,9,763.46,PT60M
2025-12-23,10,625.56,PT60M
2025-12-23,11,615.29,PT60M
2025-12-23,12,606.37,PT60M
2025-12-23,13,597.01,PT60M
2025-12-23,14,593.17,PT60M
2025-12-23,15,617.41,PT60M
2025-12-23,16,768.55,PT60M
2025-12-23,17,800.00,PT60M
2025-12-23,18,880.50,PT60M
2025-12-23,19,796.48,PT60M
2025-12-23,20,758.35,PT60M
2025-12-23,21,661.95,PT60M
2025-12-23,22,570.39,PT60M
2025-12-23,23,574.06,PT60M
2025-12-23,24,489.57,PT60M
2025-12-24,1,547.00,PT15M
2025-12-24,2,495.48,PT15M
2025-12-24,3,468.45,PT15M
2025-12-24,4,429.49,PT15M
2025-12-24,5,477.40,PT15M
2025-12-24,6,455.28,PT15M
2025-12-24,7,431.32,PT15M
2025-12-24,8,428.59,PT15M
2025-12-24,9,431.76,PT15M
2025-12-24,10,458.34,PT15M
2025-12-24,11,429.16,PT15M
2025-12-24,12,429.44,PT15M
2025-12-24,13,408.15,PT15M
2025-12-24,14,407.05,PT15M
2025-12-24,15,407.05,PT15M
2025-12-24,16,390.38,PT15M
2025-12-24,17,407.05,PT15M
2025-12-24,18,407.05,PT15M
2025-12-24,19,407.05,PT15M
2025-12-24,20,407.05,PT15M
2025-12-24,21,402.96,PT15M
2025-12-24,22,407.05,PT15M
2025-12-24,23,457.44,PT15M
2025-12-24,24,493.10,PT15M
2025-12-24,25,484.83,PT15M
2025-12-24,26,500.90,PT15M
2025-12-24,27,528.96,PT15M
2025-12-24,28,570.62,PT15M
2025-12-24,29,528.92,PT15M
2025-12-24,30,560.86,PT15M
2025-12-24,31,573.24,PT15M
2025-12-24,32,669.95,PT15M
2025-12-24,33,698.75,PT15M
2025-12-24,34,698.72,PT15M
2025-12-24,35,734.94,PT15M
2025-12-24,36,698.73,PT15M
2025-12-24,37,657.08,PT15M
2025-12-24,38,647.50,PT15M
2025-12-24,39,622.10,PT15M
2025-12-24,40,576.72,PT15M
2025-12-24,41,698.72,PT15M
2025-12-24,42,698.73,PT15M
2025-12-24,43,779.96,PT15M
2025-12-24,44,779.96,PT15M
2025-12-24,45,779.96,PT15M
2025-12-24,46,779.96,PT15M
2025-12-24,47,779.96,PT15M
2025-12-24,48,779.96,PT15M
2025-12-24,49,779.97,PT15M
2025-12-24,50,779.97,PT15M
2025-12-24,51,779.97,PT15M
2025-12-24,52,779.96,PT15M
2025-12-24,53,698.73,PT15M
2025-12-24,54,695.55,PT15M
2025-12-24,55,698.71,PT15M
2025-12-24,56,698.70,PT15M
2025-12-24,57,646.51,PT15M
2025-12-24,58,603.96,PT15M
2025-12-24,59,666.34,PT15M
2025-12-24,60,653.59,PT15M
2025-12-24,61,528.92,PT15M
2025-12-24,62,568.54,PT15M
2025-12-24,63,608.02,PT15M
2025-12-24,64,655.40,PT15M
2025-12-24,65,558.52,PT15M
2025-12-24,66,622.60,PT15M
2025-12-24,67,622.69,PT15M
2025-12-24,68,560.22,PT15M
2025-12-24,69,627.60,PT15M
2025-12-24,70,638.97,PT15M
2025-12-24,71,572.41,PT15M
2025-12-24,72,528.93,PT15M
2025-12-24,73,542.19,PT15M
2025-12-24,74,489.66,PT15M
2025-12-24,75,481.80,PT15M
2025-12-24,76,483.48,PT15M
2025-12-24,77,528.24,PT15M
2025-12-24,78,493.50,PT15M
2025-12-24,79,491.37,PT15M
2025-12-24,80,484.03,PT15M
2025-12-24,81,484.39,PT15M
2025-12-24,82,475.25,PT15M
2025-12-24,83,455.46,PT15M
2025-12-24,84,440.23,PT15M
2025-12-24,85,461.89,PT15M
2025-12-24,86,453.65,PT15M
2025-12-24,87,434.37,PT15M
2025-12-24,88,397.50,PT15M
2025-12-24,89,480.05,PT15M
2025-12-24,90,443.22,PT15M
2025-12-24,91,386.92,PT15M
2025-12-24,92,352.58,PT15M
2025-12-24,93,371.87,PT15M
2025-12-24,94,374.01,PT15M
2025-12-24,95,341.57,PT15M
2025-12-24,96,284.35,PT15M
2025-12-24,1,521.24,PT30M
2025-12-24,2,448.97,PT30M
2025-12-24,3,466.34,PT30M
2025-12-24,4,429.95,PT30M
2025-12-24,5,445.05,PT30M
2025-12-24,6,429.30,PT30M
2025-12-24,7,407.60,PT30M
2025-12-24,8,398.72,PT30M
2025-12-24,9,407.05,PT30M
2025-12-24,10,407.05,PT30M
2025-12-24,11,405.01,PT30M
2025-12-24,12,475.27,PT30M
2025-12-24,13,492.86,PT30M
2025-12-24,14,549.79,PT30M
2025-12-24,15,544.89,PT30M
2025-12-24,16,621.60,PT30M
2025-12-24,17,698.73,PT30M
2025-12-24,18,716.84,PT30M
2025-12-24,19,652.29,PT30M
2025-12-24,20,599.41,PT30M
2025-12-24,21,698.73,PT30M
2025-12-24,22,779.96,PT30M
2025-12-24,23,779.96,PT30M
2025-12-24,24,779.96,PT30M
2025-12-24,25,779.97,PT30M
2025-12-24,26,779.97,PT30M
2025-12-24,27,697.14,PT30M
2025-12-24,28,698.70,PT30M
2025-12-24,29,625.23,PT30M
2025-12-24,30,659.96,PT30M
2025-12-24,31,548.73,PT30M
2025-12-24,32,631.71,PT30M
2025-12-24,33,590.56,PT30M
2025-12-24,34,591.45,PT30M
2025-12-24,35,633.28,PT30M
2025-12-24,36,550.67,PT30M
2025-12-24,37,515.92,PT30M
2025-12-24,38,482.64,PT30M
2025-12-24,39,510.87,PT30M
2025-12-24,40,487.70,PT30M
2025-12-24,41,479.82,PT30M
2025-12-24,42,447.84,PT30M
2025-12-24,43,457.77,PT30M
2025-12-24,44,415.94,PT30M
2025-12-24,45,461.63,PT30M
2025-12-24,46,369.75,PT30M
2025-12-24,47,372.94,PT30M
2025-12-24,48,312.96,PT30M
2025-12-24,1,485.11,PT60M
2025-12-24,2,448.15,PT60M
2025-12-24,3,437.17,PT60M
2025-12-24,4,403.16,PT60M
2025-12-24,5,407.05,PT60M
2025-12-24,6,440.14,PT60M
2025-12-24,7,521.33,PT60M
2025-12-24,8,583.24,PT60M
2025-12-24,9,707.78,PT60M
2025-12-24,10,625.85,PT60M
2025-12-24,11,739.34,PT60M
2025-12-24,12,779.96,PT60M
2025-12-24,13,779.97,PT60M
2025-12-24,14,697.92,PT60M
2025-12-24,15,642.60,PT60M
2025-12-24,16,590.22,PT60M
2025-12-24,17,591.01,PT60M
2025-12-24,18,591.98,PT60M
2025-12-24,19,499.28,PT60M
2025-12-24,20,499.29,PT60M
2025-12-24,21,463.83,PT60M
2025-12-24,22,436.85,PT60M
2025-12-24,23,415.69,PT60M
2025-12-24,24,342.95,PT60M
2025-12-25,1,377.34,PT15M
2025-12-25,2,349.99,PT15M
2025-12-25,3,391.40,PT15M
2025-12-25,4,398.22,PT15M
2025-12-25,5,338.38,PT15M
2025-12-25,6,349.99,PT15M
2025-12-25,7,349.99,PT15M
2025-12-25,8,303.66,PT15M
2025-12-25,9,349.99,PT15M
2025-12-25,10,335.98,PT15M
2025-12-25,11,349.99,PT15M
2025-12-25,12,299.56,PT15M
2025-12-25,13,348.36,PT15M
2025-12-25,14,370.48,PT15M
2025-12-25,15,384.16,PT15M
2025-12-25,16,319.99,PT15M
2025-12-25,17,319.99,PT15M
2025-12-25,18,335.19,PT15M
2025-12-25,19,323.90,PT15M
2025-12-25,20,347.67,PT15M
2025-12-25,21,317.89,PT15M
2025-12-25,22,366.63,PT15M
2025-12-25,23,384.53,PT15M
2025-12-25,24,407.26,PT15M
2025-12-25,25,338.05,PT15M
2025-12-25,26,290.47,PT15M
2025-12-25,27,350.94,PT15M
2025-12-25,28,374.99,PT15M
2025-12-25,29,240.99,PT15M
2025-12-25,30,407.26,PT15M
2025-12-25,31,429.99,PT15M
2025-12-25,32,460.42,PT15M
2025-12-25,33,399.99,PT15M
2025-12-25,34,405.67,PT15M
2025-12-25,35,421.58,PT15M
2025-12-25,36,422.13,PT15M
2025-12-25,37,431.91,PT15M
2025-12-25,38,424.44,PT15M
2025-12-25,39,404.25,PT15M
2025-12-25,40,389.92,PT15M
2025-12-25,41,405.01,PT15M
2025-12-25,42,399.99,PT15M
2025-12-25,43,399.65,PT15M
2025-12-25,44,389.95,PT15M
2025-12-25,45,404.02,PT15M
2025-12-25,46,400.24,PT15M
2025-12-25,47,385.45,PT15M
2025-12-25,48,361.98,PT15M
2025-12-25,49,418.17,PT15M
2025-12-25,50,400.81,PT15M
2025-12-25,51,389.91,PT15M
2025-12-25,52,369.72,PT15M
2025-12-25,53,410.97,PT15M
2025-12-25,54,407.94,PT15M
2025-12-25,55,408.32,PT15M
2025-12-25,56,428.22,PT15M
2025-12-25,57,334.79,PT15M
2025-12-25,58,433.88,PT15M
2025-12-25,59,459.93,PT15M
2025-12-25,60,537.96,PT15M
2025-12-25,61,454.03,PT15M
2025-12-25,62,496.54,PT15M
2025-12-25,63,546.05,PT15M
2025-12-25,64,559.43,PT15M
2025-12-25,65,510.49,PT15M
2025-12-25,66,521.87,PT15M
2025-12-25,67,553.74,PT15M
2025-12-25,68,554.90,PT15M
2025-12-25,69,529.19,PT15M
2025-12-25,70,529.22,PT15M
2025-12-25,71,558.97,PT15M
2025-12-25,72,532.94,PT15M
2025-12-25,73,537.31,PT15M
2025-12-25,74,533.94,PT15M
2025-12-25,75,569.89,PT15M
2025-12-25,76,541.13,PT15M
2025-12-25,77,546.76,PT15M
2025-12-25,78,529.24,PT15M
2025-12-25,79,541.80,PT15M
2025-12-25,80,599.33,PT15M
2025-12-25,81,598.15,PT15M
2025-12-25,82,572.66,PT15M
2025-12-25,83,557.14,PT15M
2025-12-25,84,529.23,PT15M
2025-12-25,85,595.40,PT15M
2025-12-25,86,545.76,PT15M
2025-12-25,87,533.64,PT15M
2025-12-25,88,529.20,PT15M
2025-12-25,89,606.62,PT15M
2025-12-25,90,551.26,PT15M
2025-12-25,91,508.39,PT15M
2025-12-25,92,473.77,PT15M
2025-12-25,93,563.97,PT15M
2025-12-25,94,489.55,PT15M
2025-12-25,95,460.87,PT15M
2025-12-25,96,448.02,PT15M
2025-12-25,1,363.67,PT30M
2025-12-25,2,394.81,PT30M
2025-12-25,3,344.19,PT30M
2025-12-25,4,326.82,PT30M
2025-12-25,5,342.98,PT30M
2025-12-25,6,324.77,PT30M
2025-12-25,7,359.42,PT30M
2025-12-25,8,352.08,PT30M
2025-12-25,9,327.59,PT30M
2025-12-25,10,335.78,PT30M
2025-12-25,11,342.26,PT30M
2025-12-25,12,395.89,PT30M
2025-12-25,13,314.26,PT30M
2025-12-25,14,362.96,PT30M
2025-12-25,15,324.13,PT30M
2025-12-25,16,445.20,PT30M
2025-12-25,17,402.83,PT30M
2025-12-25,18,421.85,PT30M
2025-12-25,19,428.17,PT30M
2025-12-25,20,397.09,PT30M
2025-12-25,21,402.50,PT30M
2025-12-25,22,394.80,PT30M
2025-12-25,23,402.13,PT30M
2025-12-25,24,373.71,PT30M
2025-12-25,25,409.49,PT30M
2025-12-25,26,379.82,PT30M
2025-12-25,27,409.45,PT30M
2025-12-25,28,418.27,PT30M
2025-12-25,29,384.33,PT30M
2025-12-25,30,498.95,PT30M
2025-12-25,31,475.28,PT30M
2025-12-25,32,552.74,PT30M
2025-12-25,33,516.18,PT30M
2025-12-25,34,554.32,PT30M
2025-12-25,35,529.20,PT30M
2025-12-25,36,545.95,PT30M
2025-12-25,37,535.62,PT30M
2025-12-25,38,555.51,PT30M
2025-12-25,39,538.00,PT30M
2025-12-25,40,570.57,PT30M
2025-12-25,41,585.40,PT30M
2025-12-25,42,543.18,PT30M
2025-12-25,43,570.58,PT30M
2025-12-25,44,531.42,PT30M
2025-12-25,45,578.94,PT30M
2025-12-25,46,491.08,PT30M
2025-12-25,47,526.76,PT30M
2025-12-25,48,454.45,PT30M
2025-12-25,1,379.24,PT60M
2025-12-25,2,335.51,PT60M
2025-12-25,3,333.88,PT60M
2025-12-25,4,355.75,PT60M
2025-12-25,5,331.69,PT60M
2025-12-25,6,369.08,PT60M
2025-12-25,7,338.61,PT60M
2025-12-25,8,384.66,PT60M
2025-12-25,9,412.34,PT60M
2025-12-25,10,412.63,PT60M
2025-12-25,11,398.65,PT60M
2025-12-25,12,387.92,PT60M
2025-12-25,13,394.65,PT60M
2025-12-25,14,413.86,PT60M
2025-12-25,15,441.64,PT60M
2025-12-25,16,514.01,PT60M
2025-12-25,17,535.25,PT60M
2025-12-25,18,537.58,PT60M
2025-12-25,19,545.57,PT60M
2025-12-25,20,554.28,PT60M
2025-12-25,21,564.29,PT60M
2025-12-25,22,551.00,PT60M
2025-12-25,23,535.01,PT60M
2025-12-25,24,490.60,PT60M
2025-12-26,1,541.70,PT15M
2025-12-26,2,508.68,PT15M
2025-12-26,3,465.44,PT15M
2025-12-26,4,460.71,PT15M
2025-12-26,5,486.80,PT15M
2025-12-26,6,464.90,PT15M
2025-12-26,7,461.78,PT15M
2025-12-26,8,439.98,PT15M
2025-12-26,9,461.78,PT15M
2025-12-26,10,439.50,PT15M
2025-12-26,11,430.65,PT15M
2025-12-26,12,415.94,PT15M
2025-12-26,13,432.57,PT15M
2025-12-26,14,422.90,PT15M
2025-12-26,15,419.18,PT15M
2025-12-26,16,419.85,PT15M
2025-12-26,17,410.18,PT15M
2025-12-26,18,419.98,PT15M
2025-12-26,19,426.59,PT15M
2025-12-26,20,433.95,PT15M
2025-12-26,21,416.18,PT15M
2025-12-26,22,417.18,PT15M
2025-12-26,23,427.47,PT15M
2025-12-26,24,443.44,PT15M
2025-12-26,25,410.79,PT15M
2025-12-26,26,414.09,PT15M
2025-12-26,27,448.29,PT15M
2025-12-26,28,460.71,PT15M
2025-12-26,29,462.73,PT15M
2025-12-26,30,469.85,PT15M
2025-12-26,31,489.10,PT15M
2025-12-26,32,514.19,PT15M
2025-12-26,33,483.35,PT15M
2025-12-26,34,495.99,PT15M
2025-12-26,35,521.91,PT15M
2025-12-26,36,520.19,PT15M
2025-12-26,37,529.03,PT15M
2025-12-26,38,529.04,PT15M
2025-12-26,39,482.16,PT15M
2025-12-26,40,433.73,PT15M
2025-12-26,41,488.54,PT15M
2025-12-26,42,464.22,PT15M
2025-12-26,43,442.22,PT15M
2025-12-26,44,421.80,PT15M
2025-12-26,45,452.92,PT15M
2025-12-26,46,434.00,PT15M
2025-12-26,47,426.00,PT15M
2025-12-26,48,417.20,PT15M
2025-12-26,49,422.95,PT15M
2025-12-26,50,417.30,PT15M
2025-12-26,51,416.45,PT15M
2025-12-26,52,418.88,PT15M
2025-12-26,53,407.12,PT15M
2025-12-26,54,410.60,PT15M
2025-12-26,55,439.04,PT15M
2025-12-26,56,438.56,PT15M
2025-12-26,57,382.30,PT15M
2025-12-26,58,439.33,PT15M
2025-12-26,59,483.55,PT15M
2025-12-26,60,602.74,PT15M
2025-12-26,61,467.31,PT15M
2025-12-26,62,562.28,PT15M
2025-12-26,63,608.45,PT15M
2025-12-26,64,634.81,PT15M
2025-12-26,65,574.94,PT15M
2025-12-26,66,608.06,PT15M
2025-12-26,67,613.71,PT15M
2025-12-26,68,624.09,PT15M
2025-12-26,69,617.37,PT15M
2025-12-26,70,627.86,PT15M
2025-12-26,71,628.23,PT15M
2025-12-26,72,615.93,PT15M
2025-12-26,73,613.69,PT15M
2025-12-26,74,603.90,PT15M
2025-12-26,75,605.15,PT15M
2025-12-26,76,582.91,PT15M
2025-12-26,77,605.77,PT15M
2025-12-26,78,597.18,PT15M
2025-12-26,79,598.95,PT15M
2025-12-26,80,588.49,PT15M
2025-12-26,81,627.48,PT15M
2025-12-26,82,603.59,PT15M
2025-12-26,83,570.58,PT15M
2025-12-26,84,541.38,PT15M
2025-12-26,85,611.76,PT15M
2025-12-26,86,596.07,PT15M
2025-12-26,87,561.20,PT15M
2025-12-26,88,529.03,PT15M
2025-12-26,89,609.23,PT15M
2025-12-26,90,585.77,PT15M
2025-12-26,91,537.34,PT15M
2025-12-26,92,491.03,PT15M
2025-12-26,93,569.48,PT15M
2025-12-26,94,533.29,PT15M
2025-12-26,95,481.52,PT15M
2025-12-26,96,449.23,PT15M
2025-12-26,1,525.19,PT30M
2025-12-26,2,463.07,PT30M
2025-12-26,3,475.85,PT30M
2025-12-26,4,450.88,PT30M
2025-12-26,5,450.64,PT30M
2025-12-26,6,423.29,PT30M
2025-12-26,7,427.73,PT30M
2025-12-26,8,419.51,PT30M
2025-12-26,9,415.08,PT30M
2025-12-26,10,430.27,PT30M
2025-12-26,11,416.68,PT30M
2025-12-26,12,435.46,PT30M
2025-12-26,13,412.44,PT30M
2025-12-26,14,454.50,PT30M
2025-12-26,15,466.29,PT30M
2025-12-26,16,501.64,PT30M
2025-12-26,17,489.67,PT30M
2025-12-26,18,521.05,PT30M
2025-12-26,19,529.03,PT30M
2025-12-26,20,457.94,PT30M
2025-12-26,21,476.38,PT30M
2025-12-26,22,432.01,PT30M
2025-12-26,23,443.46,PT30M
2025-12-26,24,421.60,PT30M
2025-12-26,25,420.12,PT30M
2025-12-26,26,417.66,PT30M
2025-12-26,27,408.86,PT30M
2025-12-26,28,438.80,PT30M
2025-12-26,29,410.82,PT30M
2025-12-26,30,543.14,PT30M
2025-12-26,31,514.80,PT30M
2025-12-26,32,621.63,PT30M
2025-12-26,33,591.50,PT30M
2025-12-26,34,618.90,PT30M
2025-12-26,35,622.61,PT30M
2025-12-26,36,622.08,PT30M
2025-12-26,37,608.80,PT30M
2025-12-26,38,594.03,PT30M
2025-12-26,39,601.48,PT30M
2025-12-26,40,593.72,PT30M
2025-12-26,41,615.53,PT30M
2025-12-26,42,555.98,PT30M
2025-12-26,43,603.92,PT30M
2025-12-26,44,545.12,PT30M
2025-12-26,45,597.50,PT30M
2025-12-26,46,514.19,PT30M
2025-12-26,47,551.38,PT30M
2025-12-26,48,465.37,PT30M
2025-12-26,1,494.13,PT60M
2025-12-26,2,463.36,PT60M
2025-12-26,3,436.96,PT60M
2025-12-26,4,423.62,PT60M
2025-12-26,5,422.68,PT60M
2025-12-26,6,426.07,PT60M
2025-12-26,7,433.47,PT60M
2025-12-26,8,483.97,PT60M
2025-12-26,9,505.36,PT60M
2025-12-26,10,493.49,PT60M
2025-12-26,11,454.19,PT60M
2025-12-26,12,432.53,PT60M
2025-12-26,13,418.89,PT60M
2025-12-26,14,423.83,PT60M
2025-12-26,15,476.98,PT60M
2025-12-26,16,568.21,PT60M
2025-12-26,17,605.20,PT60M
2025-12-26,18,622.35,PT60M
2025-12-26,19,601.41,PT60M
2025-12-26,20,597.60,PT60M
2025-12-26,21,585.76,PT60M
2025-12-26,22,574.52,PT60M
2025-12-26,23,555.84,PT60M
2025-12-26,24,508.38,PT60M
2025-12-27,1,527.94,PT15M
2025-12-27,2,506.76,PT15M
2025-12-27,3,480.11,PT15M
2025-12-27,4,459.34,PT15M
2025-12-27,5,525.04,PT15M
2025-12-27,6,464.92,PT15M
2025-12-27,7,451.57,PT15M
2025-12-27,8,430.56,PT15M
2025-12-27,9,450.94,PT15M
2025-12-27,10,436.38,PT15M
2025-12-27,11,428.43,PT15M
2025-12-27,12,414.13,PT15M
2025-12-27,13,436.62,PT15M
2025-12-27,14,427.20,PT15M
2025-12-27,15,423.25,PT15M
2025-12-27,16,412.67,PT15M
2025-12-27,17,433.17,PT15M
2025-12-27,18,434.30,PT15M
2025-12-27,19,431.75,PT15M
2025-12-27,20,430.48,PT15M
2025-12-27,21,407.74,PT15M
2025-12-27,22,419.92,PT15M
2025-12-27,23,427.16,PT15M
2025-12-27,24,457.16,PT15M
2025-12-27,25,397.95,PT15M
2025-12-27,26,440.58,PT15M
2025-12-27,27,469.71,PT15M
2025-12-27,28,509.68,PT15M
2025-12-27,29,483.00,PT15M
2025-12-27,30,500.47,PT15M
2025-12-27,31,534.75,PT15M
2025-12-27,32,545.28,PT15M
2025-12-27,33,541.37,PT15M
2025-12-27,34,540.26,PT15M
2025-12-27,35,536.34,PT15M
2025-12-27,36,486.71,PT15M
2025-12-27,37,556.69,PT15M
2025-12-27,38,529.02,PT15M
2025-12-27,39,447.00,PT15M
2025-12-27,40,381.17,PT15M
2025-12-27,41,522.57,PT15M
2025-12-27,42,395.14,PT15M
2025-12-27,43,362.09,PT15M
2025-12-27,44,352.52,PT15M
2025-12-27,45,397.33,PT15M
2025-12-27,46,393.40,PT15M
2025-12-27,47,384.49,PT15M
2025-12-27,48,363.57,PT15M
2025-12-27,49,397.41,PT15M
2025-12-27,50,362.44,PT15M
2025-12-27,51,378.75,PT15M
2025-12-27,52,382.04,PT15M
2025-12-27,53,364.79,PT15M
2025-12-27,54,390.23,PT15M
2025-12-27,55,419.42,PT15M
2025-12-27,56,460.31,PT15M
2025-12-27,57,352.37,PT15M
2025-12-27,58,440.01,PT15M
2025-12-27,59,521.40,PT15M
2025-12-27,60,569.95,PT15M
2025-12-27,61,459.24,PT15M
2025-12-27,62,521.77,PT15M
2025-12-27,63,563.90,PT15M
2025-12-27,64,698.93,PT15M
2025-12-27,65,556.40,PT15M
2025-12-27,66,597.58,PT15M
2025-12-27,67,644.09,PT15M
2025-12-27,68,622.32,PT15M
2025-12-27,69,639.76,PT15M
2025-12-27,70,641.93,PT15M
2025-12-27,71,597.28,PT15M
2025-12-27,72,630.96,PT15M
2025-12-27,73,665.31,PT15M
2025-12-27,74,659.92,PT15M
2025-12-27,75,597.98,PT15M
2025-12-27,76,633.58,PT15M
2025-12-27,77,660.54,PT15M
2025-12-27,78,693.79,PT15M
2025-12-27,79,626.47,PT15M
2025-12-27,80,650.68,PT15M
2025-12-27,81,773.94,PT15M
2025-12-27,82,710.74,PT15M
2025-12-27,83,580.65,PT15M
2025-12-27,84,529.04,PT15M
2025-12-27,85,571.59,PT15M
2025-12-27,86,554.10,PT15M
2025-12-27,87,544.79,PT15M
2025-12-27,88,529.01,PT15M
2025-12-27,89,553.27,PT15M
2025-12-27,90,529.01,PT15M
2025-12-27,91,488.14,PT15M
2025-12-27,92,473.02,PT15M
2025-12-27,93,529.05,PT15M
2025-12-27,94,488.84,PT15M
2025-12-27,95,463.08,PT15M
2025-12-27,96,432.67,PT15M
2025-12-27,1,517.35,PT30M
2025-12-27,2,469.72,PT30M
2025-12-27,3,494.98,PT30M
2025-12-27,4,441.06,PT30M
2025-12-27,5,443.66,PT30M
2025-12-27,6,421.28,PT30M
2025-12-27,7,431.91,PT30M
2025-12-27,8,417.96,PT30M
2025-12-27,9,433.74,PT30M
2025-12-27,10,431.12,PT30M
2025-12-27,11,413.83,PT30M
2025-12-27,12,442.16,PT30M
2025-12-27,13,419.27,PT30M
2025-12-27,14,489.69,PT30M
2025-12-27,15,491.74,PT30M
2025-12-27,16,540.01,PT30M
2025-12-27,17,540.82,PT30M
2025-12-27,18,511.52,PT30M
2025-12-27,19,542.86,PT30M
2025-12-27,20,414.09,PT30M
2025-12-27,21,458.86,PT30M
2025-12-27,22,357.30,PT30M
2025-12-27,23,395.36,PT30M
2025-12-27,24,374.03,PT30M
2025-12-27,25,379.93,PT30M
2025-12-27,26,380.40,PT30M
2025-12-27,27,377.51,PT30M
2025-12-27,28,439.87,PT30M
2025-12-27,29,396.19,PT30M
2025-12-27,30,545.68,PT30M
2025-12-27,31,490.51,PT30M
2025-12-27,32,631.42,PT30M
2025-12-27,33,576.99,PT30M
2025-12-27,34,633.21,PT30M
2025-12-27,35,640.84,PT30M
2025-12-27,36,614.12,PT30M
2025-12-27,37,662.61,PT30M
2025-12-27,38,615.78,PT30M
2025-12-27,39,677.16,PT30M
2025-12-27,40,638.57,PT30M
2025-12-27,41,742.34,PT30M
2025-12-27,42,554.85,PT30M
2025-12-27,43,562.84,PT30M
2025-12-27,44,536.90,PT30M
2025-12-27,45,541.14,PT30M
2025-12-27,46,480.58,PT30M
2025-12-27,47,508.94,PT30M
2025-12-27,48,447.88,PT30M
2025-12-27,1,493.54,PT60M
2025-12-27,2,468.02,PT60M
2025-12-27,3,432.47,PT60M
2025-12-27,4,424.94,PT60M
2025-12-27,5,432.43,PT60M
2025-12-27,6,427.99,PT60M
2025-12-27,7,454.48,PT60M
2025-12-27,8,515.88,PT60M
2025-12-27,9,526.17,PT60M
2025-12-27,10,478.47,PT60M
2025-12-27,11,408.08,PT60M
2025-12-27,12,384.70,PT60M
2025-12-27,13,380.16,PT60M
2025-12-27,14,408.69,PT60M
2025-12-27,15,470.93,PT60M
2025-12-27,16,560.96,PT60M
2025-12-27,17,605.10,PT60M
2025-12-27,18,627.48,PT60M
2025-12-27,19,639.20,PT60M
2025-12-27,20,657.87,PT60M
2025-12-27,21,648.59,PT60M
2025-12-27,22,549.87,PT60M
2025-12-27,23,510.86,PT60M
2025-12-27,24,478.41,PT60M
2025-12-28,1,529.81,PT15M
2025-12-28,2,482.81,PT15M
2025-12-28,3,442.14,PT15M
2025-12-28,4,402.64,PT15M
2025-12-28,5,464.20,PT15M
2025-12-28,6,435.33,PT15M
2025-12-28,7,436.63,PT15M
2025-12-28,8,426.84,PT15M
2025-12-28,9,445.49,PT15M
2025-12-28,10,423.39,PT15M
2025-12-28,11,421.47,PT15M
2025-12-28,12,422.40,PT15M
2025-12-28,13,420.30,PT15M
2025-12-28,14,412.88,PT15M
2025-12-28,15,423.62,PT15M
2025-12-28,16,424.62,PT15M
2025-12-28,17,416.25,PT15M
2025-12-28,18,420.58,PT15M
2025-12-28,19,425.26,PT15M
2025-12-28,20,435.18,PT15M
2025-12-28,21,424.51,PT15M
2025-12-28,22,429.06,PT15M
2025-12-28,23,438.30,PT15M
2025-12-28,24,467.75,PT15M
2025-12-28,25,416.60,PT15M
2025-12-28,26,437.15,PT15M
2025-12-28,27,459.33,PT15M
2025-12-28,28,492.90,PT15M
2025-12-28,29,457.29,PT15M
2025-12-28,30,471.81,PT15M
2025-12-28,31,495.45,PT15M
2025-12-28,32,529.01,PT15M
2025-12-28,33,480.06,PT15M
2025-12-28,34,504.19,PT15M
2025-12-28,35,513.87,PT15M
2025-12-28,36,508.61,PT15M
2025-12-28,37,502.47,PT15M
2025-12-28,38,478.99,PT15M
2025-12-28,39,458.64,PT15M
2025-12-28,40,386.78,PT15M
2025-12-28,41,513.65,PT15M
2025-12-28,42,458.16,PT15M
2025-12-28,43,425.87,PT15M
2025-12-28,44,411.13,PT15M
2025-12-28,45,405.45,PT15M
2025-12-28,46,399.07,PT15M
2025-12-28,47,398.87,PT15M
2025-12-28,48,382.13,PT15M
2025-12-28,49,421.80,PT15M
2025-12-28,50,400.71,PT15M
2025-12-28,51,404.83,PT15M
2025-12-28,52,402.48,PT15M
2025-12-28,53,389.82,PT15M
2025-12-28,54,395.51,PT15M
2025-12-28,55,415.12,PT15M
2025-12-28,56,434.47,PT15M
2025-12-28,57,409.03,PT15M
2025-12-28,58,418.54,PT15M
2025-12-28,59,447.58,PT15M
2025-12-28,60,501.28,PT15M
2025-12-28,61,447.99,PT15M
2025-12-28,62,494.00,PT15M
2025-12-28,63,576.14,PT15M
2025-12-28,64,560.22,PT15M
2025-12-28,65,529.28,PT15M
2025-12-28,66,572.86,PT15M
2025-12-28,67,589.22,PT15M
2025-12-28,68,595.14,PT15M
2025-12-28,69,576.50,PT15M
2025-12-28,70,589.40,PT15M
2025-12-28,71,585.84,PT15M
2025-12-28,72,584.17,PT15M
2025-12-28,73,623.96,PT15M
2025-12-28,74,595.51,PT15M
2025-12-28,75,580.91,PT15M
2025-12-28,76,548.49,PT15M
2025-12-28,77,591.71,PT15M
2025-12-28,78,563.34,PT15M
2025-12-28,79,548.82,PT15M
2025-12-28,80,538.23,PT15M
2025-12-28,81,551.85,PT15M
2025-12-28,82,544.53,PT15M
2025-12-28,83,527.53,PT15M
2025-12-28,84,513.68,PT15M
2025-12-28,85,514.39,PT15M
2025-12-28,86,508.95,PT15M
2025-12-28,87,504.01,PT15M
2025-12-28,88,488.45,PT15M
2025-12-28,89,508.95,PT15M
2025-12-28,90,502.28,PT15M
2025-12-28,91,499.84,PT15M
2025-12-28,92,489.56,PT15M
2025-12-28,93,497.40,PT15M
2025-12-28,94,463.35,PT15M
2025-12-28,95,441.44,PT15M
2025-12-28,96,422.30,PT15M
2025-12-28,1,506.31,PT30M
2025-12-28,2,422.39,PT30M
2025-12-28,3,449.77,PT30M
2025-12-28,4,431.73,PT30M
2025-12-28,5,434.44,PT30M
2025-12-28,6,421.94,PT30M
2025-12-28,7,416.59,PT30M
2025-12-28,8,424.12,PT30M
2025-12-28,9,418.42,PT30M
2025-12-28,10,430.22,PT30M
2025-12-28,11,426.79,PT30M
2025-12-28,12,453.02,PT30M
2025-12-28,13,426.88,PT30M
2025-12-28,14,476.12,PT30M
2025-12-28,15,464.55,PT30M
2025-12-28,16,512.23,PT30M
2025-12-28,17,492.13,PT30M
2025-12-28,18,511.24,PT30M
2025-12-28,19,490.73,PT30M
2025-12-28,20,422.71,PT30M
2025-12-28,21,485.90,PT30M
2025-12-28,22,418.50,PT30M
2025-12-28,23,402.26,PT30M
2025-12-28,24,390.50,PT30M
2025-12-28,25,411.26,PT30M
2025-12-28,26,403.65,PT30M
2025-12-28,27,392.66,PT30M
2025-12-28,28,424.79,PT30M
2025-12-28,29,413.78,PT30M
2025-12-28,30,474.43,PT30M
2025-12-28,31,471.00,PT30M
2025-12-28,32,568.18,PT30M
2025-12-28,33,551.07,PT30M
2025-12-28,34,592.18,PT30M
2025-12-28,35,582.95,PT30M
2025-12-28,36,585.00,PT30M
2025-12-28,37,609.73,PT30M
2025-12-28,38,564.70,PT30M
2025-12-28,39,577.53,PT30M
2025-12-28,40,543.53,PT30M
2025-12-28,41,548.19,PT30M
2025-12-28,42,520.60,PT30M
2025-12-28,43,511.67,PT30M
2025-12-28,44,496.23,PT30M
2025-12-28,45,505.62,PT30M
2025-12-28,46,494.70,PT30M
2025-12-28,47,480.38,PT30M
2025-12-28,48,431.87,PT30M
2025-12-28,1,464.35,PT60M
2025-12-28,2,440.75,PT60M
2025-12-28,3,428.19,PT60M
2025-12-28,4,420.36,PT60M
2025-12-28,5,424.32,PT60M
2025-12-28,6,439.91,PT60M
2025-12-28,7,451.50,PT60M
2025-12-28,8,488.39,PT60M
2025-12-28,9,501.68,PT60M
2025-12-28,10,456.72,PT60M
2025-12-28,11,452.20,PT60M
2025-12-28,12,396.38,PT60M
2025-12-28,13,407.45,PT60M
2025-12-28,14,408.73,PT60M
2025-12-28,15,444.11,PT60M
2025-12-28,16,519.59,PT60M
2025-12-28,17,571.63,PT60M
2025-12-28,18,583.98,PT60M
2025-12-28,19,587.22,PT60M
2025-12-28,20,560.53,PT60M
2025-12-28,21,534.40,PT60M
2025-12-28,22,503.95,PT60M
2025-12-28,23,500.16,PT60M
2025-12-28,24,456.12,PT60M
2025-12-29,1,521.16,PT15M
2025-12-29,2,481.87,PT15M
2025-12-29,3,432.63,PT15M
2025-12-29,4,402.38,PT15M
2025-12-29,5,470.43,PT15M
2025-12-29,6,422.88,PT15M
2025-12-29,7,438.59,PT15M
2025-12-29,8,437.61,PT15M
2025-12-29,9,457.48,PT15M
2025-12-29,10,434.00,PT15M
2025-12-29,11,414.65,PT15M
2025-12-29,12,419.00,PT15M
2025-12-29,13,429.38,PT15M
2025-12-29,14,417.28,PT15M
2025-12-29,15,412.47,PT15M
2025-12-29,16,413.88,PT15M
2025-12-29,17,415.61,PT15M
2025-12-29,18,414.75,PT15M
2025-12-29,19,431.49,PT15M
2025-12-29,20,448.32,PT15M
2025-12-29,21,430.88,PT15M
2025-12-29,22,452.92,PT15M
2025-12-29,23,468.19,PT15M
2025-12-29,24,496.18,PT15M
2025-12-29,25,446.02,PT15M
2025-12-29,26,484.32,PT15M
2025-12-29,27,495.14,PT15M
2025-12-29,28,535.46,PT15M
2025-12-29,29,564.14,PT15M
2025-12-29,30,538.69,PT15M
2025-12-29,31,542.56,PT15M
2025-12-29,32,558.62,PT15M
2025-12-29,33,606.51,PT15M
2025-12-29,34,579.29,PT15M
2025-12-29,35,572.51,PT15M
2025-12-29,36,559.79,PT15M
2025-12-29,37,610.93,PT15M
2025-12-29,38,571.27,PT15M
2025-12-29,39,556.20,PT15M
2025-12-29,40,465.59,PT15M
2025-12-29,41,545.00,PT15M
2025-12-29,42,529.00,PT15M
2025-12-29,43,482.05,PT15M
2025-12-29,44,428.07,PT15M
2025-12-29,45,483.91,PT15M
2025-12-29,46,374.98,PT15M
2025-12-29,47,464.27,PT15M
2025-12-29,48,447.83,PT15M
2025-12-29,49,443.64,PT15M
2025-12-29,50,439.75,PT15M
2025-12-29,51,447.67,PT15M
2025-12-29,52,450.72,PT15M
2025-12-29,53,421.71,PT15M
2025-12-29,54,449.77,PT15M
2025-12-29,55,446.84,PT15M
2025-12-29,56,464.27,PT15M
2025-12-29,57,459.92,PT15M
2025-12-29,58,479.73,PT15M
2025-12-29,59,529.87,PT15M
2025-12-29,60,649.85,PT15M
2025-12-29,61,495.93,PT15M
2025-12-29,62,536.92,PT15M
2025-12-29,63,704.18,PT15M
2025-12-29,64,807.46,PT15M
2025-12-29,65,686.37,PT15M
2025-12-29,66,788.13,PT15M
2025-12-29,67,806.74,PT15M
2025-12-29,68,807.23,PT15M
2025-12-29,69,780.98,PT15M
2025-12-29,70,720.55,PT15M
2025-12-29,71,711.48,PT15M
2025-12-29,72,739.83,PT15M
2025-12-29,73,758.92,PT15M
2025-12-29,74,739.59,PT15M
2025-12-29,75,706.86,PT15M
2025-12-29,76,732.71,PT15M
2025-12-29,77,818.87,PT15M
2025-12-29,78,737.06,PT15M
2025-12-29,79,785.64,PT15M
2025-12-29,80,650.56,PT15M
2025-12-29,81,773.83,PT15M
2025-12-29,82,658.47,PT15M
2025-12-29,83,607.09,PT15M
2025-12-29,84,519.36,PT15M
2025-12-29,85,695.19,PT15M
2025-12-29,86,601.39,PT15M
2025-12-29,87,649.79,PT15M
2025-12-29,88,529.02,PT15M
2025-12-29,89,729.15,PT15M
2025-12-29,90,580.06,PT15M
2025-12-29,91,529.01,PT15M
2025-12-29,92,490.51,PT15M
2025-12-29,93,500.27,PT15M
2025-12-29,94,466.01,PT15M
2025-12-29,95,444.86,PT15M
2025-12-29,96,422.07,PT15M
2025-12-29,1,501.51,PT30M
2025-12-29,2,417.50,PT30M
2025-12-29,3,446.66,PT30M
2025-12-29,4,438.10,PT30M
2025-12-29,5,445.74,PT30M
2025-12-29,6,416.82,PT30M
2025-12-29,7,423.33,PT30M
2025-12-29,8,413.18,PT30M
2025-12-29,9,415.18,PT30M
2025-12-29,10,439.90,PT30M
2025-12-29,11,441.90,PT30M
2025-12-29,12,482.18,PT30M
2025-12-29,13,465.17,PT30M
2025-12-29,14,515.30,PT30M
2025-12-29,15,551.41,PT30M
2025-12-29,16,550.59,PT30M
2025-12-29,17,592.90,PT30M
2025-12-29,18,566.15,PT30M
2025-12-29,19,591.10,PT30M
2025-12-29,20,510.90,PT30M
2025-12-29,21,537.00,PT30M
2025-12-29,22,455.06,PT30M
2025-12-29,23,429.44,PT30M
2025-12-29,24,456.05,PT30M
2025-12-29,25,441.69,PT30M
2025-12-29,26,449.19,PT30M
2025-12-29,27,435.74,PT30M
2025-12-29,28,455.56,PT30M
2025-12-29,29,469.83,PT30M
2025-12-29,30,589.86,PT30M
2025-12-29,31,516.43,PT30M
2025-12-29,32,755.82,PT30M
2025-12-29,33,737.25,PT30M
2025-12-29,34,806.98,PT30M
2025-12-29,35,750.77,PT30M
2025-12-29,36,725.65,PT30M
2025-12-29,37,749.26,PT30M
2025-12-29,38,719.79,PT30M
2025-12-29,39,777.97,PT30M
2025-12-29,40,718.10,PT30M
2025-12-29,41,716.15,PT30M
2025-12-29,42,563.23,PT30M
2025-12-29,43,648.29,PT30M
2025-12-29,44,589.41,PT30M
2025-12-29,45,654.60,PT30M
2025-12-29,46,509.76,PT30M
2025-12-29,47,483.14,PT30M
2025-12-29,48,433.46,PT30M
2025-12-29,1,459.51,PT60M
2025-12-29,2,442.38,PT60M
2025-12-29,3,431.28,PT60M
2025-12-29,4,418.26,PT60M
2025-12-29,5,427.54,PT60M
2025-12-29,6,462.04,PT60M
2025-12-29,7,490.23,PT60M
2025-12-29,8,551.00,PT60M
2025-12-29,9,579.53,PT60M
2025-12-29,10,551.00,PT60M
2025-12-29,11,496.03,PT60M
2025-12-29,12,442.75,PT60M
2025-12-29,13,445.44,PT60M
2025-12-29,14,445.65,PT60M
2025-12-29,15,529.84,PT60M
2025-12-29,16,636.13,PT60M
2025-12-29,17,772.12,PT60M
2025-12-29,18,738.21,PT60M
2025-12-29,19,734.52,PT60M
2025-12-29,20,748.03,PT60M
2025-12-29,21,639.69,PT60M
2025-12-29,22,618.85,PT60M
2025-12-29,23,582.18,PT60M
2025-12-29,24,458.30,PT60M
2025-12-30,1,529.00,PT15M
2025-12-30,2,473.35,PT15M
2025-12-30,3,468.13,PT15M
2025-12-30,4,457.28,PT15M
2025-12-30,5,415.95,PT15M
2025-12-30,6,411.40,PT15M
2025-12-30,7,407.12,PT15M
2025-12-30,8,427.10,PT15M
2025-12-30,9,408.11,PT15M
2025-12-30,10,406.01,PT15M
2025-12-30,11,389.74,PT15M
2025-12-30,12,385.70,PT15M
2025-12-30,13,388.44,PT15M
2025-12-30,14,382.95,PT15M
2025-12-30,15,368.89,PT15M
2025-12-30,16,361.14,PT15M
2025-12-30,17,397.75,PT15M
2025-12-30,18,388.79,PT15M
2025-12-30,19,382.77,PT15M
2025-12-30,20,399.55,PT15M
2025-12-30,21,417.86,PT15M
2025-12-30,22,440.86,PT15M
2025-12-30,23,484.38,PT15M
2025-12-30,24,529.05,PT15M
2025-12-30,25,487.07,PT15M
2025-12-30,26,529.03,PT15M
2025-12-30,27,529.03,PT15M
2025-12-30,28,589.25,PT15M
2025-12-30,29,630.53,PT15M
2025-12-30,30,590.93,PT15M
2025-12-30,31,498.64,PT15M
2025-12-30,32,483.89,PT15M
2025-12-30,33,474.19,PT15M
2025-12-30,34,503.81,PT15M
2025-12-30,35,485.25,PT15M
2025-12-30,36,468.10,PT15M
2025-12-30,37,532.32,PT15M
2025-12-30,38,508.25,PT15M
2025-12-30,39,476.08,PT15M
2025-12-30,40,404.85,PT15M
2025-12-30,41,492.26,PT15M
2025-12-30,42,439.38,PT15M
2025-12-30,43,412.92,PT15M
2025-12-30,44,402.39,PT15M
2025-12-30,45,414.24,PT15M
2025-12-30,46,408.29,PT15M
2025-12-30,47,402.03,PT15M
2025-12-30,48,391.32,PT15M
2025-12-30,49,401.87,PT15M
2025-12-30,50,391.81,PT15M
2025-12-30,51,387.33,PT15M
2025-12-30,52,369.21,PT15M
2025-12-30,53,370.63,PT15M
2025-12-30,54,380.45,PT15M
2025-12-30,55,382.17,PT15M
2025-12-30,56,435.07,PT15M
2025-12-30,57,364.65,PT15M
2025-12-30,58,445.57,PT15M
2025-12-30,59,483.92,PT15M
2025-12-30,60,542.12,PT15M
2025-12-30,61,468.07,PT15M
2025-12-30,62,499.72,PT15M
2025-12-30,63,574.54,PT15M
2025-12-30,64,719.08,PT15M
2025-12-30,65,601.90,PT15M
2025-12-30,66,558.14,PT15M
2025-12-30,67,557.84,PT15M
2025-12-30,68,684.13,PT15M
2025-12-30,69,620.05,PT15M
2025-12-30,70,609.76,PT15M
2025-12-30,71,586.10,PT15M
2025-12-30,72,671.80,PT15M
2025-12-30,73,596.18,PT15M
2025-12-30,74,676.74,PT15M
2025-12-30,75,611.68,PT15M
2025-12-30,76,614.46,PT15M
2025-12-30,77,668.90,PT15M
2025-12-30,78,680.73,PT15M
2025-12-30,79,645.74,PT15M
2025-12-30,80,673.76,PT15M
2025-12-30,81,664.45,PT15M
2025-12-30,82,657.15,PT15M
2025-12-30,83,598.57,PT15M
2025-12-30,84,529.02,PT15M
2025-12-30,85,609.77,PT15M
2025-12-30,86,529.02,PT15M
2025-12-30,87,620.35,PT15M
2025-12-30,88,529.01,PT15M
2025-12-30,89,750.34,PT15M
2025-12-30,90,529.04,PT15M
2025-12-30,91,477.75,PT15M
2025-12-30,92,470.84,PT15M
2025-12-30,93,482.72,PT15M
2025-12-30,94,450.10,PT15M
2025-12-30,95,418.29,PT15M
2025-12-30,96,399.04,PT15M
2025-12-30,1,501.18,PT30M
2025-12-30,2,462.70,PT30M
2025-12-30,3,413.68,PT30M
2025-12-30,4,417.11,PT30M
2025-12-30,5,407.06,PT30M
2025-12-30,6,387.72,PT30M
2025-12-30,7,385.69,PT30M
2025-12-30,8,365.01,PT30M
2025-12-30,9,393.27,PT30M
2025-12-30,10,391.16,PT30M
2025-12-30,11,429.36,PT30M
2025-12-30,12,506.72,PT30M
2025-12-30,13,508.05,PT30M
2025-12-30,14,559.14,PT30M
2025-12-30,15,610.73,PT30M
2025-12-30,16,491.27,PT30M
2025-12-30,17,489.00,PT30M
2025-12-30,18,476.67,PT30M
2025-12-30,19,520.29,PT30M
2025-12-30,20,440.46,PT30M
2025-12-30,21,465.82,PT30M
2025-12-30,22,407.65,PT30M
2025-12-30,23,411.27,PT30M
2025-12-30,24,396.67,PT30M
2025-12-30,25,396.84,PT30M
2025-12-30,26,378.27,PT30M
2025-12-30,27,375.54,PT30M
2025-12-30,28,408.62,PT30M
2025-12-30,29,405.11,PT30M
2025-12-30,30,513.02,PT30M
2025-12-30,31,483.89,PT30M
2025-12-30,32,646.81,PT30M
2025-12-30,33,580.02,PT30M
2025-12-30,34,620.99,PT30M
2025-12-30,35,614.91,PT30M
2025-12-30,36,628.95,PT30M
2025-12-30,37,636.46,PT30M
2025-12-30,38,613.07,PT30M
2025-12-30,39,674.81,PT30M
2025-12-30,40,659.75,PT30M
2025-12-30,41,660.80,PT30M
2025-12-30,42,563.79,PT30M
2025-12-30,43,569.40,PT30M
2025-12-30,44,574.68,PT30M
2025-12-30,45,639.69,PT30M
2025-12-30,46,474.29,PT30M
2025-12-30,47,466.41,PT30M
2025-12-30,48,408.67,PT30M
2025-12-30,1,481.94,PT60M
2025-12-30,2,415.39,PT60M
2025-12-30,3,397.39,PT60M
2025-12-30,4,375.35,PT60M
2025-12-30,5,392.22,PT60M
2025-12-30,6,468.04,PT60M
2025-12-30,7,533.59,PT60M
2025-12-30,8,551.00,PT60M
2025-12-30,9,482.84,PT60M
2025-12-30,10,480.38,PT60M
2025-12-30,11,436.74,PT60M
2025-12-30,12,403.97,PT60M
2025-12-30,13,387.55,PT60M
2025-12-30,14,392.08,PT60M
2025-12-30,15,459.07,PT60M
2025-12-30,16,565.35,PT60M
2025-12-30,17,600.50,PT60M
2025-12-30,18,621.93,PT60M
2025-12-30,19,624.76,PT60M
2025-12-30,20,667.28,PT60M
2025-12-30,21,612.30,PT60M
2025-12-30,22,572.04,PT60M
2025-12-30,23,556.99,PT60M
2025-12-30,24,437.54,PT60M
2025-12-31,1,483.06,PT15M
2025-12-31,2,459.85,PT15M
2025-12-31,3,438.88,PT15M
2025-12-31,4,419.71,PT15M
2025-12-31,5,458.82,PT15M
2025-12-31,6,425.09,PT15M
2025-12-31,7,422.48,PT15M
2025-12-31,8,419.07,PT15M
2025-12-31,9,425.37,PT15M
2025-12-31,10,412.74,PT15M
2025-12-31,11,404.12,PT15M
2025-12-31,12,392.07,PT15M
2025-12-31,13,407.35,PT15M
2025-12-31,14,387.94,PT15M
2025-12-31,15,382.04,PT15M
2025-12-31,16,382.41,PT15M
2025-12-31,17,378.91,PT15M
2025-12-31,18,381.95,PT15M
2025-12-31,19,380.42,PT15M
2025-12-31,20,384.96,PT15M
2025-12-31,21,382.18,PT15M
2025-12-31,22,385.07,PT15M
2025-12-31,23,397.68,PT15M
2025-12-31,24,411.14,PT15M
2025-12-31,25,396.24,PT15M
2025-12-31,26,419.38,PT15M
2025-12-31,27,422.24,PT15M
2025-12-31,28,431.13,PT15M
2025-12-31,29,431.99,PT15M
2025-12-31,30,437.67,PT15M
2025-12-31,31,448.54,PT15M
2025-12-31,32,470.06,PT15M
2025-12-31,33,483.29,PT15M
2025-12-31,34,501.01,PT15M
2025-12-31,35,494.37,PT15M
2025-12-31,36,493.47,PT15M
2025-12-31,37,529.35,PT15M
2025-12-31,38,510.53,PT15M
2025-12-31,39,481.14,PT15M
2025-12-31,40,433.25,PT15M
2025-12-31,41,499.79,PT15M
2025-12-31,42,457.37,PT15M
2025-12-31,43,444.22,PT15M
2025-12-31,44,421.33,PT15M
2025-12-31,45,447.73,PT15M
2025-12-31,46,427.36,PT15M
2025-12-31,47,417.83,PT15M
2025-12-31,48,407.36,PT15M
2025-12-31,49,424.15,PT15M
2025-12-31,50,417.56,PT15M
2025-12-31,51,417.54,PT15M
2025-12-31,52,432.26,PT15M
2025-12-31,53,423.15,PT15M
2025-12-31,54,428.46,PT15M
2025-12-31,55,432.82,PT15M
2025-12-31,56,450.35,PT15M
2025-12-31,57,432.85,PT15M
2025-12-31,58,469.95,PT15M
2025-12-31,59,500.74,PT15M
2025-12-31,60,632.26,PT15M
2025-12-31,61,500.60,PT15M
2025-12-31,62,561.01,PT15M
2025-12-31,63,622.46,PT15M
2025-12-31,64,854.84,PT15M
2025-12-31,65,825.31,PT15M
2025-12-31,66,884.07,PT15M
2025-12-31,67,922.11,PT15M
2025-12-31,68,928.27,PT15M
2025-12-31,69,815.19,PT15M
2025-12-31,70,732.74,PT15M
2025-12-31,71,694.86,PT15M
2025-12-31,72,703.45,PT15M
2025-12-31,73,886.15,PT15M
2025-12-31,74,711.48,PT15M
2025-12-31,75,669.09,PT15M
2025-12-31,76,608.12,PT15M
2025-12-31,77,680.10,PT15M
2025-12-31,78,627.84,PT15M
2025-12-31,79,616.32,PT15M
2025-12-31,80,540.28,PT15M
2025-12-31,81,676.73,PT15M
2025-12-31,82,616.30,PT15M
2025-12-31,83,532.66,PT15M
2025-12-31,84,489.49,PT15M
2025-12-31,85,637.12,PT15M
2025-12-31,86,593.79,PT15M
2025-12-31,87,534.66,PT15M
2025-12-31,88,499.35,PT15M
2025-12-31,89,617.88,PT15M
2025-12-31,90,588.11,PT15M
2025-12-31,91,522.69,PT15M
2025-12-31,92,471.11,PT15M
2025-12-31,93,519.00,PT15M
2025-12-31,94,464.91,PT15M
2025-12-31,95,436.14,PT15M
2025-12-31,96,407.58,PT15M
2025-12-31,1,471.45,PT30M
2025-12-31,2,429.30,PT30M
2025-12-31,3,441.96,PT30M
2025-12-31,4,420.78,PT30M
2025-12-31,5,419.06,PT30M
2025-12-31,6,398.09,PT30M
2025-12-31,7,397.64,PT30M
2025-12-31,8,382.23,PT30M
2025-12-31,9,380.43,PT30M
2025-12-31,10,382.69,PT30M
2025-12-31,11,383.62,PT30M
2025-12-31,12,404.41,PT30M
2025-12-31,13,407.81,PT30M
2025-12-31,14,426.69,PT30M
2025-12-31,15,434.83,PT30M
2025-12-31,16,459.30,PT30M
2025-12-31,17,492.15,PT30M
2025-12-31,18,493.92,PT30M
2025-12-31,19,519.94,PT30M
2025-12-31,20,457.19,PT30M
2025-12-31,21,478.58,PT30M
2025-12-31,22,432.77,PT30M
2025-12-31,23,437.54,PT30M
2025-12-31,24,412.59,PT30M
2025-12-31,25,420.86,PT30M
2025-12-31,26,424.90,PT30M
2025-12-31,27,425.80,PT30M
2025-12-31,28,441.58,PT30M
2025-12-31,29,451.40,PT30M
2025-12-31,30,566.50,PT30M
2025-12-31,31,530.80,PT30M
2025-12-31,32,738.65,PT30M
2025-12-31,33,854.69,PT30M
2025-12-31,34,925.19,PT30M
2025-12-31,35,773.96,PT30M
2025-12-31,36,699.15,PT30M
2025-12-31,37,798.82,PT30M
2025-12-31,38,638.60,PT30M
2025-12-31,39,653.97,PT30M
2025-12-31,40,578.30,PT30M
2025-12-31,41,646.52,PT30M
2025-12-31,42,511.07,PT30M
2025-12-31,43,615.45,PT30M
2025-12-31,44,517.01,PT30M
2025-12-31,45,602.99,PT30M
2025-12-31,46,496.90,PT30M
2025-12-31,47,491.96,PT30M
2025-12-31,48,421.86,PT30M
2025-12-31,1,450.37,PT60M
2025-12-31,2,431.37,PT60M
2025-12-31,3,408.58,PT60M
2025-12-31,4,389.93,PT60M
2025-12-31,5,381.56,PT60M
2025-12-31,6,394.02,PT60M
2025-12-31,7,417.25,PT60M
2025-12-31,8,447.07,PT60M
2025-12-31,9,493.03,PT60M
2025-12-31,10,488.57,PT60M
2025-12-31,11,455.68,PT60M
2025-12-31,12,425.07,PT60M
2025-12-31,13,422.88,PT60M
2025-12-31,14,433.69,PT60M
2025-12-31,15,508.95,PT60M
2025-12-31,16,634.73,PT60M
2025-12-31,17,889.94,PT60M
2025-12-31,18,736.56,PT60M
2025-12-31,19,718.71,PT60M
2025-12-31,20,616.13,PT60M
2025-12-31,21,578.79,PT60M
2025-12-31,22,566.23,PT60M
2025-12-31,23,549.95,PT60M
2025-12-31,24,456.91,PT60M
